3 123 16796
3 132 16796
3 213 16796
3 231 16796
3 312 16796
3 321 16796
4 1234 586590
4 1243 586590
4 1324 591950
4 1342 555662
4 1423 555662
4 1432 586590
4 2134 586590
4 2143 586590
4 2314 555662
4 2341 586590
4 2413 555662
4 2431 555662
4 3124 555662
4 3142 555662
4 3214 586590
4 3241 555662
4 3412 586590
4 3421 586590
4 4123 586590
4 4132 555662
4 4213 555662
4 4231 591950
4 4312 586590
4 4321 586590
5 12345 2190688
5 12354 2190688
5 12435 2191902
5 12453 2174398
5 12534 2174398
5 12543 2190688
5 13245 2191902
5 13254 2191902
5 13425 2166120
5 13452 2171393
5 13524 2163930
5 13542 2161837
5 14235 2166120
5 14253 2163930
5 14325 2192390
5 14352 2161930
5 14523 2172454
5 14532 2173374
5 15234 2171393
5 15243 2161837
5 15324 2161930
5 15342 2175379
5 15423 2173374
5 15432 2190688
5 21345 2190688
5 21354 2190688
5 21435 2191902
5 21453 2174398
5 21534 2174398
5 21543 2190688
5 23145 2174398
5 23154 2174398
5 23415 2171393
5 23451 2190688
5 23514 2149558
5 23541 2173374
5 24135 2163930
5 24153 2147525
5 24315 2161930
5 24351 2175379
5 24513 2159381
5 24531 2161837
5 25134 2149558
5 25143 2159381
5 25314 2136978
5 25341 2161930
5 25413 2149558
5 25431 2171393
5 31245 2174398
5 31254 2174398
5 31425 2163930
5 31452 2149558
5 31524 2147525
5 31542 2159381
5 32145 2190688
5 32154 2190688
5 32415 2161837
5 32451 2173374
5 32514 2159381
5 32541 2172454
5 34125 2172454
5 34152 2159381
5 34215 2173374
5 34251 2161837
5 34512 2190688
5 34521 2190688
5 35124 2159381
5 35142 2147525
5 35214 2149558
5 35241 2163930
5 35412 2174398
5 35421 2174398
5 41235 2171393
5 41253 2149558
5 41325 2161930
5 41352 2136978
5 41523 2159381
5 41532 2149558
5 42135 2161837
5 42153 2159381
5 42315 2175379
5 42351 2161930
5 42513 2147525
5 42531 2163930
5 43125 2173374
5 43152 2149558
5 43215 2190688
5 43251 2171393
5 43512 2174398
5 43521 2174398
5 45123 2190688
5 45132 2174398
5 45213 2174398
5 45231 2191902
5 45312 2190688
5 45321 2190688
5 51234 2190688
5 51243 2173374
5 51324 2175379
5 51342 2161930
5 51423 2161837
5 51432 2171393
5 52134 2173374
5 52143 2172454
5 52314 2161930
5 52341 2192390
5 52413 2163930
5 52431 2166120
5 53124 2161837
5 53142 2163930
5 53214 2171393
5 53241 2166120
5 53412 2191902
5 53421 2191902
5 54123 2190688
5 54132 2174398
5 54213 2174398
5 54231 2191902
5 54312 2190688
5 54321 2190688
6 123456 3291590
6 123465 3291590
6 123546 3291652
6 123564 3289863
6 123645 3289863
6 123654 3291590
6 124356 3291656
6 124365 3291656
6 124536 3288426
6 124563 3289454
6 124635 3288292
6 124653 3288170
6 125346 3288426
6 125364 3288292
6 125436 3291666
6 125463 3288165
6 125634 3289522
6 125643 3289579
6 126345 3289454
6 126354 3288170
6 126435 3288165
6 126453 3289705
6 126534 3289579
6 126543 3291590
6 132456 3291652
6 132465 3291652
6 132546 3291715
6 132564 3289875
6 132645 3289875
6 132654 3291652
6 134256 3288426
6 134265 3288426
6 134526 3287840
6 134562 3289663
6 134625 3285006
6 134652 3287851
6 135246 3286953
6 135264 3285115
6 135426 3286719
6 135462 3287971
6 135624 3286293
6 135642 3286444
6 136245 3285228
6 136254 3286660
6 136425 3283521
6 136452 3286445
6 136524 3284991
6 136542 3287995
6 142356 3288426
6 142365 3288426
6 142536 3286953
6 142563 3285228
6 142635 3285115
6 142653 3286660
6 143256 3291666
6 143265 3291666
6 143526 3286719
6 143562 3287863
6 143625 3286493
6 143652 3287819
6 145236 3287974
6 145263 3286128
6 145326 3288078
6 145362 3286337
6 145623 3289500
6 145632 3289499
6 146235 3286128
6 146253 3284887
6 146325 3285060
6 146352 3286586
6 146523 3287751
6 146532 3287877
6 152346 3287840
6 152364 3285006
6 152436 3286719
6 152463 3283521
6 152634 3286293
6 152643 3284991
6 153246 3286719
6 153264 3286493
6 153426 3288259
6 153462 3286231
6 153624 3284941
6 153642 3286576
6 154236 3288078
6 154263 3285060
6 154326 3291662
6 154362 3287939
6 154623 3287749
6 154632 3287993
6 156234 3289500
6 156243 3287751
6 156324 3287749
6 156342 3289688
6 156423 3289398
6 156432 3289800
6 162345 3289663
6 162354 3287851
6 162435 3287971
6 162453 3286445
6 162534 3286444
6 162543 3287995
6 163245 3287863
6 163254 3287819
6 163425 3286231
6 163452 3289452
6 163524 3286576
6 163542 3286686
6 164235 3286337
6 164253 3286586
6 164325 3287939
6 164352 3286521
6 164523 3289688
6 164532 3289753
6 165234 3289499
6 165243 3287877
6 165324 3287993
6 165342 3289753
6 165423 3289800
6 165432 3291590
6 213456 3291590
6 213465 3291590
6 213546 3291652
6 213564 3289863
6 213645 3289863
6 213654 3291590
6 214356 3291656
6 214365 3291656
6 214536 3288426
6 214563 3289454
6 214635 3288292
6 214653 3288170
6 215346 3288426
6 215364 3288292
6 215436 3291666
6 215463 3288165
6 215634 3289522
6 215643 3289579
6 216345 3289454
6 216354 3288170
6 216435 3288165
6 216453 3289705
6 216534 3289579
6 216543 3291590
6 231456 3289863
6 231465 3289863
6 231546 3289875
6 231564 3289163
6 231645 3289163
6 231654 3289863
6 234156 3289454
6 234165 3289454
6 234516 3289663
6 234561 3291590
6 234615 3286273
6 234651 3289800
6 235146 3285228
6 235164 3284568
6 235416 3287863
6 235461 3289753
6 235614 3285874
6 235641 3287877
6 236145 3285505
6 236154 3286054
6 236415 3284457
6 236451 3287993
6 236514 3285559
6 236541 3289499
6 241356 3288292
6 241365 3288292
6 241536 3285115
6 241563 3284568
6 241635 3284575
6 241653 3284706
6 243156 3288165
6 243165 3288165
6 243516 3287971
6 243561 3289753
6 243615 3286113
6 243651 3289688
6 245136 3286128
6 245163 3285746
6 245316 3286337
6 245361 3286686
6 245613 3287904
6 245631 3287995
6 246135 3284571
6 246153 3282986
6 246315 3283043
6 246351 3286576
6 246513 3286086
6 246531 3286444
6 251346 3285006
6 251364 3283483
6 251436 3286493
6 251463 3283227
6 251634 3284567
6 251643 3284418
6 253146 3283521
6 253164 3283227
6 253416 3286231
6 253461 3286521
6 253614 3283168
6 253641 3286586
6 254136 3285060
6 254163 3283955
6 254316 3287939
6 254361 3289452
6 254613 3285926
6 254631 3286445
6 256134 3285936
6 256143 3285813
6 256314 3284248
6 256341 3287819
6 256413 3285891
6 256431 3287851
6 261345 3286273
6 261354 3285891
6 261435 3286113
6 261453 3285926
6 261534 3286086
6 261543 3287904
6 263145 3284457
6 263154 3284248
6 263415 3284117
6 263451 3287939
6 263514 3283043
6 263541 3286337
6 264135 3283043
6 264153 3283168
6 264315 3284117
6 264351 3286231
6 264513 3286113
6 264531 3287971
6 265134 3285559
6 265143 3285874
6 265314 3284457
6 265341 3287863
6 265413 3286273
6 265431 3289663
6 312456 3289863
6 312465 3289863
6 312546 3289875
6 312564 3289163
6 312645 3289163
6 312654 3289863
6 314256 3288292
6 314265 3288292
6 314526 3285006
6 314562 3286273
6 314625 3283483
6 314652 3285891
6 315246 3285115
6 315264 3284575
6 315426 3286493
6 315462 3286113
6 315624 3284567
6 315642 3286086
6 316245 3284568
6 316254 3284706
6 316425 3283227
6 316452 3285926
6 316524 3284418
6 316542 3287904
6 321456 3291590
6 321465 3291590
6 321546 3291652
6 321564 3289863
6 321645 3289863
6 321654 3291590
6 324156 3288170
6 324165 3288170
6 324516 3287851
6 324561 3289800
6 324615 3285891
6 324651 3289398
6 325146 3286660
6 325164 3284706
6 325416 3287819
6 325461 3289688
6 325614 3285813
6 325641 3287751
6 326145 3286054
6 326154 3287748
6 326415 3284248
6 326451 3287749
6 326514 3285936
6 326541 3289500
6 341256 3289522
6 341265 3289522
6 341526 3286293
6 341562 3285874
6 341625 3284567
6 341652 3285813
6 342156 3289579
6 342165 3289579
6 342516 3286444
6 342561 3287877
6 342615 3286086
6 342651 3287751
6 345126 3289500
6 345162 3287904
6 345216 3289499
6 345261 3287995
6 345612 3291590
6 345621 3291590
6 346125 3285936
6 346152 3284418
6 346215 3285559
6 346251 3284991
6 346512 3289579
6 346521 3289579
6 351246 3286293
6 351264 3284567
6 351426 3284941
6 351462 3283168
6 351624 3284441
6 351642 3282986
6 352146 3284991
6 352164 3284418
6 352416 3286576
6 352461 3286586
6 352614 3282986
6 352641 3284887
6 354126 3287749
6 354162 3285926
6 354216 3287993
6 354261 3286445
6 354612 3289705
6 354621 3289705
6 356124 3287748
6 356142 3284706
6 356214 3286054
6 356241 3286660
6 356412 3288170
6 356421 3288170
6 361245 3285874
6 361254 3285813
6 361425 3283168
6 361452 3283955
6 361524 3282986
6 361542 3285746
6 362145 3285559
6 362154 3285936
6 362415 3283043
6 362451 3285060
6 362514 3284571
6 362541 3286128
6 364125 3284248
6 364152 3283227
6 364215 3284457
6 364251 3283521
6 364512 3288165
6 364521 3288165
6 365124 3286054
6 365142 3284568
6 365214 3285505
6 365241 3285228
6 365412 3289454
6 365421 3289454
6 412356 3289454
6 412365 3289454
6 412536 3285228
6 412563 3285505
6 412635 3284568
6 412653 3286054
6 413256 3288165
6 413265 3288165
6 413526 3283521
6 413562 3284457
6 413625 3283227
6 413652 3284248
6 415236 3286128
6 415263 3284571
6 415326 3285060
6 415362 3283043
6 415623 3285936
6 415632 3285559
6 416235 3285746
6 416253 3282986
6 416325 3283955
6 416352 3283168
6 416523 3285813
6 416532 3285874
6 421356 3288170
6 421365 3288170
6 421536 3286660
6 421563 3286054
6 421635 3284706
6 421653 3287748
6 423156 3289705
6 423165 3289705
6 423516 3286445
6 423561 3287993
6 423615 3285926
6 423651 3287749
6 425136 3284887
6 425163 3282986
6 425316 3286586
6 425361 3286576
6 425613 3284418
6 425631 3284991
6 426135 3282986
6 426153 3284441
6 426315 3283168
6 426351 3284941
6 426513 3284567
6 426531 3286293
6 431256 3289579
6 431265 3289579
6 431526 3284991
6 431562 3285559
6 431625 3284418
6 431652 3285936
6 432156 3291590
6 432165 3291590
6 432516 3287995
6 432561 3289499
6 432615 3287904
6 432651 3289500
6 435126 3287751
6 435162 3286086
6 435216 3287877
6 435261 3286444
6 435612 3289579
6 435621 3289579
6 436125 3285813
6 436152 3284567
6 436215 3285874
6 436251 3286293
6 436512 3289522
6 436521 3289522
6 451236 3289500
6 451263 3285936
6 451326 3287749
6 451362 3284248
6 451623 3287748
6 451632 3286054
6 452136 3287751
6 452163 3285813
6 452316 3289688
6 452361 3287819
6 452613 3284706
6 452631 3286660
6 453126 3289398
6 453162 3285891
6 453216 3289800
6 453261 3287851
6 453612 3288170
6 453621 3288170
6 456123 3291590
6 456132 3289863
6 456213 3289863
6 456231 3291652
6 456312 3291590
6 456321 3291590
6 461235 3287904
6 461253 3284418
6 461325 3285926
6 461352 3283227
6 461523 3284706
6 461532 3284568
6 462135 3286086
6 462153 3284567
6 462315 3286113
6 462351 3286493
6 462513 3284575
6 462531 3285115
6 463125 3285891
6 463152 3283483
6 463215 3286273
6 463251 3285006
6 463512 3288292
6 463521 3288292
6 465123 3289863
6 465132 3289163
6 465213 3289163
6 465231 3289875
6 465312 3289863
6 465321 3289863
6 512346 3289663
6 512364 3286273
6 512436 3287863
6 512463 3284457
6 512634 3285874
6 512643 3285559
6 513246 3287971
6 513264 3286113
6 513426 3286231
6 513462 3284117
6 513624 3283168
6 513642 3283043
6 514236 3286337
6 514263 3283043
6 514326 3287939
6 514362 3284117
6 514623 3284248
6 514632 3284457
6 516234 3287904
6 516243 3286086
6 516324 3285926
6 516342 3286113
6 516423 3285891
6 516432 3286273
6 521346 3287851
6 521364 3285891
6 521436 3287819
6 521463 3284248
6 521634 3285813
6 521643 3285936
6 523146 3286445
6 523164 3285926
6 523416 3289452
6 523461 3287939
6 523614 3283955
6 523641 3285060
6 524136 3286586
6 524163 3283168
6 524316 3286521
6 524361 3286231
6 524613 3283227
6 524631 3283521
6 526134 3284418
6 526143 3284567
6 526314 3283227
6 526341 3286493
6 526413 3283483
6 526431 3285006
6 531246 3286444
6 531264 3286086
6 531426 3286576
6 531462 3283043
6 531624 3282986
6 531642 3284571
6 532146 3287995
6 532164 3287904
6 532416 3286686
6 532461 3286337
6 532614 3285746
6 532641 3286128
6 534126 3289688
6 534162 3286113
6 534216 3289753
6 534261 3287971
6 534612 3288165
6 534621 3288165
6 536124 3284706
6 536142 3284575
6 536214 3284568
6 536241 3285115
6 536412 3288292
6 536421 3288292
6 541236 3289499
6 541263 3285559
6 541326 3287993
6 541362 3284457
6 541623 3286054
6 541632 3285505
6 542136 3287877
6 542163 3285874
6 542316 3289753
6 542361 3287863
6 542613 3284568
6 542631 3285228
6 543126 3289800
6 543162 3286273
6 543216 3291590
6 543261 3289663
6 543612 3289454
6 543621 3289454
6 546123 3289863
6 546132 3289163
6 546213 3289163
6 546231 3289875
6 546312 3289863
6 546321 3289863
6 561234 3291590
6 561243 3289579
6 561324 3289705
6 561342 3288165
6 561423 3288170
6 561432 3289454
6 562134 3289579
6 562143 3289522
6 562314 3288165
6 562341 3291666
6 562413 3288292
6 562431 3288426
6 563124 3288170
6 563142 3288292
6 563214 3289454
6 563241 3288426
6 563412 3291656
6 563421 3291656
6 564123 3291590
6 564132 3289863
6 564213 3289863
6 564231 3291652
6 564312 3291590
6 564321 3291590
6 612345 3291590
6 612354 3289800
6 612435 3289753
6 612453 3287993
6 612534 3287877
6 612543 3289499
6 613245 3289753
6 613254 3289688
6 613425 3286521
6 613452 3287939
6 613524 3286586
6 613542 3286337
6 614235 3286686
6 614253 3286576
6 614325 3289452
6 614352 3286231
6 614523 3287819
6 614532 3287863
6 615234 3287995
6 615243 3286444
6 615324 3286445
6 615342 3287971
6 615423 3287851
6 615432 3289663
6 621345 3289800
6 621354 3289398
6 621435 3289688
6 621453 3287749
6 621534 3287751
6 621543 3289500
6 623145 3287993
6 623154 3287749
6 623415 3287939
6 623451 3291662
6 623514 3285060
6 623541 3288078
6 624135 3286576
6 624153 3284941
6 624315 3286231
6 624351 3288259
6 624513 3286493
6 624531 3286719
6 625134 3284991
6 625143 3286293
6 625314 3283521
6 625341 3286719
6 625413 3285006
6 625431 3287840
6 631245 3287877
6 631254 3287751
6 631425 3286586
6 631452 3285060
6 631524 3284887
6 631542 3286128
6 632145 3289499
6 632154 3289500
6 632415 3286337
6 632451 3288078
6 632514 3286128
6 632541 3287974
6 634125 3287819
6 634152 3286493
6 634215 3287863
6 634251 3286719
6 634512 3291666
6 634521 3291666
6 635124 3286660
6 635142 3285115
6 635214 3285228
6 635241 3286953
6 635412 3288426
6 635421 3288426
6 641235 3287995
6 641253 3284991
6 641325 3286445
6 641352 3283521
6 641523 3286660
6 641532 3285228
6 642135 3286444
6 642153 3286293
6 642315 3287971
6 642351 3286719
6 642513 3285115
6 642531 3286953
6 643125 3287851
6 643152 3285006
6 643215 3289663
6 643251 3287840
6 643512 3288426
6 643521 3288426
6 645123 3291652
6 645132 3289875
6 645213 3289875
6 645231 3291715
6 645312 3291652
6 645321 3291652
6 651234 3291590
6 651243 3289579
6 651324 3289705
6 651342 3288165
6 651423 3288170
6 651432 3289454
6 652134 3289579
6 652143 3289522
6 652314 3288165
6 652341 3291666
6 652413 3288292
6 652431 3288426
6 653124 3288170
6 653142 3288292
6 653214 3289454
6 653241 3288426
6 653412 3291656
6 653421 3291656
6 654123 3291590
6 654132 3289863
6 654213 3289863
6 654231 3291652
6 654312 3291590
6 654321 3291590
7 1234567 3587916
7 1234576 3587916
7 1234657 3587917
7 1234675 3587846
7 1234756 3587846
7 1234765 3587916
7 1235467 3587917
7 1235476 3587917
7 1235647 3587780
7 1235674 3587839
7 1235746 3587778
7 1235764 3587776
7 1236457 3587780
7 1236475 3587778
7 1236547 3587917
7 1236574 3587776
7 1236745 3587840
7 1236754 3587841
7 1237456 3587839
7 1237465 3587776
7 1237546 3587776
7 1237564 3587843
7 1237645 3587841
7 1237654 3587916
7 1243567 3587917
7 1243576 3587917
7 1243657 3587918
7 1243675 3587846
7 1243756 3587846
7 1243765 3587917
7 1245367 3587776
7 1245376 3587776
7 1245637 3587766
7 1245673 3587839
7 1245736 3587636
7 1245763 3587767
7 1246357 3587710
7 1246375 3587638
7 1246537 3587706
7 1246573 3587769
7 1246735 3587699
7 1246753 3587702
7 1247356 3587640
7 1247365 3587705
7 1247536 3587570
7 1247563 3587702
7 1247635 3587636
7 1247653 3587769
7 1253467 3587776
7 1253476 3587776
7 1253647 3587710
7 1253674 3587640
7 1253746 3587638
7 1253764 3587705
7 1254367 3587917
7 1254376 3587917
7 1254637 3587706
7 1254673 3587767
7 1254736 3587702
7 1254763 3587766
7 1256347 3587768
7 1256374 3587696
7 1256437 3587770
7 1256473 3587700
7 1256734 3587836
7 1256743 3587836
7 1257346 3587696
7 1257364 3587634
7 1257436 3587637
7 1257463 3587704
7 1257634 3587765
7 1257643 3587767
7 1263457 3587766
7 1263475 3587636
7 1263547 3587706
7 1263574 3587570
7 1263745 3587699
7 1263754 3587636
7 1264357 3587706
7 1264375 3587702
7 1264537 3587773
7 1264573 3587698
7 1264735 3587635
7 1264753 3587704
7 1265347 3587770
7 1265374 3587637
7 1265437 3587917
7 1265473 3587768
7 1265734 3587765
7 1265743 3587769
7 1267345 3587836
7 1267354 3587765
7 1267435 3587765
7 1267453 3587839
7 1267534 3587834
7 1267543 3587841
7 1273456 3587839
7 1273465 3587767
7 1273546 3587769
7 1273564 3587702
7 1273645 3587702
7 1273654 3587769
7 1274356 3587767
7 1274365 3587766
7 1274536 3587698
7 1274563 3587835
7 1274635 3587704
7 1274653 3587706
7 1275346 3587700
7 1275364 3587704
7 1275436 3587768
7 1275463 3587703
7 1275634 3587839
7 1275643 3587840
7 1276345 3587836
7 1276354 3587767
7 1276435 3587769
7 1276453 3587840
7 1276534 3587841
7 1276543 3587916
7 1324567 3587917
7 1324576 3587917
7 1324657 3587918
7 1324675 3587847
7 1324756 3587847
7 1324765 3587917
7 1325467 3587918
7 1325476 3587918
7 1325647 3587780
7 1325674 3587839
7 1325746 3587778
7 1325764 3587776
7 1326457 3587780
7 1326475 3587778
7 1326547 3587918
7 1326574 3587776
7 1326745 3587840
7 1326754 3587841
7 1327456 3587839
7 1327465 3587776
7 1327546 3587776
7 1327564 3587843
7 1327645 3587841
7 1327654 3587917
7 1342567 3587780
7 1342576 3587780
7 1342657 3587780
7 1342675 3587768
7 1342756 3587768
7 1342765 3587780
7 1345267 3587766
7 1345276 3587766
7 1345627 3587770
7 1345672 3587843
7 1345726 3587629
7 1345762 3587771
7 1346257 3587570
7 1346275 3587559
7 1346527 3587697
7 1346572 3587770
7 1346725 3587622
7 1346752 3587697
7 1347256 3587615
7 1347265 3587625
7 1347526 3587557
7 1347562 3587699
7 1347625 3587616
7 1347652 3587766
7 1352467 3587710
7 1352476 3587710
7 1352647 3587572
7 1352674 3587563
7 1352746 3587563
7 1352764 3587565
7 1354267 3587706
7 1354276 3587706
7 1354627 3587699
7 1354672 3587770
7 1354726 3587626
7 1354762 3587769
7 1356247 3587626
7 1356274 3587620
7 1356427 3587630
7 1356472 3587636
7 1356724 3587698
7 1356742 3587699
7 1357246 3587559
7 1357264 3587491
7 1357426 3587492
7 1357462 3587634
7 1357624 3587626
7 1357642 3587632
7 1362457 3587570
7 1362475 3587503
7 1362547 3587638
7 1362574 3587499
7 1362745 3587563
7 1362754 3587560
7 1364257 3587500
7 1364275 3587495
7 1364527 3587628
7 1364572 3587633
7 1364725 3587494
7 1364752 3587634
7 1365247 3587567
7 1365274 3587548
7 1365427 3587702
7 1365472 3587765
7 1365724 3587623
7 1365742 3587632
7 1367245 3587623
7 1367254 3587621
7 1367425 3587553
7 1367452 3587696
7 1367524 3587622
7 1367542 3587697
7 1372456 3587633
7 1372465 3587626
7 1372546 3587630
7 1372564 3587627
7 1372645 3587630
7 1372654 3587704
7 1374256 3587557
7 1374265 3587553
7 1374526 3587551
7 1374562 3587698
7 1374625 3587492
7 1374652 3587630
7 1375246 3587492
7 1375264 3587494
7 1375426 3587551
7 1375462 3587628
7 1375624 3587626
7 1375642 3587699
7 1376245 3587616
7 1376254 3587622
7 1376425 3587557
7 1376452 3587697
7 1376524 3587629
7 1376542 3587773
7 1423567 3587780
7 1423576 3587780
7 1423657 3587780
7 1423675 3587768
7 1423756 3587768
7 1423765 3587780
7 1425367 3587710
7 1425376 3587710
7 1425637 3587570
7 1425673 3587633
7 1425736 3587503
7 1425763 3587626
7 1426357 3587572
7 1426375 3587563
7 1426537 3587638
7 1426573 3587630
7 1426735 3587563
7 1426753 3587630
7 1427356 3587563
7 1427365 3587565
7 1427536 3587499
7 1427563 3587627
7 1427635 3587560
7 1427653 3587704
7 1432567 3587917
7 1432576 3587917
7 1432657 3587918
7 1432675 3587846
7 1432756 3587846
7 1432765 3587917
7 1435267 3587706
7 1435276 3587706
7 1435627 3587697
7 1435672 3587771
7 1435726 3587622
7 1435762 3587764
7 1436257 3587638
7 1436275 3587563
7 1436527 3587696
7 1436572 3587769
7 1436725 3587621
7 1436752 3587695
7 1437256 3587627
7 1437265 3587698
7 1437526 3587553
7 1437562 3587695
7 1437625 3587623
7 1437652 3587766
7 1452367 3587768
7 1452376 3587768
7 1452637 3587626
7 1452673 3587619
7 1452736 3587556
7 1452763 3587618
7 1453267 3587770
7 1453276 3587770
7 1453627 3587630
7 1453672 3587693
7 1453726 3587622
7 1453762 3587691
7 1456237 3587764
7 1456273 3587695
7 1456327 3587764
7 1456372 3587696
7 1456723 3587840
7 1456732 3587840
7 1457236 3587620
7 1457263 3587552
7 1457326 3587613
7 1457362 3587562
7 1457623 3587764
7 1457632 3587764
7 1462357 3587626
7 1462375 3587556
7 1462537 3587565
7 1462573 3587490
7 1462735 3587553
7 1462753 3587487
7 1463257 3587567
7 1463275 3587557
7 1463527 3587634
7 1463572 3587630
7 1463725 3587489
7 1463752 3587560
7 1465237 3587692
7 1465273 3587619
7 1465327 3587698
7 1465372 3587628
7 1465723 3587766
7 1465732 3587766
7 1467235 3587692
7 1467253 3587557
7 1467325 3587622
7 1467352 3587631
7 1467523 3587699
7 1467532 3587699
7 1472356 3587619
7 1472365 3587618
7 1472536 3587490
7 1472563 3587544
7 1472635 3587487
7 1472653 3587620
7 1473256 3587617
7 1473265 3587624
7 1473526 3587488
7 1473562 3587563
7 1473625 3587559
7 1473652 3587622
7 1475236 3587550
7 1475263 3587491
7 1475326 3587554
7 1475362 3587496
7 1475623 3587699
7 1475632 3587699
7 1476235 3587622
7 1476253 3587555
7 1476325 3587612
7 1476352 3587566
7 1476523 3587762
7 1476532 3587764
7 1523467 3587766
7 1523476 3587766
7 1523647 3587570
7 1523674 3587615
7 1523746 3587559
7 1523764 3587625
7 1524367 3587706
7 1524376 3587706
7 1524637 3587500
7 1524673 3587557
7 1524736 3587495
7 1524763 3587553
7 1526347 3587626
7 1526374 3587559
7 1526437 3587567
7 1526473 3587492
7 1526734 3587623
7 1526743 3587616
7 1527346 3587620
7 1527364 3587491
7 1527436 3587548
7 1527463 3587494
7 1527634 3587621
7 1527643 3587622
7 1532467 3587706
7 1532476 3587706
7 1532647 3587638
7 1532674 3587627
7 1532746 3587563
7 1532764 3587698
7 1534267 3587773
7 1534276 3587773
7 1534627 3587628
7 1534672 3587695
7 1534726 3587619
7 1534762 3587691
7 1536247 3587565
7 1536274 3587489
7 1536427 3587634
7 1536472 3587630
7 1536724 3587554
7 1536742 3587564
7 1537246 3587489
7 1537264 3587554
7 1537426 3587492
7 1537462 3587561
7 1537624 3587557
7 1537642 3587629
7 1542367 3587770
7 1542376 3587770
7 1542637 3587567
7 1542673 3587617
7 1542736 3587557
7 1542763 3587624
7 1543267 3587917
7 1543276 3587917
7 1543627 3587702
7 1543672 3587766
7 1543726 3587701
7 1543762 3587766
7 1546237 3587692
7 1546273 3587622
7 1546327 3587698
7 1546372 3587630
7 1546723 3587764
7 1546732 3587764
7 1547236 3587618
7 1547263 3587555
7 1547326 3587621
7 1547362 3587627
7 1547623 3587763
7 1547632 3587763
7 1562347 3587764
7 1562374 3587620
7 1562437 3587692
7 1562473 3587550
7 1562734 3587692
7 1562743 3587622
7 1563247 3587692
7 1563274 3587618
7 1563427 3587769
7 1563472 3587692
7 1563724 3587558
7 1563742 3587631
7 1564237 3587760
7 1564273 3587618
7 1564327 3587774
7 1564372 3587693
7 1564723 3587698
7 1564732 3587700
7 1567234 3587840
7 1567243 3587769
7 1567324 3587769
7 1567342 3587839
7 1567423 3587838
7 1567432 3587840
7 1572346 3587695
7 1572364 3587552
7 1572436 3587619
7 1572463 3587491
7 1572634 3587557
7 1572643 3587555
7 1573246 3587622
7 1573264 3587555
7 1573426 3587622
7 1573462 3587628
7 1573624 3587557
7 1573642 3587568
7 1574236 3587618
7 1574263 3587495
7 1574326 3587630
7 1574362 3587562
7 1574623 3587700
7 1574632 3587704
7 1576234 3587769
7 1576243 3587756
7 1576324 3587756
7 1576342 3587768
7 1576423 3587768
7 1576432 3587771
7 1623457 3587770
7 1623475 3587629
7 1623547 3587697
7 1623574 3587557
7 1623745 3587622
7 1623754 3587616
7 1624357 3587699
7 1624375 3587626
7 1624537 3587628
7 1624573 3587551
7 1624735 3587494
7 1624753 3587492
7 1625347 3587630
7 1625374 3587492
7 1625437 3587702
7 1625473 3587551
7 1625734 3587553
7 1625743 3587557
7 1627345 3587698
7 1627354 3587626
7 1627435 3587623
7 1627453 3587626
7 1627534 3587622
7 1627543 3587629
7 1632457 3587697
7 1632475 3587622
7 1632547 3587696
7 1632574 3587553
7 1632745 3587621
7 1632754 3587623
7 1634257 3587628
7 1634275 3587619
7 1634527 3587761
7 1634572 3587694
7 1634725 3587544
7 1634752 3587563
7 1635247 3587634
7 1635274 3587492
7 1635427 3587633
7 1635472 3587624
7 1635724 3587491
7 1635742 3587496
7 1637245 3587554
7 1637254 3587557
7 1637425 3587491
7 1637452 3587628
7 1637524 3587495
7 1637542 3587562
7 1642357 3587630
7 1642375 3587622
7 1642537 3587634
7 1642573 3587488
7 1642735 3587489
7 1642753 3587559
7 1643257 3587702
7 1643275 3587701
7 1643527 3587633
7 1643572 3587626
7 1643725 3587617
7 1643752 3587622
7 1645237 3587769
7 1645273 3587622
7 1645327 3587771
7 1645372 3587695
7 1645723 3587698
7 1645732 3587698
7 1647235 3587558
7 1647253 3587557
7 1647325 3587557
7 1647352 3587565
7 1647523 3587700
7 1647532 3587702
7 1652347 3587764
7 1652374 3587613
7 1652437 3587698
7 1652473 3587554
7 1652734 3587622
7 1652743 3587612
7 1653247 3587698
7 1653274 3587621
7 1653427 3587771
7 1653472 3587693
7 1653724 3587557
7 1653742 3587568
7 1654237 3587774
7 1654273 3587630
7 1654327 3587917
7 1654372 3587772
7 1654723 3587762
7 1654732 3587765
7 1657234 3587769
7 1657243 3587756
7 1657324 3587756
7 1657342 3587768
7 1657423 3587768
7 1657432 3587773
7 1672345 3587840
7 1672354 3587764
7 1672435 3587766
7 1672453 3587699
7 1672534 3587699
7 1672543 3587762
7 1673245 3587764
7 1673254 3587763
7 1673425 3587698
7 1673452 3587839
7 1673524 3587700
7 1673542 3587702
7 1674235 3587698
7 1674253 3587700
7 1674325 3587762
7 1674352 3587702
7 1674523 3587843
7 1674532 3587841
7 1675234 3587838
7 1675243 3587768
7 1675324 3587768
7 1675342 3587839
7 1675423 3587838
7 1675432 3587845
7 1723456 3587843
7 1723465 3587771
7 1723546 3587770
7 1723564 3587699
7 1723645 3587697
7 1723654 3587766
7 1724356 3587770
7 1724365 3587769
7 1724536 3587633
7 1724563 3587698
7 1724635 3587634
7 1724653 3587630
7 1725346 3587636
7 1725364 3587634
7 1725436 3587765
7 1725463 3587628
7 1725634 3587696
7 1725643 3587697
7 1726345 3587699
7 1726354 3587632
7 1726435 3587632
7 1726453 3587699
7 1726534 3587697
7 1726543 3587773
7 1732456 3587771
7 1732465 3587764
7 1732546 3587769
7 1732564 3587695
7 1732645 3587695
7 1732654 3587766
7 1734256 3587695
7 1734265 3587691
7 1734526 3587694
7 1734562 3587839
7 1734625 3587563
7 1734652 3587696
7 1735246 3587630
7 1735264 3587561
7 1735426 3587624
7 1735462 3587699
7 1735624 3587628
7 1735642 3587632
7 1736245 3587564
7 1736254 3587629
7 1736425 3587496
7 1736452 3587632
7 1736524 3587562
7 1736542 3587696
7 1742356 3587693
7 1742365 3587691
7 1742536 3587630
7 1742563 3587563
7 1742635 3587560
7 1742653 3587622
7 1743256 3587766
7 1743265 3587766
7 1743526 3587626
7 1743562 3587696
7 1743625 3587622
7 1743652 3587694
7 1745236 3587692
7 1745263 3587628
7 1745326 3587693
7 1745362 3587632
7 1745623 3587839
7 1745632 3587839
7 1746235 3587631
7 1746253 3587568
7 1746325 3587568
7 1746352 3587640
7 1746523 3587702
7 1746532 3587704
7 1752346 3587696
7 1752364 3587562
7 1752436 3587628
7 1752463 3587496
7 1752634 3587631
7 1752643 3587566
7 1753246 3587630
7 1753264 3587627
7 1753426 3587695
7 1753462 3587632
7 1753624 3587565
7 1753642 3587640
7 1754236 3587693
7 1754263 3587562
7 1754326 3587772
7 1754362 3587693
7 1754623 3587702
7 1754632 3587703
7 1756234 3587839
7 1756243 3587768
7 1756324 3587768
7 1756342 3587844
7 1756423 3587839
7 1756432 3587844
7 1762345 3587840
7 1762354 3587764
7 1762435 3587766
7 1762453 3587699
7 1762534 3587699
7 1762543 3587764
7 1763245 3587764
7 1763254 3587763
7 1763425 3587698
7 1763452 3587839
7 1763524 3587702
7 1763542 3587704
7 1764235 3587700
7 1764253 3587704
7 1764325 3587765
7 1764352 3587703
7 1764523 3587841
7 1764532 3587842
7 1765234 3587840
7 1765243 3587771
7 1765324 3587773
7 1765342 3587844
7 1765423 3587845
7 1765432 3587916
7 2134567 3587916
7 2134576 3587916
7 2134657 3587917
7 2134675 3587846
7 2134756 3587846
7 2134765 3587916
7 2135467 3587917
7 2135476 3587917
7 2135647 3587780
7 2135674 3587839
7 2135746 3587778
7 2135764 3587776
7 2136457 3587780
7 2136475 3587778
7 2136547 3587917
7 2136574 3587776
7 2136745 3587840
7 2136754 3587841
7 2137456 3587839
7 2137465 3587776
7 2137546 3587776
7 2137564 3587843
7 2137645 3587841
7 2137654 3587916
7 2143567 3587917
7 2143576 3587917
7 2143657 3587918
7 2143675 3587846
7 2143756 3587846
7 2143765 3587917
7 2145367 3587776
7 2145376 3587776
7 2145637 3587766
7 2145673 3587839
7 2145736 3587636
7 2145763 3587767
7 2146357 3587710
7 2146375 3587638
7 2146537 3587706
7 2146573 3587769
7 2146735 3587699
7 2146753 3587702
7 2147356 3587640
7 2147365 3587705
7 2147536 3587570
7 2147563 3587702
7 2147635 3587636
7 2147653 3587769
7 2153467 3587776
7 2153476 3587776
7 2153647 3587710
7 2153674 3587640
7 2153746 3587638
7 2153764 3587705
7 2154367 3587917
7 2154376 3587917
7 2154637 3587706
7 2154673 3587767
7 2154736 3587702
7 2154763 3587766
7 2156347 3587768
7 2156374 3587696
7 2156437 3587770
7 2156473 3587700
7 2156734 3587836
7 2156743 3587836
7 2157346 3587696
7 2157364 3587634
7 2157436 3587637
7 2157463 3587704
7 2157634 3587765
7 2157643 3587767
7 2163457 3587766
7 2163475 3587636
7 2163547 3587706
7 2163574 3587570
7 2163745 3587699
7 2163754 3587636
7 2164357 3587706
7 2164375 3587702
7 2164537 3587773
7 2164573 3587698
7 2164735 3587635
7 2164753 3587704
7 2165347 3587770
7 2165374 3587637
7 2165437 3587917
7 2165473 3587768
7 2165734 3587765
7 2165743 3587769
7 2167345 3587836
7 2167354 3587765
7 2167435 3587765
7 2167453 3587839
7 2167534 3587834
7 2167543 3587841
7 2173456 3587839
7 2173465 3587767
7 2173546 3587769
7 2173564 3587702
7 2173645 3587702
7 2173654 3587769
7 2174356 3587767
7 2174365 3587766
7 2174536 3587698
7 2174563 3587835
7 2174635 3587704
7 2174653 3587706
7 2175346 3587700
7 2175364 3587704
7 2175436 3587768
7 2175463 3587703
7 2175634 3587839
7 2175643 3587840
7 2176345 3587836
7 2176354 3587767
7 2176435 3587769
7 2176453 3587840
7 2176534 3587841
7 2176543 3587916
7 2314567 3587846
7 2314576 3587846
7 2314657 3587847
7 2314675 3587780
7 2314756 3587780
7 2314765 3587846
7 2315467 3587846
7 2315476 3587846
7 2315647 3587768
7 2315674 3587834
7 2315746 3587768
7 2315764 3587768
7 2316457 3587768
7 2316475 3587768
7 2316547 3587846
7 2316574 3587768
7 2316745 3587834
7 2316754 3587834
7 2317456 3587834
7 2317465 3587768
7 2317546 3587768
7 2317564 3587835
7 2317645 3587834
7 2317654 3587846
7 2341567 3587839
7 2341576 3587839
7 2341657 3587839
7 2341675 3587834
7 2341756 3587834
7 2341765 3587839
7 2345167 3587839
7 2345176 3587839
7 2345617 3587843
7 2345671 3587916
7 2345716 3587703
7 2345761 3587845
7 2346157 3587633
7 2346175 3587629
7 2346517 3587771
7 2346571 3587844
7 2346715 3587692
7 2346751 3587771
7 2347156 3587689
7 2347165 3587692
7 2347516 3587631
7 2347561 3587773
7 2347615 3587690
7 2347651 3587840
7 2351467 3587640
7 2351476 3587640
7 2351647 3587563
7 2351674 3587622
7 2351746 3587560
7 2351764 3587619
7 2354167 3587767
7 2354176 3587767
7 2354617 3587770
7 2354671 3587842
7 2354716 3587695
7 2354761 3587841
7 2356147 3587619
7 2356174 3587622
7 2356417 3587693
7 2356471 3587704
7 2356714 3587696
7 2356741 3587764
7 2357146 3587551
7 2357164 3587548
7 2357416 3587555
7 2357461 3587702
7 2357614 3587683
7 2357641 3587699
7 2361457 3587615
7 2361475 3587550
7 2361547 3587627
7 2361574 3587550
7 2361745 3587617
7 2361754 3587617
7 2364157 3587557
7 2364175 3587554
7 2364517 3587695
7 2364571 3587703
7 2364715 3587555
7 2364751 3587704
7 2365147 3587617
7 2365174 3587610
7 2365417 3587766
7 2365471 3587839
7 2365714 3587683
7 2365741 3587699
7 2367145 3587681
7 2367154 3587681
7 2367415 3587614
7 2367451 3587763
7 2367514 3587683
7 2367541 3587764
7 2371456 3587689
7 2371465 3587683
7 2371546 3587683
7 2371564 3587686
7 2371645 3587686
7 2371654 3587699
7 2374156 3587620
7 2374165 3587614
7 2374516 3587618
7 2374561 3587765
7 2374615 3587552
7 2374651 3587700
7 2375146 3587545
7 2375164 3587548
7 2375416 3587615
7 2375461 3587698
7 2375614 3587683
7 2375641 3587766
7 2376145 3587681
7 2376154 3587683
7 2376415 3587618
7 2376451 3587764
7 2376514 3587690
7 2376541 3587840
7 2413567 3587778
7 2413576 3587778
7 2413657 3587778
7 2413675 3587768
7 2413756 3587768
7 2413765 3587778
7 2415367 3587638
7 2415376 3587638
7 2415637 3587559
7 2415673 3587629
7 2415736 3587490
7 2415763 3587620
7 2416357 3587563
7 2416375 3587558
7 2416537 3587563
7 2416573 3587620
7 2416735 3587558
7 2416753 3587620
7 2417356 3587560
7 2417365 3587559
7 2417536 3587488
7 2417563 3587620
7 2417635 3587554
7 2417653 3587631
7 2431567 3587776
7 2431576 3587776
7 2431657 3587776
7 2431675 3587768
7 2431756 3587768
7 2431765 3587776
7 2435167 3587769
7 2435176 3587769
7 2435617 3587770
7 2435671 3587844
7 2435716 3587695
7 2435761 3587839
7 2436157 3587630
7 2436175 3587620
7 2436517 3587769
7 2436571 3587844
7 2436715 3587686
7 2436751 3587768
7 2437156 3587683
7 2437165 3587691
7 2437516 3587624
7 2437561 3587768
7 2437615 3587688
7 2437651 3587839
7 2451367 3587696
7 2451376 3587696
7 2451637 3587620
7 2451673 3587622
7 2451736 3587551
7 2451763 3587617
7 2453167 3587700
7 2453176 3587700
7 2453617 3587636
7 2453671 3587704
7 2453716 3587622
7 2453761 3587702
7 2456137 3587695
7 2456173 3587694
7 2456317 3587696
7 2456371 3587696
7 2456713 3587772
7 2456731 3587773
7 2457136 3587549
7 2457163 3587548
7 2457316 3587545
7 2457361 3587562
7 2457613 3587697
7 2457631 3587697
7 2461357 3587559
7 2461375 3587488
7 2461537 3587489
7 2461573 3587481
7 2461735 3587551
7 2461753 3587482
7 2463157 3587492
7 2463175 3587486
7 2463517 3587630
7 2463571 3587640
7 2463715 3587482
7 2463751 3587568
7 2465137 3587622
7 2465173 3587619
7 2465317 3587630
7 2465371 3587632
7 2465713 3587699
7 2465731 3587699
7 2467135 3587624
7 2467153 3587550
7 2467315 3587553
7 2467351 3587629
7 2467513 3587630
7 2467531 3587632
7 2471356 3587551
7 2471365 3587551
7 2471536 3587475
7 2471563 3587540
7 2471635 3587478
7 2471653 3587549
7 2473156 3587545
7 2473165 3587547
7 2473516 3587484
7 2473561 3587568
7 2473615 3587487
7 2473651 3587631
7 2475136 3587480
7 2475163 3587484
7 2475316 3587482
7 2475361 3587496
7 2475613 3587630
7 2475631 3587632
7 2476135 3587552
7 2476153 3587547
7 2476315 3587541
7 2476351 3587564
7 2476513 3587693
7 2476531 3587699
7 2513467 3587636
7 2513476 3587636
7 2513647 3587503
7 2513674 3587550
7 2513746 3587490
7 2513764 3587561
7 2514367 3587702
7 2514376 3587702
7 2514637 3587495
7 2514673 3587554
7 2514736 3587493
7 2514763 3587549
7 2516347 3587556
7 2516374 3587488
7 2516437 3587557
7 2516473 3587486
7 2516734 3587616
7 2516743 3587616
7 2517346 3587551
7 2517364 3587479
7 2517436 3587541
7 2517463 3587487
7 2517634 3587613
7 2517643 3587615
7 2531467 3587570
7 2531476 3587570
7 2531647 3587499
7 2531674 3587550
7 2531746 3587488
7 2531764 3587561
7 2534167 3587698
7 2534176 3587698
7 2534617 3587633
7 2534671 3587703
7 2534716 3587620
7 2534761 3587702
7 2536147 3587490
7 2536174 3587481
7 2536417 3587630
7 2536471 3587640
7 2536714 3587549
7 2536741 3587566
7 2537146 3587475
7 2537164 3587485
7 2537416 3587484
7 2537461 3587565
7 2537614 3587550
7 2537641 3587631
7 2541367 3587637
7 2541376 3587637
7 2541637 3587548
7 2541673 3587610
7 2541736 3587541
7 2541763 3587613
7 2543167 3587768
7 2543176 3587768
7 2543617 3587765
7 2543671 3587839
7 2543716 3587697
7 2543761 3587839
7 2546137 3587619
7 2546173 3587619
7 2546317 3587628
7 2546371 3587632
7 2546713 3587694
7 2546731 3587697
7 2547136 3587544
7 2547163 3587546
7 2547316 3587546
7 2547361 3587628
7 2547613 3587694
7 2547631 3587696
7 2561347 3587620
7 2561374 3587541
7 2561437 3587618
7 2561473 3587540
7 2561734 3587618
7 2561743 3587615
7 2563147 3587550
7 2563174 3587540
7 2563417 3587692
7 2563471 3587694
7 2563714 3587540
7 2563741 3587622
7 2564137 3587618
7 2564173 3587605
7 2564317 3587693
7 2564371 3587696
7 2564713 3587622
7 2564731 3587630
7 2567134 3587695
7 2567143 3587692
7 2567314 3587627
7 2567341 3587766
7 2567413 3587696
7 2567431 3587766
7 2571346 3587549
7 2571364 3587479
7 2571436 3587544
7 2571463 3587479
7 2571634 3587543
7 2571643 3587544
7 2573146 3587480
7 2573164 3587471
7 2573416 3587545
7 2573461 3587622
7 2573614 3587484
7 2573641 3587560
7 2574136 3587478
7 2574163 3587474
7 2574316 3587547
7 2574361 3587563
7 2574613 3587622
7 2574631 3587634
7 2576134 3587683
7 2576143 3587683
7 2576314 3587616
7 2576341 3587695
7 2576413 3587628
7 2576431 3587697
7 2613457 3587629
7 2613475 3587550
7 2613547 3587622
7 2613574 3587484
7 2613745 3587549
7 2613754 3587548
7 2614357 3587626
7 2614375 3587556
7 2614537 3587619
7 2614573 3587544
7 2614735 3587485
7 2614753 3587488
7 2615347 3587622
7 2615374 3587484
7 2615437 3587701
7 2615473 3587551
7 2615734 3587551
7 2615743 3587557
7 2617345 3587627
7 2617354 3587614
7 2617435 3587614
7 2617453 3587622
7 2617534 3587620
7 2617543 3587626
7 2631457 3587557
7 2631475 3587484
7 2631547 3587553
7 2631574 3587476
7 2631745 3587546
7 2631754 3587543
7 2634157 3587551
7 2634175 3587544
7 2634517 3587694
7 2634571 3587693
7 2634715 3587535
7 2634751 3587562
7 2635147 3587488
7 2635174 3587470
7 2635417 3587626
7 2635471 3587632
7 2635714 3587476
7 2635741 3587496
7 2637145 3587540
7 2637154 3587537
7 2637415 3587482
7 2637451 3587627
7 2637514 3587478
7 2637541 3587562
7 2641357 3587492
7 2641375 3587484
7 2641537 3587492
7 2641573 3587470
7 2641735 3587471
7 2641753 3587477
7 2643157 3587551
7 2643175 3587551
7 2643517 3587624
7 2643571 3587632
7 2643715 3587548
7 2643751 3587628
7 2645137 3587622
7 2645173 3587605
7 2645317 3587695
7 2645371 3587699
7 2645713 3587621
7 2645731 3587628
7 2647135 3587482
7 2647153 3587481
7 2647315 3587476
7 2647351 3587561
7 2647513 3587624
7 2647531 3587634
7 2651347 3587613
7 2651374 3587536
7 2651437 3587621
7 2651473 3587540
7 2651734 3587607
7 2651743 3587608
7 2653147 3587554
7 2653174 3587540
7 2653417 3587693
7 2653471 3587696
7 2653714 3587541
7 2653741 3587563
7 2654137 3587630
7 2654173 3587614
7 2654317 3587772
7 2654371 3587839
7 2654713 3587690
7 2654731 3587698
7 2657134 3587683
7 2657143 3587683
7 2657314 3587616
7 2657341 3587695
7 2657413 3587628
7 2657431 3587699
7 2671345 3587691
7 2671354 3587683
7 2671435 3587683
7 2671453 3587685
7 2671534 3587683
7 2671543 3587691
7 2673145 3587618
7 2673154 3587614
7 2673415 3587615
7 2673451 3587766
7 2673514 3587553
7 2673541 3587691
7 2674135 3587550
7 2674153 3587552
7 2674315 3587615
7 2674351 3587691
7 2674513 3587696
7 2674531 3587769
7 2675134 3587688
7 2675143 3587686
7 2675314 3587624
7 2675341 3587764
7 2675413 3587694
7 2675431 3587771
7 2713456 3587703
7 2713465 3587694
7 2713546 3587695
7 2713564 3587628
7 2713645 3587628
7 2713654 3587696
7 2714356 3587695
7 2714365 3587696
7 2714536 3587620
7 2714563 3587690
7 2714635 3587622
7 2714653 3587622
7 2715346 3587622
7 2715364 3587624
7 2715436 3587697
7 2715463 3587621
7 2715634 3587694
7 2715643 3587694
7 2716345 3587693
7 2716354 3587630
7 2716435 3587630
7 2716453 3587699
7 2716534 3587697
7 2716543 3587772
7 2731456 3587631
7 2731465 3587624
7 2731546 3587624
7 2731564 3587616
7 2731645 3587616
7 2731654 3587627
7 2734156 3587618
7 2734165 3587615
7 2734516 3587625
7 2734561 3587772
7 2734615 3587547
7 2734651 3587693
7 2735146 3587484
7 2735164 3587476
7 2735416 3587612
7 2735461 3587695
7 2735614 3587546
7 2735641 3587628
7 2736145 3587541
7 2736154 3587553
7 2736415 3587482
7 2736451 3587630
7 2736514 3587545
7 2736541 3587696
7 2741356 3587555
7 2741365 3587553
7 2741536 3587484
7 2741563 3587541
7 2741635 3587484
7 2741653 3587540
7 2743156 3587615
7 2743165 3587615
7 2743516 3587612
7 2743561 3587693
7 2743615 3587545
7 2743651 3587692
7 2745136 3587545
7 2745163 3587548
7 2745316 3587612
7 2745361 3587624
7 2745613 3587697
7 2745631 3587765
7 2746135 3587487
7 2746153 3587482
7 2746315 3587484
7 2746351 3587630
7 2746513 3587622
7 2746531 3587636
7 2751346 3587545
7 2751364 3587478
7 2751436 3587546
7 2751463 3587476
7 2751634 3587550
7 2751643 3587549
7 2753146 3587482
7 2753164 3587482
7 2753416 3587612
7 2753461 3587626
7 2753614 3587484
7 2753641 3587630
7 2754136 3587547
7 2754163 3587535
7 2754316 3587625
7 2754361 3587694
7 2754613 3587620
7 2754631 3587633
7 2756134 3587688
7 2756143 3587686
7 2756314 3587624
7 2756341 3587769
7 2756413 3587695
7 2756431 3587770
7 2761345 3587690
7 2761354 3587683
7 2761435 3587683
7 2761453 3587683
7 2761534 3587683
7 2761543 3587696
7 2763145 3587618
7 2763154 3587614
7 2763415 3587615
7 2763451 3587766
7 2763514 3587555
7 2763541 3587693
7 2764135 3587552
7 2764153 3587555
7 2764315 3587618
7 2764351 3587695
7 2764513 3587695
7 2764531 3587770
7 2765134 3587690
7 2765143 3587692
7 2765314 3587631
7 2765341 3587771
7 2765413 3587703
7 2765431 3587843
7 3124567 3587846
7 3124576 3587846
7 3124657 3587847
7 3124675 3587780
7 3124756 3587780
7 3124765 3587846
7 3125467 3587846
7 3125476 3587846
7 3125647 3587768
7 3125674 3587834
7 3125746 3587768
7 3125764 3587768
7 3126457 3587768
7 3126475 3587768
7 3126547 3587846
7 3126574 3587768
7 3126745 3587834
7 3126754 3587834
7 3127456 3587834
7 3127465 3587768
7 3127546 3587768
7 3127564 3587835
7 3127645 3587834
7 3127654 3587846
7 3142567 3587778
7 3142576 3587778
7 3142657 3587778
7 3142675 3587768
7 3142756 3587768
7 3142765 3587778
7 3145267 3587636
7 3145276 3587636
7 3145627 3587629
7 3145672 3587703
7 3145726 3587550
7 3145762 3587694
7 3146257 3587503
7 3146275 3587490
7 3146527 3587622
7 3146572 3587695
7 3146725 3587549
7 3146752 3587628
7 3147256 3587550
7 3147265 3587561
7 3147526 3587484
7 3147562 3587628
7 3147625 3587548
7 3147652 3587696
7 3152467 3587638
7 3152476 3587638
7 3152647 3587563
7 3152674 3587560
7 3152746 3587558
7 3152764 3587559
7 3154267 3587702
7 3154276 3587702
7 3154627 3587626
7 3154672 3587695
7 3154726 3587556
7 3154762 3587696
7 3156247 3587556
7 3156274 3587551
7 3156427 3587622
7 3156472 3587622
7 3156724 3587627
7 3156742 3587693
7 3157246 3587488
7 3157264 3587479
7 3157426 3587484
7 3157462 3587624
7 3157624 3587614
7 3157642 3587630
7 3162457 3587559
7 3162475 3587490
7 3162547 3587563
7 3162574 3587488
7 3162745 3587558
7 3162754 3587554
7 3164257 3587495
7 3164275 3587493
7 3164527 3587619
7 3164572 3587620
7 3164725 3587485
7 3164752 3587622
7 3165247 3587557
7 3165274 3587541
7 3165427 3587701
7 3165472 3587697
7 3165724 3587614
7 3165742 3587630
7 3167245 3587616
7 3167254 3587613
7 3167425 3587551
7 3167452 3587694
7 3167524 3587620
7 3167542 3587697
7 3172456 3587629
7 3172465 3587620
7 3172546 3587620
7 3172564 3587620
7 3172645 3587620
7 3172654 3587631
7 3174256 3587554
7 3174265 3587549
7 3174526 3587544
7 3174562 3587690
7 3174625 3587488
7 3174652 3587622
7 3175246 3587486
7 3175264 3587487
7 3175426 3587551
7 3175462 3587621
7 3175624 3587622
7 3175642 3587699
7 3176245 3587616
7 3176254 3587615
7 3176425 3587557
7 3176452 3587694
7 3176524 3587626
7 3176542 3587772
7 3214567 3587916
7 3214576 3587916
7 3214657 3587917
7 3214675 3587846
7 3214756 3587846
7 3214765 3587916
7 3215467 3587917
7 3215476 3587917
7 3215647 3587780
7 3215674 3587839
7 3215746 3587778
7 3215764 3587776
7 3216457 3587780
7 3216475 3587778
7 3216547 3587917
7 3216574 3587776
7 3216745 3587840
7 3216754 3587841
7 3217456 3587839
7 3217465 3587776
7 3217546 3587776
7 3217564 3587843
7 3217645 3587841
7 3217654 3587916
7 3241567 3587776
7 3241576 3587776
7 3241657 3587776
7 3241675 3587768
7 3241756 3587768
7 3241765 3587776
7 3245167 3587767
7 3245176 3587767
7 3245617 3587771
7 3245671 3587845
7 3245716 3587694
7 3245761 3587838
7 3246157 3587626
7 3246175 3587620
7 3246517 3587764
7 3246571 3587839
7 3246715 3587686
7 3246751 3587768
7 3247156 3587683
7 3247165 3587689
7 3247516 3587624
7 3247561 3587768
7 3247615 3587688
7 3247651 3587838
7 3251467 3587705
7 3251476 3587705
7 3251647 3587565
7 3251674 3587619
7 3251746 3587559
7 3251764 3587620
7 3254167 3587766
7 3254176 3587766
7 3254617 3587769
7 3254671 3587841
7 3254716 3587696
7 3254761 3587843
7 3256147 3587618
7 3256174 3587617
7 3256417 3587691
7 3256471 3587702
7 3256714 3587691
7 3256741 3587762
7 3257146 3587551
7 3257164 3587548
7 3257416 3587553
7 3257461 3587700
7 3257614 3587683
7 3257641 3587699
7 3261457 3587625
7 3261475 3587561
7 3261547 3587698
7 3261574 3587561
7 3261745 3587621
7 3261754 3587622
7 3264157 3587553
7 3264175 3587549
7 3264517 3587691
7 3264571 3587702
7 3264715 3587552
7 3264751 3587700
7 3265147 3587624
7 3265174 3587613
7 3265417 3587766
7 3265471 3587839
7 3265714 3587685
7 3265741 3587699
7 3267145 3587683
7 3267154 3587684
7 3267415 3587614
7 3267451 3587763
7 3267514 3587683
7 3267541 3587764
7 3271456 3587692
7 3271465 3587689
7 3271546 3587691
7 3271564 3587693
7 3271645 3587696
7 3271654 3587768
7 3274156 3587614
7 3274165 3587612
7 3274516 3587615
7 3274561 3587762
7 3274615 3587550
7 3274651 3587698
7 3275146 3587547
7 3275164 3587551
7 3275416 3587615
7 3275461 3587698
7 3275614 3587683
7 3275641 3587766
7 3276145 3587681
7 3276154 3587688
7 3276415 3587618
7 3276451 3587764
7 3276514 3587691
7 3276541 3587840
7 3412567 3587840
7 3412576 3587840
7 3412657 3587840
7 3412675 3587834
7 3412756 3587834
7 3412765 3587840
7 3415267 3587699
7 3415276 3587699
7 3415627 3587622
7 3415672 3587692
7 3415726 3587549
7 3415762 3587686
7 3416257 3587563
7 3416275 3587558
7 3416527 3587621
7 3416572 3587686
7 3416725 3587611
7 3416752 3587683
7 3417256 3587617
7 3417265 3587621
7 3417526 3587546
7 3417562 3587683
7 3417625 3587610
7 3417652 3587692
7 3421567 3587841
7 3421576 3587841
7 3421657 3587841
7 3421675 3587834
7 3421756 3587834
7 3421765 3587841
7 3425167 3587702
7 3425176 3587702
7 3425617 3587697
7 3425671 3587771
7 3425716 3587628
7 3425761 3587768
7 3426157 3587630
7 3426175 3587620
7 3426517 3587695
7 3426571 3587768
7 3426715 3587683
7 3426751 3587756
7 3427156 3587686
7 3427165 3587696
7 3427516 3587616
7 3427561 3587756
7 3427615 3587683
7 3427651 3587769
7 3451267 3587836
7 3451276 3587836
7 3451627 3587698
7 3451672 3587696
7 3451726 3587627
7 3451762 3587691
7 3452167 3587836
7 3452176 3587836
7 3452617 3587699
7 3452671 3587764
7 3452716 3587693
7 3452761 3587762
7 3456127 3587840
7 3456172 3587772
7 3456217 3587840
7 3456271 3587773
7 3456712 3587916
7 3456721 3587916
7 3457126 3587691
7 3457162 3587626
7 3457216 3587690
7 3457261 3587629
7 3457612 3587841
7 3457621 3587841
7 3461257 3587623
7 3461275 3587616
7 3461527 3587554
7 3461572 3587549
7 3461725 3587551
7 3461752 3587544
7 3462157 3587616
7 3462175 3587616
7 3462517 3587564
7 3462571 3587566
7 3462715 3587547
7 3462751 3587555
7 3465127 3587764
7 3465172 3587694
7 3465217 3587764
7 3465271 3587697
7 3465712 3587840
7 3465721 3587840
7 3467125 3587688
7 3467152 3587615
7 3467215 3587683
7 3467251 3587622
7 3467512 3587767
7 3467521 3587767
7 3471256 3587681
7 3471265 3587683
7 3471526 3587540
7 3471562 3587608
7 3471625 3587543
7 3471652 3587615
7 3472156 3587681
7 3472165 3587681
7 3472516 3587541
7 3472561 3587612
7 3472615 3587552
7 3472651 3587622
7 3475126 3587618
7 3475162 3587557
7 3475216 3587618
7 3475261 3587557
7 3475612 3587769
7 3475621 3587769
7 3476125 3587681
7 3476152 3587616
7 3476215 3587681
7 3476251 3587616
7 3476512 3587836
7 3476521 3587836
7 3512467 3587699
7 3512476 3587699
7 3512647 3587563
7 3512674 3587617
7 3512746 3587558
7 3512764 3587621
7 3514267 3587635
7 3514276 3587635
7 3514627 3587494
7 3514672 3587555
7 3514726 3587485
7 3514762 3587552
7 3516247 3587553
7 3516274 3587551
7 3516427 3587489
7 3516472 3587482
7 3516724 3587551
7 3516742 3587547
7 3517246 3587551
7 3517264 3587481
7 3517426 3587471
7 3517462 3587481
7 3517624 3587547
7 3517642 3587550
7 3521467 3587636
7 3521476 3587636
7 3521647 3587560
7 3521674 3587617
7 3521746 3587554
7 3521764 3587622
7 3524167 3587704
7 3524176 3587704
7 3524617 3587634
7 3524671 3587704
7 3524716 3587622
7 3524761 3587700
7 3526147 3587487
7 3526174 3587482
7 3526417 3587560
7 3526471 3587568
7 3526714 3587544
7 3526741 3587555
7 3527146 3587478
7 3527164 3587485
7 3527416 3587484
7 3527461 3587557
7 3527614 3587543
7 3527641 3587557
7 3541267 3587765
7 3541276 3587765
7 3541627 3587623
7 3541672 3587683
7 3541726 3587614
7 3541762 3587685
7 3542167 3587769
7 3542176 3587769
7 3542617 3587632
7 3542671 3587699
7 3542716 3587630
7 3542761 3587699
7 3546127 3587766
7 3546172 3587699
7 3546217 3587766
7 3546271 3587699
7 3546712 3587840
7 3546721 3587840
7 3547126 3587683
7 3547162 3587622
7 3547216 3587683
7 3547261 3587626
7 3547612 3587839
7 3547621 3587839
7 3561247 3587692
7 3561274 3587618
7 3561427 3587558
7 3561472 3587540
7 3561724 3587625
7 3561742 3587549
7 3562147 3587622
7 3562174 3587615
7 3562417 3587631
7 3562471 3587622
7 3562714 3587549
7 3562741 3587620
7 3564127 3587698
7 3564172 3587622
7 3564217 3587700
7 3564271 3587630
7 3564712 3587706
7 3564721 3587706
7 3567124 3587768
7 3567142 3587631
7 3567214 3587699
7 3567241 3587704
7 3567412 3587769
7 3567421 3587769
7 3571246 3587624
7 3571264 3587546
7 3571426 3587482
7 3571462 3587477
7 3571624 3587485
7 3571642 3587482
7 3572146 3587552
7 3572164 3587543
7 3572416 3587487
7 3572461 3587559
7 3572614 3587478
7 3572641 3587487
7 3574126 3587550
7 3574162 3587488
7 3574216 3587552
7 3574261 3587492
7 3574612 3587704
7 3574621 3587704
7 3576124 3587696
7 3576142 3587620
7 3576214 3587686
7 3576241 3587630
7 3576412 3587702
7 3576421 3587702
7 3612457 3587622
7 3612475 3587549
7 3612547 3587621
7 3612574 3587546
7 3612745 3587611
7 3612754 3587610
7 3614257 3587494
7 3614275 3587485
7 3614527 3587544
7 3614572 3587535
7 3614725 3587467
7 3614752 3587474
7 3615247 3587489
7 3615274 3587471
7 3615427 3587617
7 3615472 3587548
7 3615724 3587474
7 3615742 3587484
7 3617245 3587551
7 3617254 3587547
7 3617425 3587474
7 3617452 3587546
7 3617524 3587477
7 3617542 3587548
7 3621457 3587616
7 3621475 3587548
7 3621547 3587623
7 3621574 3587543
7 3621745 3587610
7 3621754 3587612
7 3624157 3587492
7 3624175 3587488
7 3624517 3587563
7 3624571 3587562
7 3624715 3587474
7 3624751 3587495
7 3625147 3587559
7 3625174 3587477
7 3625417 3587622
7 3625471 3587628
7 3625714 3587479
7 3625741 3587491
7 3627145 3587543
7 3627154 3587546
7 3627415 3587471
7 3627451 3587555
7 3627514 3587479
7 3627541 3587552
7 3641257 3587553
7 3641275 3587551
7 3641527 3587491
7 3641572 3587476
7 3641725 3587474
7 3641752 3587479
7 3642157 3587557
7 3642175 3587557
7 3642517 3587496
7 3642571 3587496
7 3642715 3587484
7 3642751 3587491
7 3645127 3587698
7 3645172 3587621
7 3645217 3587698
7 3645271 3587628
7 3645712 3587703
7 3645721 3587703
7 3647125 3587551
7 3647152 3587487
7 3647215 3587548
7 3647251 3587494
7 3647512 3587704
7 3647521 3587704
7 3651247 3587622
7 3651274 3587607
7 3651427 3587557
7 3651472 3587541
7 3651724 3587548
7 3651742 3587540
7 3652147 3587612
7 3652174 3587608
7 3652417 3587568
7 3652471 3587563
7 3652714 3587540
7 3652741 3587544
7 3654127 3587762
7 3654172 3587690
7 3654217 3587765
7 3654271 3587698
7 3654712 3587835
7 3654721 3587835
7 3657124 3587693
7 3657142 3587620
7 3657214 3587686
7 3657241 3587627
7 3657412 3587702
7 3657421 3587702
7 3671245 3587688
7 3671254 3587684
7 3671425 3587551
7 3671452 3587613
7 3671524 3587548
7 3671542 3587617
7 3672145 3587681
7 3672154 3587683
7 3672415 3587547
7 3672451 3587624
7 3672514 3587551
7 3672541 3587618
7 3674125 3587612
7 3674152 3587549
7 3674215 3587614
7 3674251 3587553
7 3674512 3587766
7 3674521 3587766
7 3675124 3587689
7 3675142 3587620
7 3675214 3587683
7 3675241 3587626
7 3675412 3587767
7 3675421 3587767
7 3712456 3587692
7 3712465 3587686
7 3712546 3587686
7 3712564 3587683
7 3712645 3587683
7 3712654 3587692
7 3714256 3587555
7 3714265 3587552
7 3714526 3587535
7 3714562 3587614
7 3714625 3587474
7 3714652 3587605
7 3715246 3587482
7 3715264 3587481
7 3715426 3587548
7 3715462 3587605
7 3715624 3587546
7 3715642 3587619
7 3716245 3587547
7 3716254 3587550
7 3716425 3587484
7 3716452 3587619
7 3716524 3587548
7 3716542 3587694
7 3721456 3587690
7 3721465 3587688
7 3721546 3587688
7 3721564 3587683
7 3721645 3587683
7 3721654 3587695
7 3724156 3587552
7 3724165 3587550
7 3724516 3587547
7 3724561 3587630
7 3724615 3587478
7 3724651 3587618
7 3725146 3587487
7 3725164 3587482
7 3725416 3587545
7 3725461 3587622
7 3725614 3587544
7 3725641 3587619
7 3726145 3587552
7 3726154 3587624
7 3726415 3587480
7 3726451 3587622
7 3726514 3587549
7 3726541 3587695
7 3741256 3587614
7 3741265 3587614
7 3741526 3587482
7 3741562 3587540
7 3741625 3587471
7 3741652 3587540
7 3742156 3587618
7 3742165 3587618
7 3742516 3587482
7 3742561 3587554
7 3742615 3587480
7 3742651 3587550
7 3745126 3587615
7 3745162 3587551
7 3745216 3587615
7 3745261 3587551
7 3745612 3587768
7 3745621 3587768
7 3746125 3587547
7 3746152 3587486
7 3746215 3587545
7 3746251 3587492
7 3746512 3587700
7 3746521 3587700
7 3751246 3587553
7 3751264 3587537
7 3751426 3587476
7 3751462 3587470
7 3751624 3587485
7 3751642 3587481
7 3752146 3587541
7 3752164 3587540
7 3752416 3587484
7 3752461 3587488
7 3752614 3587475
7 3752641 3587490
7 3754126 3587615
7 3754162 3587544
7 3754216 3587618
7 3754261 3587551
7 3754612 3587698
7 3754621 3587698
7 3756124 3587691
7 3756142 3587620
7 3756214 3587683
7 3756241 3587630
7 3756412 3587769
7 3756421 3587769
7 3761245 3587683
7 3761254 3587681
7 3761425 3587548
7 3761452 3587610
7 3761524 3587548
7 3761542 3587622
7 3762145 3587681
7 3762154 3587681
7 3762415 3587545
7 3762451 3587617
7 3762514 3587551
7 3762541 3587619
7 3764125 3587614
7 3764152 3587554
7 3764215 3587620
7 3764251 3587557
7 3764512 3587767
7 3764521 3587767
7 3765124 3587692
7 3765142 3587629
7 3765214 3587689
7 3765241 3587633
7 3765412 3587839
7 3765421 3587839
7 4123567 3587839
7 4123576 3587839
7 4123657 3587839
7 4123675 3587834
7 4123756 3587834
7 4123765 3587839
7 4125367 3587640
7 4125376 3587640
7 4125637 3587615
7 4125673 3587689
7 4125736 3587550
7 4125763 3587683
7 4126357 3587563
7 4126375 3587560
7 4126537 3587627
7 4126573 3587683
7 4126735 3587617
7 4126753 3587686
7 4127356 3587622
7 4127365 3587619
7 4127536 3587550
7 4127563 3587686
7 4127635 3587617
7 4127653 3587699
7 4132567 3587776
7 4132576 3587776
7 4132657 3587776
7 4132675 3587768
7 4132756 3587768
7 4132765 3587776
7 4135267 3587570
7 4135276 3587570
7 4135627 3587557
7 4135672 3587631
7 4135726 3587484
7 4135762 3587624
7 4136257 3587499
7 4136275 3587488
7 4136527 3587553
7 4136572 3587624
7 4136725 3587546
7 4136752 3587616
7 4137256 3587550
7 4137265 3587561
7 4137526 3587476
7 4137562 3587616
7 4137625 3587543
7 4137652 3587627
7 4152367 3587696
7 4152376 3587696
7 4152637 3587559
7 4152673 3587551
7 4152736 3587488
7 4152763 3587551
7 4153267 3587637
7 4153276 3587637
7 4153627 3587492
7 4153672 3587555
7 4153726 3587484
7 4153762 3587553
7 4156237 3587620
7 4156273 3587549
7 4156327 3587613
7 4156372 3587545
7 4156723 3587691
7 4156732 3587690
7 4157236 3587541
7 4157263 3587479
7 4157326 3587536
7 4157362 3587478
7 4157623 3587683
7 4157632 3587683
7 4162357 3587620
7 4162375 3587551
7 4162537 3587489
7 4162573 3587475
7 4162735 3587551
7 4162753 3587478
7 4163257 3587548
7 4163275 3587541
7 4163527 3587492
7 4163572 3587484
7 4163725 3587471
7 4163752 3587484
7 4165237 3587618
7 4165273 3587544
7 4165327 3587621
7 4165372 3587546
7 4165723 3587683
7 4165732 3587683
7 4167235 3587618
7 4167253 3587543
7 4167325 3587607
7 4167352 3587550
7 4167523 3587683
7 4167532 3587683
7 4172356 3587622
7 4172365 3587617
7 4172536 3587481
7 4172563 3587540
7 4172635 3587482
7 4172653 3587549
7 4173256 3587610
7 4173265 3587613
7 4173526 3587470
7 4173562 3587541
7 4173625 3587477
7 4173652 3587540
7 4175236 3587540
7 4175263 3587479
7 4175326 3587540
7 4175362 3587476
7 4175623 3587685
7 4175632 3587683
7 4176235 3587615
7 4176253 3587544
7 4176325 3587608
7 4176352 3587549
7 4176523 3587691
7 4176532 3587696
7 4213567 3587776
7 4213576 3587776
7 4213657 3587776
7 4213675 3587768
7 4213756 3587768
7 4213765 3587776
7 4215367 3587705
7 4215376 3587705
7 4215637 3587625
7 4215673 3587692
7 4215736 3587561
7 4215763 3587689
7 4216357 3587565
7 4216375 3587559
7 4216537 3587698
7 4216573 3587691
7 4216735 3587621
7 4216753 3587696
7 4217356 3587619
7 4217365 3587620
7 4217536 3587561
7 4217563 3587693
7 4217635 3587622
7 4217653 3587768
7 4231567 3587843
7 4231576 3587843
7 4231657 3587843
7 4231675 3587835
7 4231756 3587835
7 4231765 3587843
7 4235167 3587702
7 4235176 3587702
7 4235617 3587699
7 4235671 3587773
7 4235716 3587628
7 4235761 3587768
7 4236157 3587627
7 4236175 3587620
7 4236517 3587695
7 4236571 3587768
7 4236715 3587683
7 4236751 3587756
7 4237156 3587686
7 4237165 3587693
7 4237516 3587616
7 4237561 3587756
7 4237615 3587683
7 4237651 3587769
7 4251367 3587634
7 4251376 3587634
7 4251637 3587491
7 4251673 3587548
7 4251736 3587479
7 4251763 3587548
7 4253167 3587704
7 4253176 3587704
7 4253617 3587634
7 4253671 3587702
7 4253716 3587624
7 4253761 3587700
7 4256137 3587552
7 4256173 3587548
7 4256317 3587562
7 4256371 3587562
7 4256713 3587626
7 4256731 3587629
7 4257136 3587479
7 4257163 3587477
7 4257316 3587478
7 4257361 3587495
7 4257613 3587620
7 4257631 3587622
7 4261357 3587491
7 4261375 3587479
7 4261537 3587554
7 4261573 3587485
7 4261735 3587481
7 4261753 3587485
7 4263157 3587494
7 4263175 3587487
7 4263517 3587561
7 4263571 3587565
7 4263715 3587481
7 4263751 3587557
7 4265137 3587555
7 4265173 3587546
7 4265317 3587627
7 4265371 3587628
7 4265713 3587622
7 4265731 3587626
7 4267135 3587546
7 4267153 3587547
7 4267315 3587537
7 4267351 3587557
7 4267513 3587614
7 4267531 3587626
7 4271356 3587548
7 4271365 3587548
7 4271536 3587485
7 4271563 3587548
7 4271635 3587485
7 4271653 3587625
7 4273156 3587548
7 4273165 3587551
7 4273516 3587476
7 4273561 3587557
7 4273615 3587482
7 4273651 3587558
7 4275136 3587471
7 4275163 3587474
7 4275316 3587482
7 4275361 3587491
7 4275613 3587614
7 4275631 3587623
7 4276135 3587543
7 4276153 3587551
7 4276315 3587540
7 4276351 3587554
7 4276513 3587627
7 4276531 3587698
7 4312567 3587841
7 4312576 3587841
7 4312657 3587841
7 4312675 3587834
7 4312756 3587834
7 4312765 3587841
7 4315267 3587636
7 4315276 3587636
7 4315627 3587616
7 4315672 3587690
7 4315726 3587548
7 4315762 3587688
7 4316257 3587560
7 4316275 3587554
7 4316527 3587623
7 4316572 3587688
7 4316725 3587610
7 4316752 3587683
7 4317256 3587617
7 4317265 3587622
7 4317526 3587543
7 4317562 3587683
7 4317625 3587612
7 4317652 3587695
7 4321567 3587916
7 4321576 3587916
7 4321657 3587917
7 4321675 3587846
7 4321756 3587846
7 4321765 3587916
7 4325167 3587769
7 4325176 3587769
7 4325617 3587766
7 4325671 3587840
7 4325716 3587696
7 4325761 3587838
7 4326157 3587704
7 4326175 3587631
7 4326517 3587766
7 4326571 3587839
7 4326715 3587692
7 4326751 3587769
7 4327156 3587699
7 4327165 3587768
7 4327516 3587627
7 4327561 3587769
7 4327615 3587695
7 4327651 3587840
7 4351267 3587765
7 4351276 3587765
7 4351627 3587626
7 4351672 3587683
7 4351726 3587614
7 4351762 3587683
7 4352167 3587767
7 4352176 3587767
7 4352617 3587632
7 4352671 3587699
7 4352716 3587630
7 4352761 3587699
7 4356127 3587764
7 4356172 3587697
7 4356217 3587764
7 4356271 3587697
7 4356712 3587841
7 4356721 3587841
7 4357126 3587683
7 4357162 3587620
7 4357216 3587683
7 4357261 3587622
7 4357612 3587834
7 4357621 3587834
7 4361257 3587621
7 4361275 3587613
7 4361527 3587557
7 4361572 3587550
7 4361725 3587547
7 4361752 3587543
7 4362157 3587622
7 4362175 3587615
7 4362517 3587629
7 4362571 3587631
7 4362715 3587550
7 4362751 3587557
7 4365127 3587763
7 4365172 3587694
7 4365217 3587763
7 4365271 3587696
7 4365712 3587839
7 4365721 3587839
7 4367125 3587684
7 4367152 3587613
7 4367215 3587681
7 4367251 3587621
7 4367512 3587765
7 4367521 3587765
7 4371256 3587681
7 4371265 3587684
7 4371526 3587537
7 4371562 3587607
7 4371625 3587546
7 4371652 3587618
7 4372156 3587683
7 4372165 3587688
7 4372516 3587553
7 4372561 3587622
7 4372615 3587624
7 4372651 3587692
7 4375126 3587614
7 4375162 3587551
7 4375216 3587614
7 4375261 3587553
7 4375612 3587765
7 4375621 3587765
7 4376125 3587683
7 4376152 3587616
7 4376215 3587681
7 4376251 3587623
7 4376512 3587836
7 4376521 3587836
7 4512367 3587836
7 4512376 3587836
7 4512637 3587623
7 4512673 3587681
7 4512736 3587616
7 4512763 3587683
7 4513267 3587765
7 4513276 3587765
7 4513627 3587553
7 4513672 3587614
7 4513726 3587551
7 4513762 3587614
7 4516237 3587692
7 4516273 3587624
7 4516327 3587622
7 4516372 3587553
7 4516723 3587688
7 4516732 3587683
7 4517236 3587618
7 4517263 3587546
7 4517326 3587607
7 4517362 3587537
7 4517623 3587684
7 4517632 3587681
7 4521367 3587765
7 4521376 3587765
7 4521637 3587621
7 4521673 3587681
7 4521736 3587613
7 4521763 3587684
7 4523167 3587839
7 4523176 3587839
7 4523617 3587696
7 4523671 3587763
7 4523716 3587694
7 4523761 3587763
7 4526137 3587557
7 4526173 3587550
7 4526317 3587631
7 4526371 3587629
7 4526713 3587615
7 4526731 3587622
7 4527136 3587543
7 4527163 3587547
7 4527316 3587550
7 4527361 3587557
7 4527613 3587613
7 4527631 3587621
7 4531267 3587834
7 4531276 3587834
7 4531627 3587622
7 4531672 3587683
7 4531726 3587620
7 4531762 3587683
7 4532167 3587841
7 4532176 3587841
7 4532617 3587697
7 4532671 3587764
7 4532716 3587697
7 4532761 3587764
7 4536127 3587699
7 4536172 3587630
7 4536217 3587699
7 4536271 3587632
7 4536712 3587767
7 4536721 3587767
7 4537126 3587683
7 4537162 3587614
7 4537216 3587683
7 4537261 3587626
7 4537612 3587765
7 4537621 3587765
7 4561237 3587840
7 4561273 3587695
7 4561327 3587769
7 4561372 3587627
7 4561723 3587768
7 4561732 3587699
7 4562137 3587769
7 4562173 3587692
7 4562317 3587839
7 4562371 3587766
7 4562713 3587631
7 4562731 3587704
7 4563127 3587838
7 4563172 3587696
7 4563217 3587840
7 4563271 3587766
7 4563712 3587769
7 4563721 3587769
7 4567123 3587916
7 4567132 3587846
7 4567213 3587846
7 4567231 3587917
7 4567312 3587916
7 4567321 3587916
7 4571236 3587695
7 4571263 3587612
7 4571326 3587683
7 4571362 3587543
7 4571623 3587622
7 4571632 3587617
7 4572136 3587683
7 4572163 3587610
7 4572316 3587688
7 4572361 3587623
7 4572613 3587554
7 4572631 3587560
7 4573126 3587688
7 4573162 3587548
7 4573216 3587690
7 4573261 3587616
7 4573612 3587636
7 4573621 3587636
7 4576123 3587841
7 4576132 3587834
7 4576213 3587834
7 4576231 3587841
7 4576312 3587841
7 4576321 3587841
7 4612357 3587698
7 4612375 3587627
7 4612537 3587554
7 4612573 3587540
7 4612735 3587551
7 4612753 3587543
7 4613257 3587623
7 4613275 3587614
7 4613527 3587491
7 4613572 3587482
7 4613725 3587474
7 4613752 3587471
7 4615237 3587558
7 4615273 3587482
7 4615327 3587557
7 4615372 3587476
7 4615723 3587551
7 4615732 3587548
7 4617235 3587625
7 4617253 3587485
7 4617325 3587548
7 4617352 3587485
7 4617523 3587548
7 4617532 3587548
7 4621357 3587626
7 4621375 3587614
7 4621537 3587557
7 4621573 3587537
7 4621735 3587547
7 4621753 3587546
7 4623157 3587626
7 4623175 3587622
7 4623517 3587628
7 4623571 3587627
7 4623715 3587546
7 4623751 3587555
7 4625137 3587557
7 4625173 3587481
7 4625317 3587565
7 4625371 3587561
7 4625713 3587487
7 4625731 3587494
7 4627135 3587485
7 4627153 3587481
7 4627315 3587485
7 4627351 3587554
7 4627513 3587479
7 4627531 3587491
7 4631257 3587622
7 4631275 3587620
7 4631527 3587495
7 4631572 3587478
7 4631725 3587477
7 4631752 3587479
7 4632157 3587629
7 4632175 3587626
7 4632517 3587562
7 4632571 3587562
7 4632715 3587548
7 4632751 3587552
7 4635127 3587700
7 4635172 3587624
7 4635217 3587702
7 4635271 3587634
7 4635712 3587704
7 4635721 3587704
7 4637125 3587548
7 4637152 3587479
7 4637215 3587548
7 4637251 3587491
7 4637512 3587634
7 4637521 3587634
7 4651237 3587769
7 4651273 3587683
7 4651327 3587756
7 4651372 3587616
7 4651723 3587693
7 4651732 3587686
7 4652137 3587756
7 4652173 3587683
7 4652317 3587768
7 4652371 3587695
7 4652713 3587620
7 4652731 3587627
7 4653127 3587768
7 4653172 3587628
7 4653217 3587773
7 4653271 3587699
7 4653712 3587702
7 4653721 3587702
7 4657123 3587843
7 4657132 3587835
7 4657213 3587835
7 4657231 3587843
7 4657312 3587843
7 4657321 3587843
7 4671235 3587768
7 4671253 3587622
7 4671325 3587693
7 4671352 3587561
7 4671523 3587620
7 4671532 3587619
7 4672135 3587696
7 4672153 3587621
7 4672315 3587691
7 4672351 3587698
7 4672513 3587559
7 4672531 3587565
7 4673125 3587689
7 4673152 3587561
7 4673215 3587692
7 4673251 3587625
7 4673512 3587705
7 4673521 3587705
7 4675123 3587776
7 4675132 3587768
7 4675213 3587768
7 4675231 3587776
7 4675312 3587776
7 4675321 3587776
7 4712356 3587696
7 4712365 3587691
7 4712536 3587549
7 4712563 3587608
7 4712635 3587544
7 4712653 3587615
7 4713256 3587683
7 4713265 3587685
7 4713526 3587476
7 4713562 3587540
7 4713625 3587479
7 4713652 3587540
7 4715236 3587540
7 4715263 3587477
7 4715326 3587541
7 4715362 3587470
7 4715623 3587613
7 4715632 3587610
7 4716235 3587549
7 4716253 3587482
7 4716325 3587540
7 4716352 3587481
7 4716523 3587617
7 4716532 3587622
7 4721356 3587683
7 4721365 3587683
7 4721536 3587550
7 4721563 3587607
7 4721635 3587543
7 4721653 3587618
7 4723156 3587683
7 4723165 3587683
7 4723516 3587546
7 4723561 3587621
7 4723615 3587544
7 4723651 3587618
7 4725136 3587484
7 4725163 3587471
7 4725316 3587484
7 4725361 3587492
7 4725613 3587541
7 4725631 3587548
7 4726135 3587478
7 4726153 3587551
7 4726315 3587475
7 4726351 3587489
7 4726513 3587551
7 4726531 3587620
7 4731256 3587683
7 4731265 3587683
7 4731526 3587478
7 4731562 3587536
7 4731625 3587479
7 4731652 3587541
7 4732156 3587690
7 4732165 3587691
7 4732516 3587545
7 4732561 3587613
7 4732615 3587549
7 4732651 3587620
7 4735126 3587553
7 4735162 3587484
7 4735216 3587555
7 4735261 3587492
7 4735612 3587637
7 4735621 3587637
7 4736125 3587551
7 4736152 3587488
7 4736215 3587551
7 4736251 3587559
7 4736512 3587696
7 4736521 3587696
7 4751236 3587627
7 4751263 3587543
7 4751326 3587616
7 4751362 3587476
7 4751623 3587561
7 4751632 3587550
7 4752136 3587616
7 4752163 3587546
7 4752316 3587624
7 4752361 3587553
7 4752613 3587488
7 4752631 3587499
7 4753126 3587624
7 4753162 3587484
7 4753216 3587631
7 4753261 3587557
7 4753612 3587570
7 4753621 3587570
7 4756123 3587776
7 4756132 3587768
7 4756213 3587768
7 4756231 3587776
7 4756312 3587776
7 4756321 3587776
7 4761235 3587699
7 4761253 3587617
7 4761325 3587686
7 4761352 3587550
7 4761523 3587619
7 4761532 3587622
7 4762135 3587686
7 4762153 3587617
7 4762315 3587683
7 4762351 3587627
7 4762513 3587560
7 4762531 3587563
7 4763125 3587683
7 4763152 3587550
7 4763215 3587689
7 4763251 3587615
7 4763512 3587640
7 4763521 3587640
7 4765123 3587839
7 4765132 3587834
7 4765213 3587834
7 4765231 3587839
7 4765312 3587839
7 4765321 3587839
7 5123467 3587839
7 5123476 3587839
7 5123647 3587633
7 5123674 3587689
7 5123746 3587629
7 5123764 3587692
7 5124367 3587767
7 5124376 3587767
7 5124637 3587557
7 5124673 3587620
7 5124736 3587554
7 5124763 3587614
7 5126347 3587619
7 5126374 3587551
7 5126437 3587617
7 5126473 3587545
7 5126734 3587681
7 5126743 3587681
7 5127346 3587622
7 5127364 3587548
7 5127436 3587610
7 5127463 3587548
7 5127634 3587681
7 5127643 3587683
7 5132467 3587769
7 5132476 3587769
7 5132647 3587630
7 5132674 3587683
7 5132746 3587620
7 5132764 3587691
7 5134267 3587698
7 5134276 3587698
7 5134627 3587551
7 5134672 3587618
7 5134726 3587544
7 5134762 3587615
7 5136247 3587490
7 5136274 3587475
7 5136427 3587488
7 5136472 3587484
7 5136724 3587540
7 5136742 3587541
7 5137246 3587481
7 5137264 3587485
7 5137426 3587470
7 5137462 3587476
7 5137624 3587537
7 5137642 3587553
7 5142367 3587700
7 5142376 3587700
7 5142637 3587492
7 5142673 3587545
7 5142736 3587486
7 5142763 3587547
7 5143267 3587768
7 5143276 3587768
7 5143627 3587551
7 5143672 3587615
7 5143726 3587551
7 5143762 3587615
7 5146237 3587550
7 5146273 3587480
7 5146327 3587554
7 5146372 3587482
7 5146723 3587618
7 5146732 3587618
7 5147236 3587540
7 5147263 3587471
7 5147326 3587540
7 5147362 3587482
7 5147623 3587614
7 5147632 3587614
7 5162347 3587695
7 5162374 3587549
7 5162437 3587622
7 5162473 3587480
7 5162734 3587624
7 5162743 3587552
7 5163247 3587619
7 5163274 3587544
7 5163427 3587622
7 5163472 3587545
7 5163724 3587482
7 5163742 3587487
7 5164237 3587618
7 5164273 3587478
7 5164327 3587630
7 5164372 3587547
7 5164723 3587550
7 5164732 3587552
7 5167234 3587695
7 5167243 3587683
7 5167324 3587683
7 5167342 3587688
7 5167423 3587688
7 5167432 3587690
7 5172346 3587694
7 5172364 3587548
7 5172436 3587619
7 5172463 3587484
7 5172634 3587550
7 5172643 3587547
7 5173246 3587619
7 5173264 3587546
7 5173426 3587605
7 5173462 3587548
7 5173624 3587481
7 5173642 3587482
7 5174236 3587605
7 5174263 3587474
7 5174326 3587614
7 5174362 3587535
7 5174623 3587552
7 5174632 3587555
7 5176234 3587692
7 5176243 3587683
7 5176324 3587683
7 5176342 3587686
7 5176423 3587686
7 5176432 3587692
7 5213467 3587767
7 5213476 3587767
7 5213647 3587626
7 5213674 3587683
7 5213746 3587620
7 5213764 3587689
7 5214367 3587766
7 5214376 3587766
7 5214637 3587553
7 5214673 3587614
7 5214736 3587549
7 5214763 3587612
7 5216347 3587618
7 5216374 3587551
7 5216437 3587624
7 5216473 3587547
7 5216734 3587683
7 5216743 3587681
7 5217346 3587617
7 5217364 3587548
7 5217436 3587613
7 5217463 3587551
7 5217634 3587684
7 5217643 3587688
7 5231467 3587702
7 5231476 3587702
7 5231647 3587627
7 5231674 3587686
7 5231746 3587620
7 5231764 3587693
7 5234167 3587835
7 5234176 3587835
7 5234617 3587698
7 5234671 3587765
7 5234716 3587690
7 5234761 3587762
7 5236147 3587544
7 5236174 3587540
7 5236417 3587563
7 5236471 3587568
7 5236714 3587608
7 5236741 3587612
7 5237146 3587540
7 5237164 3587548
7 5237416 3587541
7 5237461 3587557
7 5237614 3587607
7 5237641 3587622
7 5241367 3587704
7 5241376 3587704
7 5241637 3587494
7 5241673 3587548
7 5241736 3587487
7 5241763 3587551
7 5243167 3587703
7 5243176 3587703
7 5243617 3587628
7 5243671 3587698
7 5243716 3587621
7 5243761 3587698
7 5246137 3587491
7 5246173 3587484
7 5246317 3587496
7 5246371 3587496
7 5246713 3587557
7 5246731 3587557
7 5247136 3587479
7 5247163 3587474
7 5247316 3587476
7 5247361 3587491
7 5247613 3587551
7 5247631 3587553
7 5261347 3587552
7 5261374 3587479
7 5261437 3587555
7 5261473 3587471
7 5261734 3587546
7 5261743 3587543
7 5263147 3587491
7 5263174 3587479
7 5263417 3587628
7 5263471 3587622
7 5263714 3587477
7 5263741 3587559
7 5264137 3587495
7 5264173 3587474
7 5264317 3587562
7 5264371 3587563
7 5264713 3587488
7 5264731 3587492
7 5267134 3587612
7 5267143 3587610
7 5267314 3587543
7 5267341 3587623
7 5267413 3587548
7 5267431 3587616
7 5271346 3587548
7 5271364 3587477
7 5271436 3587546
7 5271463 3587474
7 5271634 3587547
7 5271643 3587551
7 5273146 3587484
7 5273164 3587474
7 5273416 3587548
7 5273461 3587617
7 5273614 3587471
7 5273641 3587489
7 5274136 3587474
7 5274163 3587467
7 5274316 3587535
7 5274361 3587544
7 5274613 3587485
7 5274631 3587494
7 5276134 3587610
7 5276143 3587611
7 5276314 3587546
7 5276341 3587621
7 5276413 3587549
7 5276431 3587622
7 5312467 3587702
7 5312476 3587702
7 5312647 3587630
7 5312674 3587686
7 5312746 3587620
7 5312764 3587696
7 5314267 3587704
7 5314276 3587704
7 5314627 3587492
7 5314672 3587552
7 5314726 3587488
7 5314762 3587550
7 5316247 3587487
7 5316274 3587478
7 5316427 3587559
7 5316472 3587487
7 5316724 3587543
7 5316742 3587552
7 5317246 3587482
7 5317264 3587485
7 5317426 3587477
7 5317462 3587482
7 5317624 3587546
7 5317642 3587624
7 5321467 3587769
7 5321476 3587769
7 5321647 3587704
7 5321674 3587699
7 5321746 3587631
7 5321764 3587768
7 5324167 3587706
7 5324176 3587706
7 5324617 3587630
7 5324671 3587700
7 5324716 3587622
7 5324761 3587698
7 5326147 3587620
7 5326174 3587549
7 5326417 3587622
7 5326471 3587631
7 5326714 3587615
7 5326741 3587622
7 5327146 3587549
7 5327164 3587625
7 5327416 3587540
7 5327461 3587558
7 5327614 3587618
7 5327641 3587692
7 5341267 3587839
7 5341276 3587839
7 5341627 3587626
7 5341672 3587683
7 5341726 3587622
7 5341762 3587683
7 5342167 3587840
7 5342176 3587840
7 5342617 3587699
7 5342671 3587766
7 5342716 3587699
7 5342761 3587766
7 5346127 3587699
7 5346172 3587630
7 5346217 3587699
7 5346271 3587632
7 5346712 3587769
7 5346721 3587769
7 5347126 3587685
7 5347162 3587614
7 5347216 3587683
7 5347261 3587623
7 5347612 3587765
7 5347621 3587765
7 5361247 3587557
7 5361274 3587543
7 5361427 3587557
7 5361472 3587484
7 5361724 3587485
7 5361742 3587478
7 5362147 3587555
7 5362174 3587544
7 5362417 3587568
7 5362471 3587560
7 5362714 3587482
7 5362741 3587487
7 5364127 3587700
7 5364172 3587622
7 5364217 3587704
7 5364271 3587634
7 5364712 3587704
7 5364721 3587704
7 5367124 3587622
7 5367142 3587554
7 5367214 3587617
7 5367241 3587560
7 5367412 3587636
7 5367421 3587636
7 5371246 3587550
7 5371264 3587547
7 5371426 3587481
7 5371462 3587471
7 5371624 3587481
7 5371642 3587551
7 5372146 3587547
7 5372164 3587551
7 5372416 3587482
7 5372461 3587489
7 5372614 3587551
7 5372641 3587553
7 5374126 3587552
7 5374162 3587485
7 5374216 3587555
7 5374261 3587494
7 5374612 3587635
7 5374621 3587635
7 5376124 3587621
7 5376142 3587558
7 5376214 3587617
7 5376241 3587563
7 5376412 3587699
7 5376421 3587699
7 5412367 3587836
7 5412376 3587836
7 5412637 3587616
7 5412673 3587681
7 5412736 3587616
7 5412763 3587681
7 5413267 3587769
7 5413276 3587769
7 5413627 3587557
7 5413672 3587618
7 5413726 3587557
7 5413762 3587618
7 5416237 3587622
7 5416273 3587552
7 5416327 3587612
7 5416372 3587541
7 5416723 3587681
7 5416732 3587681
7 5417236 3587615
7 5417263 3587543
7 5417326 3587608
7 5417362 3587540
7 5417623 3587683
7 5417632 3587681
7 5421367 3587767
7 5421376 3587767
7 5421637 3587622
7 5421673 3587683
7 5421736 3587615
7 5421763 3587688
7 5423167 3587840
7 5423176 3587840
7 5423617 3587697
7 5423671 3587764
7 5423716 3587694
7 5423761 3587764
7 5426137 3587555
7 5426173 3587547
7 5426317 3587566
7 5426371 3587564
7 5426713 3587616
7 5426731 3587616
7 5427136 3587544
7 5427163 3587551
7 5427316 3587549
7 5427361 3587554
7 5427613 3587616
7 5427631 3587623
7 5431267 3587841
7 5431276 3587841
7 5431627 3587629
7 5431672 3587690
7 5431726 3587626
7 5431762 3587691
7 5432167 3587916
7 5432176 3587916
7 5432617 3587773
7 5432671 3587840
7 5432716 3587772
7 5432761 3587840
7 5436127 3587762
7 5436172 3587693
7 5436217 3587764
7 5436271 3587699
7 5436712 3587836
7 5436721 3587836
7 5437126 3587691
7 5437162 3587627
7 5437216 3587696
7 5437261 3587698
7 5437612 3587836
7 5437621 3587836
7 5461237 3587769
7 5461273 3587683
7 5461327 3587756
7 5461372 3587616
7 5461723 3587696
7 5461732 3587686
7 5462137 3587756
7 5462173 3587683
7 5462317 3587768
7 5462371 3587695
7 5462713 3587620
7 5462731 3587630
7 5463127 3587768
7 5463172 3587628
7 5463217 3587771
7 5463271 3587697
7 5463712 3587702
7 5463721 3587702
7 5467123 3587841
7 5467132 3587834
7 5467213 3587834
7 5467231 3587841
7 5467312 3587841
7 5467321 3587841
7 5471236 3587692
7 5471263 3587610
7 5471326 3587683
7 5471362 3587546
7 5471623 3587621
7 5471632 3587617
7 5472136 3587683
7 5472163 3587611
7 5472316 3587686
7 5472361 3587621
7 5472613 3587558
7 5472631 3587563
7 5473126 3587686
7 5473162 3587549
7 5473216 3587692
7 5473261 3587622
7 5473612 3587699
7 5473621 3587699
7 5476123 3587840
7 5476132 3587834
7 5476213 3587834
7 5476231 3587840
7 5476312 3587840
7 5476321 3587840
7 5612347 3587840
7 5612374 3587691
7 5612437 3587764
7 5612473 3587618
7 5612734 3587688
7 5612743 3587681
7 5613247 3587766
7 5613274 3587683
7 5613427 3587698
7 5613472 3587615
7 5613724 3587551
7 5613742 3587547
7 5614237 3587698
7 5614273 3587550
7 5614327 3587762
7 5614372 3587615
7 5614723 3587612
7 5614732 3587614
7 5617234 3587768
7 5617243 3587696
7 5617324 3587693
7 5617342 3587691
7 5617423 3587689
7 5617432 3587692
7 5621347 3587764
7 5621374 3587683
7 5621437 3587763
7 5621473 3587614
7 5621734 3587684
7 5621743 3587683
7 5623147 3587699
7 5623174 3587685
7 5623417 3587839
7 5623471 3587766
7 5623714 3587613
7 5623741 3587624
7 5624137 3587700
7 5624173 3587552
7 5624317 3587702
7 5624371 3587691
7 5624713 3587549
7 5624731 3587553
7 5627134 3587622
7 5627143 3587621
7 5627314 3587561
7 5627341 3587698
7 5627413 3587561
7 5627431 3587625
7 5631247 3587699
7 5631274 3587683
7 5631427 3587700
7 5631472 3587553
7 5631724 3587548
7 5631742 3587551
7 5632147 3587762
7 5632174 3587691
7 5632417 3587702
7 5632471 3587691
7 5632714 3587617
7 5632741 3587618
7 5634127 3587843
7 5634172 3587696
7 5634217 3587841
7 5634271 3587769
7 5634712 3587766
7 5634721 3587766
7 5637124 3587620
7 5637142 3587559
7 5637214 3587619
7 5637241 3587565
7 5637412 3587705
7 5637421 3587705
7 5641237 3587838
7 5641273 3587688
7 5641327 3587768
7 5641372 3587624
7 5641723 3587689
7 5641732 3587683
7 5642137 3587768
7 5642173 3587686
7 5642317 3587839
7 5642371 3587764
7 5642713 3587620
7 5642731 3587626
7 5643127 3587838
7 5643172 3587694
7 5643217 3587845
7 5643271 3587771
7 5643712 3587767
7 5643721 3587767
7 5647123 3587776
7 5647132 3587768
7 5647213 3587768
7 5647231 3587776
7 5647312 3587776
7 5647321 3587776
7 5671234 3587916
7 5671243 3587841
7 5671324 3587843
7 5671342 3587776
7 5671423 3587776
7 5671432 3587839
7 5672134 3587841
7 5672143 3587840
7 5672314 3587776
7 5672341 3587917
7 5672413 3587778
7 5672431 3587780
7 5673124 3587776
7 5673142 3587778
7 5673214 3587839
7 5673241 3587780
7 5673412 3587917
7 5673421 3587917
7 5674123 3587916
7 5674132 3587846
7 5674213 3587846
7 5674231 3587917
7 5674312 3587916
7 5674321 3587916
7 5712346 3587772
7 5712364 3587626
7 5712436 3587694
7 5712463 3587557
7 5712634 3587615
7 5712643 3587616
7 5713246 3587699
7 5713264 3587622
7 5713426 3587621
7 5713462 3587551
7 5713624 3587487
7 5713642 3587486
7 5714236 3587622
7 5714263 3587488
7 5714326 3587690
7 5714362 3587544
7 5714623 3587549
7 5714632 3587554
7 5716234 3587631
7 5716243 3587620
7 5716324 3587620
7 5716342 3587620
7 5716423 3587620
7 5716432 3587629
7 5721346 3587697
7 5721364 3587620
7 5721436 3587694
7 5721463 3587551
7 5721634 3587613
7 5721643 3587616
7 5723146 3587630
7 5723164 3587614
7 5723416 3587697
7 5723461 3587701
7 5723614 3587541
7 5723641 3587557
7 5724136 3587622
7 5724163 3587485
7 5724316 3587620
7 5724361 3587619
7 5724613 3587493
7 5724631 3587495
7 5726134 3587554
7 5726143 3587558
7 5726314 3587488
7 5726341 3587563
7 5726413 3587490
7 5726431 3587559
7 5731246 3587630
7 5731264 3587614
7 5731426 3587624
7 5731462 3587484
7 5731624 3587479
7 5731642 3587488
7 5732146 3587693
7 5732164 3587627
7 5732416 3587622
7 5732461 3587622
7 5732614 3587551
7 5732641 3587556
7 5734126 3587696
7 5734162 3587556
7 5734216 3587695
7 5734261 3587626
7 5734612 3587702
7 5734621 3587702
7 5736124 3587559
7 5736142 3587558
7 5736214 3587560
7 5736241 3587563
7 5736412 3587638
7 5736421 3587638
7 5741236 3587696
7 5741263 3587548
7 5741326 3587628
7 5741362 3587484
7 5741623 3587561
7 5741632 3587550
7 5742136 3587628
7 5742163 3587549
7 5742316 3587695
7 5742361 3587622
7 5742613 3587490
7 5742631 3587503
7 5743126 3587694
7 5743162 3587550
7 5743216 3587703
7 5743261 3587629
7 5743612 3587636
7 5743621 3587636
7 5746123 3587778
7 5746132 3587768
7 5746213 3587768
7 5746231 3587778
7 5746312 3587778
7 5746321 3587778
7 5761234 3587846
7 5761243 3587834
7 5761324 3587835
7 5761342 3587768
7 5761423 3587768
7 5761432 3587834
7 5762134 3587834
7 5762143 3587834
7 5762314 3587768
7 5762341 3587846
7 5762413 3587768
7 5762431 3587768
7 5763124 3587768
7 5763142 3587768
7 5763214 3587834
7 5763241 3587768
7 5763412 3587846
7 5763421 3587846
7 5764123 3587846
7 5764132 3587780
7 5764213 3587780
7 5764231 3587847
7 5764312 3587846
7 5764321 3587846
7 6123457 3587843
7 6123475 3587703
7 6123547 3587771
7 6123574 3587631
7 6123745 3587692
7 6123754 3587690
7 6124357 3587770
7 6124375 3587695
7 6124537 3587695
7 6124573 3587618
7 6124735 3587555
7 6124753 3587552
7 6125347 3587693
7 6125374 3587555
7 6125437 3587766
7 6125473 3587615
7 6125734 3587614
7 6125743 3587618
7 6127345 3587696
7 6127354 3587683
7 6127435 3587683
7 6127453 3587683
7 6127534 3587683
7 6127543 3587690
7 6132457 3587770
7 6132475 3587695
7 6132547 3587769
7 6132574 3587624
7 6132745 3587686
7 6132754 3587688
7 6134257 3587633
7 6134275 3587620
7 6134527 3587694
7 6134572 3587625
7 6134725 3587535
7 6134752 3587547
7 6135247 3587630
7 6135274 3587484
7 6135427 3587626
7 6135472 3587612
7 6135724 3587482
7 6135742 3587482
7 6137245 3587549
7 6137254 3587550
7 6137425 3587476
7 6137452 3587546
7 6137524 3587478
7 6137542 3587545
7 6142357 3587636
7 6142375 3587622
7 6142537 3587630
7 6142573 3587484
7 6142735 3587482
7 6142753 3587487
7 6143257 3587765
7 6143275 3587697
7 6143527 3587624
7 6143572 3587612
7 6143725 3587548
7 6143752 3587545
7 6145237 3587692
7 6145273 3587545
7 6145327 3587693
7 6145372 3587612
7 6145723 3587615
7 6145732 3587615
7 6147235 3587540
7 6147253 3587484
7 6147325 3587541
7 6147352 3587484
7 6147523 3587553
7 6147532 3587555
7 6152347 3587696
7 6152374 3587545
7 6152437 3587630
7 6152473 3587482
7 6152734 3587553
7 6152743 3587541
7 6153247 3587628
7 6153274 3587546
7 6153427 3587695
7 6153472 3587612
7 6153724 3587476
7 6153742 3587484
7 6154237 3587693
7 6154273 3587547
7 6154327 3587772
7 6154372 3587625
7 6154723 3587615
7 6154732 3587618
7 6157234 3587627
7 6157243 3587616
7 6157324 3587616
7 6157342 3587624
7 6157423 3587624
7 6157432 3587631
7 6172345 3587772
7 6172354 3587697
7 6172435 3587699
7 6172453 3587630
7 6172534 3587630
7 6172543 3587693
7 6173245 3587694
7 6173254 3587694
7 6173425 3587621
7 6173452 3587697
7 6173524 3587624
7 6173542 3587622
7 6174235 3587622
7 6174253 3587622
7 6174325 3587690
7 6174352 3587620
7 6174523 3587696
7 6174532 3587695
7 6175234 3587696
7 6175243 3587628
7 6175324 3587628
7 6175342 3587695
7 6175423 3587694
7 6175432 3587703
7 6213457 3587771
7 6213475 3587694
7 6213547 3587764
7 6213574 3587624
7 6213745 3587686
7 6213754 3587688
7 6214357 3587769
7 6214375 3587696
7 6214537 3587691
7 6214573 3587615
7 6214735 3587552
7 6214753 3587550
7 6215347 3587691
7 6215374 3587553
7 6215437 3587766
7 6215473 3587615
7 6215734 3587614
7 6215743 3587618
7 6217345 3587691
7 6217354 3587683
7 6217435 3587685
7 6217453 3587683
7 6217534 3587683
7 6217543 3587691
7 6231457 3587699
7 6231475 3587628
7 6231547 3587695
7 6231574 3587616
7 6231745 3587683
7 6231754 3587683
7 6234157 3587698
7 6234175 3587690
7 6234517 3587839
7 6234571 3587772
7 6234715 3587614
7 6234751 3587630
7 6235147 3587563
7 6235174 3587541
7 6235417 3587696
7 6235471 3587693
7 6235714 3587540
7 6235741 3587554
7 6237145 3587608
7 6237154 3587607
7 6237415 3587540
7 6237451 3587621
7 6237514 3587536
7 6237541 3587613
7 6241357 3587634
7 6241375 3587624
7 6241537 3587561
7 6241573 3587476
7 6241735 3587481
7 6241753 3587482
7 6243157 3587628
7 6243175 3587621
7 6243517 3587699
7 6243571 3587695
7 6243715 3587605
7 6243751 3587622
7 6245137 3587628
7 6245173 3587548
7 6245317 3587632
7 6245371 3587624
7 6245713 3587551
7 6245731 3587551
7 6247135 3587477
7 6247153 3587471
7 6247315 3587470
7 6247351 3587492
7 6247513 3587484
7 6247531 3587492
7 6251347 3587562
7 6251374 3587478
7 6251437 3587627
7 6251473 3587482
7 6251734 3587537
7 6251743 3587540
7 6253147 3587496
7 6253174 3587476
7 6253417 3587632
7 6253471 3587626
7 6253714 3587470
7 6253741 3587488
7 6254137 3587562
7 6254173 3587535
7 6254317 3587693
7 6254371 3587694
7 6254713 3587544
7 6254731 3587551
7 6257134 3587543
7 6257143 3587546
7 6257314 3587476
7 6257341 3587553
7 6257413 3587484
7 6257431 3587557
7 6271345 3587626
7 6271354 3587620
7 6271435 3587622
7 6271453 3587614
7 6271534 3587614
7 6271543 3587627
7 6273145 3587557
7 6273154 3587551
7 6273415 3587551
7 6273451 3587701
7 6273514 3587484
7 6273541 3587622
7 6274135 3587488
7 6274153 3587485
7 6274315 3587544
7 6274351 3587619
7 6274513 3587556
7 6274531 3587626
7 6275134 3587548
7 6275143 3587549
7 6275314 3587484
7 6275341 3587622
7 6275413 3587550
7 6275431 3587629
7 6312457 3587697
7 6312475 3587628
7 6312547 3587695
7 6312574 3587616
7 6312745 3587683
7 6312754 3587683
7 6314257 3587634
7 6314275 3587622
7 6314527 3587563
7 6314572 3587547
7 6314725 3587474
7 6314752 3587478
7 6315247 3587560
7 6315274 3587484
7 6315427 3587622
7 6315472 3587545
7 6315724 3587471
7 6315742 3587480
7 6317245 3587544
7 6317254 3587543
7 6317425 3587479
7 6317452 3587544
7 6317524 3587479
7 6317542 3587549
7 6321457 3587766
7 6321475 3587696
7 6321547 3587766
7 6321574 3587627
7 6321745 3587692
7 6321754 3587695
7 6324157 3587630
7 6324175 3587622
7 6324517 3587696
7 6324571 3587693
7 6324715 3587605
7 6324751 3587618
7 6325147 3587622
7 6325174 3587540
7 6325417 3587694
7 6325471 3587692
7 6325714 3587540
7 6325741 3587550
7 6327145 3587615
7 6327154 3587618
7 6327415 3587540
7 6327451 3587618
7 6327514 3587541
7 6327541 3587620
7 6341257 3587696
7 6341275 3587694
7 6341527 3587628
7 6341572 3587546
7 6341725 3587546
7 6341752 3587544
7 6342157 3587697
7 6342175 3587694
7 6342517 3587632
7 6342571 3587628
7 6342715 3587619
7 6342751 3587619
7 6345127 3587839
7 6345172 3587697
7 6345217 3587839
7 6345271 3587765
7 6345712 3587768
7 6345721 3587768
7 6347125 3587613
7 6347152 3587541
7 6347215 3587610
7 6347251 3587548
7 6347512 3587637
7 6347521 3587637
7 6351247 3587631
7 6351274 3587550
7 6351427 3587565
7 6351472 3587484
7 6351724 3587485
7 6351742 3587475
7 6352147 3587566
7 6352174 3587549
7 6352417 3587640
7 6352471 3587630
7 6352714 3587481
7 6352741 3587490
7 6354127 3587702
7 6354172 3587620
7 6354217 3587703
7 6354271 3587633
7 6354712 3587698
7 6354721 3587698
7 6357124 3587561
7 6357142 3587488
7 6357214 3587550
7 6357241 3587499
7 6357412 3587570
7 6357421 3587570
7 6371245 3587615
7 6371254 3587613
7 6371425 3587487
7 6371452 3587541
7 6371524 3587479
7 6371542 3587551
7 6372145 3587616
7 6372154 3587616
7 6372415 3587486
7 6372451 3587557
7 6372514 3587488
7 6372541 3587556
7 6374125 3587549
7 6374152 3587493
7 6374215 3587554
7 6374251 3587495
7 6374512 3587702
7 6374521 3587702
7 6375124 3587561
7 6375142 3587490
7 6375214 3587550
7 6375241 3587503
7 6375412 3587636
7 6375421 3587636
7 6412357 3587699
7 6412375 3587693
7 6412537 3587564
7 6412573 3587541
7 6412735 3587547
7 6412753 3587552
7 6413257 3587632
7 6413275 3587630
7 6413527 3587496
7 6413572 3587482
7 6413725 3587484
7 6413752 3587480
7 6415237 3587631
7 6415273 3587487
7 6415327 3587568
7 6415372 3587484
7 6415723 3587547
7 6415732 3587545
7 6417235 3587549
7 6417253 3587478
7 6417325 3587540
7 6417352 3587475
7 6417523 3587551
7 6417532 3587551
7 6421357 3587632
7 6421375 3587630
7 6421537 3587629
7 6421573 3587553
7 6421735 3587550
7 6421753 3587624
7 6423157 3587699
7 6423175 3587699
7 6423517 3587632
7 6423571 3587630
7 6423715 3587619
7 6423751 3587622
7 6425137 3587568
7 6425173 3587482
7 6425317 3587640
7 6425371 3587630
7 6425713 3587486
7 6425731 3587492
7 6427135 3587482
7 6427153 3587551
7 6427315 3587481
7 6427351 3587489
7 6427513 3587488
7 6427531 3587559
7 6431257 3587697
7 6431275 3587697
7 6431527 3587562
7 6431572 3587545
7 6431725 3587548
7 6431752 3587549
7 6432157 3587773
7 6432175 3587772
7 6432517 3587696
7 6432571 3587696
7 6432715 3587694
7 6432751 3587695
7 6435127 3587702
7 6435172 3587622
7 6435217 3587704
7 6435271 3587636
7 6435712 3587700
7 6435721 3587700
7 6437125 3587617
7 6437152 3587551
7 6437215 3587622
7 6437251 3587620
7 6437512 3587696
7 6437521 3587696
7 6451237 3587839
7 6451273 3587688
7 6451327 3587768
7 6451372 3587624
7 6451723 3587691
7 6451732 3587683
7 6452137 3587768
7 6452173 3587686
7 6452317 3587844
7 6452371 3587769
7 6452713 3587620
7 6452731 3587630
7 6453127 3587839
7 6453172 3587695
7 6453217 3587844
7 6453271 3587770
7 6453712 3587769
7 6453721 3587769
7 6457123 3587776
7 6457132 3587768
7 6457213 3587768
7 6457231 3587776
7 6457312 3587776
7 6457321 3587776
7 6471235 3587631
7 6471253 3587554
7 6471325 3587620
7 6471352 3587488
7 6471523 3587559
7 6471532 3587560
7 6472135 3587620
7 6472153 3587558
7 6472315 3587620
7 6472351 3587563
7 6472513 3587558
7 6472531 3587563
7 6473125 3587620
7 6473152 3587490
7 6473215 3587629
7 6473251 3587559
7 6473512 3587638
7 6473521 3587638
7 6475123 3587778
7 6475132 3587768
7 6475213 3587768
7 6475231 3587778
7 6475312 3587778
7 6475321 3587778
7 6512347 3587840
7 6512374 3587690
7 6512437 3587764
7 6512473 3587618
7 6512734 3587683
7 6512743 3587681
7 6513247 3587766
7 6513274 3587683
7 6513427 3587698
7 6513472 3587615
7 6513724 3587548
7 6513742 3587545
7 6514237 3587700
7 6514273 3587552
7 6514327 3587765
7 6514372 3587618
7 6514723 3587614
7 6514732 3587620
7 6517234 3587699
7 6517243 3587686
7 6517324 3587686
7 6517342 3587683
7 6517423 3587683
7 6517432 3587689
7 6521347 3587764
7 6521374 3587683
7 6521437 3587763
7 6521473 3587614
7 6521734 3587681
7 6521743 3587681
7 6523147 3587699
7 6523174 3587683
7 6523417 3587839
7 6523471 3587766
7 6523714 3587610
7 6523741 3587617
7 6524137 3587704
7 6524173 3587555
7 6524317 3587703
7 6524371 3587695
7 6524713 3587554
7 6524731 3587557
7 6527134 3587617
7 6527143 3587617
7 6527314 3587550
7 6527341 3587627
7 6527413 3587550
7 6527431 3587615
7 6531247 3587699
7 6531274 3587683
7 6531427 3587702
7 6531472 3587555
7 6531724 3587548
7 6531742 3587551
7 6532147 3587764
7 6532174 3587696
7 6532417 3587704
7 6532471 3587693
7 6532714 3587622
7 6532741 3587619
7 6534127 3587841
7 6534172 3587695
7 6534217 3587842
7 6534271 3587770
7 6534712 3587767
7 6534721 3587767
7 6537124 3587619
7 6537142 3587560
7 6537214 3587622
7 6537241 3587563
7 6537412 3587640
7 6537421 3587640
7 6541237 3587840
7 6541273 3587690
7 6541327 3587773
7 6541372 3587631
7 6541723 3587692
7 6541732 3587689
7 6542137 3587771
7 6542173 3587692
7 6542317 3587844
7 6542371 3587771
7 6542713 3587629
7 6542731 3587633
7 6543127 3587845
7 6543172 3587703
7 6543217 3587916
7 6543271 3587843
7 6543712 3587839
7 6543721 3587839
7 6547123 3587839
7 6547132 3587834
7 6547213 3587834
7 6547231 3587839
7 6547312 3587839
7 6547321 3587839
7 6571234 3587846
7 6571243 3587834
7 6571324 3587835
7 6571342 3587768
7 6571423 3587768
7 6571432 3587834
7 6572134 3587834
7 6572143 3587834
7 6572314 3587768
7 6572341 3587846
7 6572413 3587768
7 6572431 3587768
7 6573124 3587768
7 6573142 3587768
7 6573214 3587834
7 6573241 3587768
7 6573412 3587846
7 6573421 3587846
7 6574123 3587846
7 6574132 3587780
7 6574213 3587780
7 6574231 3587847
7 6574312 3587846
7 6574321 3587846
7 6712345 3587916
7 6712354 3587841
7 6712435 3587840
7 6712453 3587769
7 6712534 3587767
7 6712543 3587836
7 6713245 3587840
7 6713254 3587839
7 6713425 3587703
7 6713452 3587768
7 6713524 3587704
7 6713542 3587700
7 6714235 3587706
7 6714253 3587704
7 6714325 3587835
7 6714352 3587698
7 6714523 3587766
7 6714532 3587767
7 6715234 3587769
7 6715243 3587702
7 6715324 3587702
7 6715342 3587769
7 6715423 3587767
7 6715432 3587839
7 6721345 3587841
7 6721354 3587834
7 6721435 3587839
7 6721453 3587765
7 6721534 3587765
7 6721543 3587836
7 6723145 3587769
7 6723154 3587765
7 6723415 3587768
7 6723451 3587917
7 6723514 3587637
7 6723541 3587770
7 6724135 3587704
7 6724153 3587635
7 6724315 3587698
7 6724351 3587773
7 6724513 3587702
7 6724531 3587706
7 6725134 3587636
7 6725143 3587699
7 6725314 3587570
7 6725341 3587706
7 6725413 3587636
7 6725431 3587766
7 6731245 3587767
7 6731254 3587765
7 6731425 3587704
7 6731452 3587637
7 6731524 3587634
7 6731542 3587696
7 6732145 3587836
7 6732154 3587836
7 6732415 3587700
7 6732451 3587770
7 6732514 3587696
7 6732541 3587768
7 6734125 3587766
7 6734152 3587702
7 6734215 3587767
7 6734251 3587706
7 6734512 3587917
7 6734521 3587917
7 6735124 3587705
7 6735142 3587638
7 6735214 3587640
7 6735241 3587710
7 6735412 3587776
7 6735421 3587776
7 6741235 3587769
7 6741253 3587636
7 6741325 3587702
7 6741352 3587570
7 6741523 3587705
7 6741532 3587640
7 6742135 3587702
7 6742153 3587699
7 6742315 3587769
7 6742351 3587706
7 6742513 3587638
7 6742531 3587710
7 6743125 3587767
7 6743152 3587636
7 6743215 3587839
7 6743251 3587766
7 6743512 3587776
7 6743521 3587776
7 6745123 3587917
7 6745132 3587846
7 6745213 3587846
7 6745231 3587918
7 6745312 3587917
7 6745321 3587917
7 6751234 3587916
7 6751243 3587841
7 6751324 3587843
7 6751342 3587776
7 6751423 3587776
7 6751432 3587839
7 6752134 3587841
7 6752143 3587840
7 6752314 3587776
7 6752341 3587917
7 6752413 3587778
7 6752431 3587780
7 6753124 3587776
7 6753142 3587778
7 6753214 3587839
7 6753241 3587780
7 6753412 3587917
7 6753421 3587917
7 6754123 3587916
7 6754132 3587846
7 6754213 3587846
7 6754231 3587917
7 6754312 3587916
7 6754321 3587916
7 7123456 3587916
7 7123465 3587845
7 7123546 3587844
7 7123564 3587773
7 7123645 3587771
7 7123654 3587840
7 7124356 3587842
7 7124365 3587841
7 7124536 3587703
7 7124563 3587765
7 7124635 3587704
7 7124653 3587700
7 7125346 3587704
7 7125364 3587702
7 7125436 3587839
7 7125463 3587698
7 7125634 3587763
7 7125643 3587764
7 7126345 3587764
7 7126354 3587699
7 7126435 3587699
7 7126453 3587766
7 7126534 3587764
7 7126543 3587840
7 7132456 3587844
7 7132465 3587839
7 7132546 3587844
7 7132564 3587768
7 7132645 3587768
7 7132654 3587839
7 7134256 3587703
7 7134265 3587702
7 7134526 3587693
7 7134562 3587772
7 7134625 3587562
7 7134652 3587693
7 7135246 3587640
7 7135264 3587565
7 7135426 3587632
7 7135462 3587695
7 7135624 3587627
7 7135642 3587630
7 7136245 3587566
7 7136254 3587631
7 7136425 3587496
7 7136452 3587628
7 7136524 3587562
7 7136542 3587696
7 7142356 3587704
7 7142365 3587702
7 7142536 3587640
7 7142563 3587568
7 7142635 3587568
7 7142653 3587631
7 7143256 3587839
7 7143265 3587839
7 7143526 3587632
7 7143562 3587693
7 7143625 3587628
7 7143652 3587692
7 7145236 3587694
7 7145263 3587622
7 7145326 3587696
7 7145362 3587626
7 7145623 3587766
7 7145632 3587766
7 7146235 3587622
7 7146253 3587560
7 7146325 3587563
7 7146352 3587630
7 7146523 3587691
7 7146532 3587693
7 7152346 3587696
7 7152364 3587562
7 7152436 3587632
7 7152463 3587496
7 7152634 3587629
7 7152643 3587564
7 7153246 3587632
7 7153264 3587628
7 7153426 3587699
7 7153462 3587624
7 7153624 3587561
7 7153642 3587630
7 7154236 3587696
7 7154263 3587563
7 7154326 3587839
7 7154362 3587694
7 7154623 3587691
7 7154632 3587695
7 7156234 3587766
7 7156243 3587695
7 7156324 3587695
7 7156342 3587769
7 7156423 3587764
7 7156432 3587771
7 7162345 3587773
7 7162354 3587697
7 7162435 3587699
7 7162453 3587632
7 7162534 3587632
7 7162543 3587699
7 7163245 3587697
7 7163254 3587696
7 7163425 3587628
7 7163452 3587765
7 7163524 3587634
7 7163542 3587636
7 7164235 3587630
7 7164253 3587634
7 7164325 3587698
7 7164352 3587633
7 7164523 3587769
7 7164532 3587770
7 7165234 3587766
7 7165243 3587697
7 7165324 3587699
7 7165342 3587770
7 7165423 3587771
7 7165432 3587843
7 7213456 3587845
7 7213465 3587838
7 7213546 3587839
7 7213564 3587768
7 7213645 3587768
7 7213654 3587838
7 7214356 3587841
7 7214365 3587843
7 7214536 3587702
7 7214563 3587762
7 7214635 3587700
7 7214653 3587698
7 7215346 3587702
7 7215364 3587700
7 7215436 3587839
7 7215463 3587698
7 7215634 3587763
7 7215643 3587764
7 7216345 3587762
7 7216354 3587699
7 7216435 3587699
7 7216453 3587766
7 7216534 3587764
7 7216543 3587840
7 7231456 3587773
7 7231465 3587768
7 7231546 3587768
7 7231564 3587756
7 7231645 3587756
7 7231654 3587769
7 7234156 3587765
7 7234165 3587762
7 7234516 3587772
7 7234561 3587917
7 7234615 3587630
7 7234651 3587774
7 7235146 3587568
7 7235164 3587557
7 7235416 3587693
7 7235461 3587771
7 7235614 3587621
7 7235641 3587698
7 7236145 3587612
7 7236154 3587622
7 7236415 3587554
7 7236451 3587698
7 7236514 3587613
7 7236541 3587764
7 7241356 3587702
7 7241365 3587700
7 7241536 3587565
7 7241563 3587557
7 7241635 3587557
7 7241653 3587558
7 7243156 3587698
7 7243165 3587698
7 7243516 3587695
7 7243561 3587771
7 7243615 3587622
7 7243651 3587769
7 7245136 3587622
7 7245163 3587617
7 7245316 3587626
7 7245361 3587633
7 7245613 3587701
7 7245631 3587702
7 7246135 3587559
7 7246153 3587489
7 7246315 3587488
7 7246351 3587634
7 7246513 3587622
7 7246531 3587630
7 7251346 3587562
7 7251364 3587495
7 7251436 3587628
7 7251463 3587491
7 7251634 3587557
7 7251643 3587554
7 7253146 3587496
7 7253164 3587491
7 7253416 3587624
7 7253461 3587633
7 7253614 3587492
7 7253641 3587634
7 7254136 3587563
7 7254163 3587544
7 7254316 3587694
7 7254361 3587761
7 7254613 3587619
7 7254631 3587628
7 7256134 3587623
7 7256143 3587621
7 7256314 3587553
7 7256341 3587696
7 7256413 3587622
7 7256431 3587697
7 7261345 3587629
7 7261354 3587622
7 7261435 3587626
7 7261453 3587623
7 7261534 3587626
7 7261543 3587698
7 7263145 3587557
7 7263154 3587553
7 7263415 3587551
7 7263451 3587702
7 7263514 3587492
7 7263541 3587630
7 7264135 3587492
7 7264153 3587494
7 7264315 3587551
7 7264351 3587628
7 7264513 3587626
7 7264531 3587699
7 7265134 3587616
7 7265143 3587622
7 7265314 3587557
7 7265341 3587697
7 7265413 3587629
7 7265431 3587770
7 7312456 3587771
7 7312465 3587768
7 7312546 3587768
7 7312564 3587756
7 7312645 3587756
7 7312654 3587769
7 7314256 3587704
7 7314265 3587700
7 7314526 3587562
7 7314562 3587630
7 7314625 3587495
7 7314652 3587618
7 7315246 3587568
7 7315264 3587557
7 7315426 3587628
7 7315462 3587622
7 7315624 3587555
7 7315642 3587622
7 7316245 3587555
7 7316254 3587557
7 7316425 3587491
7 7316452 3587619
7 7316524 3587552
7 7316542 3587695
7 7321456 3587840
7 7321465 3587838
7 7321546 3587839
7 7321564 3587769
7 7321645 3587769
7 7321654 3587840
7 7324156 3587700
7 7324165 3587698
7 7324516 3587693
7 7324561 3587774
7 7324615 3587618
7 7324651 3587760
7 7325146 3587631
7 7325164 3587558
7 7325416 3587692
7 7325461 3587769
7 7325614 3587618
7 7325641 3587692
7 7326145 3587622
7 7326154 3587692
7 7326415 3587550
7 7326451 3587692
7 7326514 3587620
7 7326541 3587764
7 7341256 3587763
7 7341265 3587763
7 7341526 3587627
7 7341562 3587621
7 7341625 3587555
7 7341652 3587618
7 7342156 3587764
7 7342165 3587764
7 7342516 3587630
7 7342561 3587698
7 7342615 3587622
7 7342651 3587692
7 7345126 3587766
7 7345162 3587701
7 7345216 3587766
7 7345261 3587702
7 7345612 3587917
7 7345621 3587917
7 7346125 3587624
7 7346152 3587557
7 7346215 3587617
7 7346251 3587567
7 7346512 3587770
7 7346521 3587770
7 7351246 3587629
7 7351264 3587557
7 7351426 3587561
7 7351462 3587492
7 7351624 3587554
7 7351642 3587489
7 7352146 3587564
7 7352164 3587554
7 7352416 3587630
7 7352461 3587634
7 7352614 3587489
7 7352641 3587565
7 7354126 3587691
7 7354162 3587619
7 7354216 3587695
7 7354261 3587628
7 7354612 3587773
7 7354621 3587773
7 7356124 3587698
7 7356142 3587563
7 7356214 3587627
7 7356241 3587638
7 7356412 3587706
7 7356421 3587706
7 7361245 3587622
7 7361254 3587621
7 7361425 3587494
7 7361452 3587548
7 7361524 3587491
7 7361542 3587620
7 7362145 3587616
7 7362154 3587623
7 7362415 3587492
7 7362451 3587567
7 7362514 3587559
7 7362541 3587626
7 7364125 3587553
7 7364152 3587495
7 7364215 3587557
7 7364251 3587500
7 7364512 3587706
7 7364521 3587706
7 7365124 3587625
7 7365142 3587559
7 7365214 3587615
7 7365241 3587570
7 7365412 3587766
7 7365421 3587766
7 7412356 3587764
7 7412365 3587762
7 7412536 3587566
7 7412563 3587612
7 7412635 3587555
7 7412653 3587622
7 7413256 3587699
7 7413265 3587699
7 7413526 3587496
7 7413562 3587554
7 7413625 3587491
7 7413652 3587550
7 7415236 3587622
7 7415263 3587559
7 7415326 3587563
7 7415362 3587488
7 7415623 3587624
7 7415632 3587617
7 7416235 3587620
7 7416253 3587487
7 7416325 3587544
7 7416352 3587490
7 7416523 3587618
7 7416532 3587619
7 7421356 3587699
7 7421365 3587699
7 7421536 3587631
7 7421563 3587622
7 7421635 3587557
7 7421653 3587692
7 7423156 3587766
7 7423165 3587766
7 7423516 3587628
7 7423561 3587698
7 7423615 3587619
7 7423651 3587692
7 7425136 3587560
7 7425163 3587489
7 7425316 3587630
7 7425361 3587634
7 7425613 3587557
7 7425631 3587567
7 7426135 3587487
7 7426153 3587553
7 7426315 3587490
7 7426351 3587565
7 7426513 3587556
7 7426531 3587626
7 7431256 3587764
7 7431265 3587764
7 7431526 3587562
7 7431562 3587613
7 7431625 3587552
7 7431652 3587620
7 7432156 3587840
7 7432165 3587840
7 7432516 3587696
7 7432561 3587764
7 7432615 3587695
7 7432651 3587764
7 7435126 3587691
7 7435162 3587622
7 7435216 3587693
7 7435261 3587630
7 7435612 3587770
7 7435621 3587770
7 7436125 3587618
7 7436152 3587556
7 7436215 3587619
7 7436251 3587626
7 7436512 3587768
7 7436521 3587768
7 7451236 3587766
7 7451263 3587623
7 7451326 3587695
7 7451362 3587553
7 7451623 3587698
7 7451632 3587627
7 7452136 3587695
7 7452163 3587621
7 7452316 3587769
7 7452361 3587696
7 7452613 3587563
7 7452631 3587638
7 7453126 3587764
7 7453162 3587622
7 7453216 3587771
7 7453261 3587697
7 7453612 3587706
7 7453621 3587706
7 7456123 3587917
7 7456132 3587846
7 7456213 3587846
7 7456231 3587918
7 7456312 3587917
7 7456321 3587917
7 7461235 3587704
7 7461253 3587560
7 7461325 3587627
7 7461352 3587499
7 7461523 3587565
7 7461532 3587563
7 7462135 3587630
7 7462153 3587563
7 7462315 3587630
7 7462351 3587638
7 7462513 3587563
7 7462531 3587572
7 7463125 3587626
7 7463152 3587503
7 7463215 3587633
7 7463251 3587570
7 7463512 3587710
7 7463521 3587710
7 7465123 3587780
7 7465132 3587768
7 7465213 3587768
7 7465231 3587780
7 7465312 3587780
7 7465321 3587780
7 7512346 3587773
7 7512364 3587629
7 7512436 3587697
7 7512463 3587557
7 7512634 3587622
7 7512643 3587616
7 7513246 3587699
7 7513264 3587626
7 7513426 3587628
7 7513462 3587551
7 7513624 3587494
7 7513642 3587492
7 7514236 3587630
7 7514263 3587492
7 7514326 3587698
7 7514362 3587551
7 7514623 3587553
7 7514632 3587557
7 7516234 3587704
7 7516243 3587630
7 7516324 3587627
7 7516342 3587630
7 7516423 3587626
7 7516432 3587633
7 7521346 3587697
7 7521364 3587622
7 7521436 3587696
7 7521463 3587553
7 7521634 3587621
7 7521643 3587623
7 7523146 3587632
7 7523164 3587623
7 7523416 3587765
7 7523461 3587702
7 7523614 3587548
7 7523641 3587567
7 7524136 3587634
7 7524163 3587494
7 7524316 3587633
7 7524361 3587628
7 7524613 3587495
7 7524631 3587500
7 7526134 3587560
7 7526143 3587563
7 7526314 3587499
7 7526341 3587638
7 7526413 3587503
7 7526431 3587570
7 7531246 3587632
7 7531264 3587626
7 7531426 3587634
7 7531462 3587492
7 7531624 3587491
7 7531642 3587559
7 7532146 3587699
7 7532164 3587698
7 7532416 3587636
7 7532461 3587630
7 7532614 3587620
7 7532641 3587626
7 7534126 3587769
7 7534162 3587626
7 7534216 3587770
7 7534261 3587699
7 7534612 3587706
7 7534621 3587706
7 7536124 3587565
7 7536142 3587563
7 7536214 3587563
7 7536241 3587572
7 7536412 3587710
7 7536421 3587710
7 7541236 3587766
7 7541263 3587616
7 7541326 3587699
7 7541362 3587557
7 7541623 3587625
7 7541632 3587615
7 7542136 3587697
7 7542163 3587622
7 7542316 3587770
7 7542361 3587697
7 7542613 3587559
7 7542631 3587570
7 7543126 3587771
7 7543162 3587629
7 7543216 3587843
7 7543261 3587770
7 7543612 3587766
7 7543621 3587766
7 7546123 3587780
7 7546132 3587768
7 7546213 3587768
7 7546231 3587780
7 7546312 3587780
7 7546321 3587780
7 7561234 3587917
7 7561243 3587841
7 7561324 3587843
7 7561342 3587776
7 7561423 3587776
7 7561432 3587839
7 7562134 3587841
7 7562143 3587840
7 7562314 3587776
7 7562341 3587918
7 7562413 3587778
7 7562431 3587780
7 7563124 3587776
7 7563142 3587778
7 7563214 3587839
7 7563241 3587780
7 7563412 3587918
7 7563421 3587918
7 7564123 3587917
7 7564132 3587847
7 7564213 3587847
7 7564231 3587918
7 7564312 3587917
7 7564321 3587917
7 7612345 3587916
7 7612354 3587841
7 7612435 3587840
7 7612453 3587769
7 7612534 3587767
7 7612543 3587836
7 7613245 3587840
7 7613254 3587839
7 7613425 3587703
7 7613452 3587768
7 7613524 3587704
7 7613542 3587700
7 7614235 3587706
7 7614253 3587704
7 7614325 3587835
7 7614352 3587698
7 7614523 3587766
7 7614532 3587767
7 7615234 3587769
7 7615243 3587702
7 7615324 3587702
7 7615342 3587769
7 7615423 3587767
7 7615432 3587839
7 7621345 3587841
7 7621354 3587834
7 7621435 3587839
7 7621453 3587765
7 7621534 3587765
7 7621543 3587836
7 7623145 3587769
7 7623154 3587765
7 7623415 3587768
7 7623451 3587917
7 7623514 3587637
7 7623541 3587770
7 7624135 3587704
7 7624153 3587635
7 7624315 3587698
7 7624351 3587773
7 7624513 3587702
7 7624531 3587706
7 7625134 3587636
7 7625143 3587699
7 7625314 3587570
7 7625341 3587706
7 7625413 3587636
7 7625431 3587766
7 7631245 3587767
7 7631254 3587765
7 7631425 3587704
7 7631452 3587637
7 7631524 3587634
7 7631542 3587696
7 7632145 3587836
7 7632154 3587836
7 7632415 3587700
7 7632451 3587770
7 7632514 3587696
7 7632541 3587768
7 7634125 3587766
7 7634152 3587702
7 7634215 3587767
7 7634251 3587706
7 7634512 3587917
7 7634521 3587917
7 7635124 3587705
7 7635142 3587638
7 7635214 3587640
7 7635241 3587710
7 7635412 3587776
7 7635421 3587776
7 7641235 3587769
7 7641253 3587636
7 7641325 3587702
7 7641352 3587570
7 7641523 3587705
7 7641532 3587640
7 7642135 3587702
7 7642153 3587699
7 7642315 3587769
7 7642351 3587706
7 7642513 3587638
7 7642531 3587710
7 7643125 3587767
7 7643152 3587636
7 7643215 3587839
7 7643251 3587766
7 7643512 3587776
7 7643521 3587776
7 7645123 3587917
7 7645132 3587846
7 7645213 3587846
7 7645231 3587918
7 7645312 3587917
7 7645321 3587917
7 7651234 3587916
7 7651243 3587841
7 7651324 3587843
7 7651342 3587776
7 7651423 3587776
7 7651432 3587839
7 7652134 3587841
7 7652143 3587840
7 7652314 3587776
7 7652341 3587917
7 7652413 3587778
7 7652431 3587780
7 7653124 3587776
7 7653142 3587778
7 7653214 3587839
7 7653241 3587780
7 7653412 3587917
7 7653421 3587917
7 7654123 3587916
7 7654132 3587846
7 7654213 3587846
7 7654231 3587917
7 7654312 3587916
7 7654321 3587916
