3 123 58786
3 132 58786
3 213 58786
3 231 58786
3 312 58786
3 321 58786
4 1234 3763290
4 1243 3763290
4 1324 3824112
4 1342 3475090
4 1423 3475090
4 1432 3763290
4 2134 3763290
4 2143 3763290
4 2314 3475090
4 2341 3763290
4 2413 3475090
4 2431 3475090
4 3124 3475090
4 3142 3475090
4 3214 3763290
4 3241 3475090
4 3412 3763290
4 3421 3763290
4 4123 3763290
4 4132 3475090
4 4213 3475090
4 4231 3824112
4 4312 3763290
4 4321 3763290
5 12345 19318688
5 12354 19318688
5 12435 19344408
5 12453 19053058
5 12534 19053058
5 12543 19318688
5 13245 19344408
5 13254 19344408
5 13425 18945144
5 13452 18994464
5 13524 18900534
5 13542 18858720
5 14235 18945144
5 14253 18900534
5 14325 19358590
5 14352 18861307
5 14523 19015582
5 14532 19032746
5 15234 18994464
5 15243 18858720
5 15324 18861307
5 15342 19072271
5 15423 19032746
5 15432 19318688
5 21345 19318688
5 21354 19318688
5 21435 19344408
5 21453 19053058
5 21534 19053058
5 21543 19318688
5 23145 19053058
5 23154 19053058
5 23415 18994464
5 23451 19318688
5 23514 18672277
5 23541 19032746
5 24135 18900534
5 24153 18632512
5 24315 18861307
5 24351 19072271
5 24513 18815124
5 24531 18858720
5 25134 18672277
5 25143 18815124
5 25314 18478134
5 25341 18861307
5 25413 18672277
5 25431 18994464
5 31245 19053058
5 31254 19053058
5 31425 18900534
5 31452 18672277
5 31524 18632512
5 31542 18815124
5 32145 19318688
5 32154 19318688
5 32415 18858720
5 32451 19032746
5 32514 18815124
5 32541 19015582
5 34125 19015582
5 34152 18815124
5 34215 19032746
5 34251 18858720
5 34512 19318688
5 34521 19318688
5 35124 18815124
5 35142 18632512
5 35214 18672277
5 35241 18900534
5 35412 19053058
5 35421 19053058
5 41235 18994464
5 41253 18672277
5 41325 18861307
5 41352 18478134
5 41523 18815124
5 41532 18672277
5 42135 18858720
5 42153 18815124
5 42315 19072271
5 42351 18861307
5 42513 18632512
5 42531 18900534
5 43125 19032746
5 43152 18672277
5 43215 19318688
5 43251 18994464
5 43512 19053058
5 43521 19053058
5 45123 19318688
5 45132 19053058
5 45213 19053058
5 45231 19344408
5 45312 19318688
5 45321 19318688
5 51234 19318688
5 51243 19032746
5 51324 19072271
5 51342 18861307
5 51423 18858720
5 51432 18994464
5 52134 19032746
5 52143 19015582
5 52314 18861307
5 52341 19358590
5 52413 18900534
5 52431 18945144
5 53124 18858720
5 53142 18900534
5 53214 18994464
5 53241 18945144
5 53412 19344408
5 53421 19344408
5 54123 19318688
5 54132 19053058
5 54213 19053058
5 54231 19344408
5 54312 19318688
5 54321 19318688
6 123456 33835114
6 123465 33835114
6 123546 33837432
6 123564 33790151
6 123645 33790151
6 123654 33835114
6 124356 33837679
6 124365 33837679
6 124536 33757116
6 124563 33775840
6 124635 33751853
6 124653 33747415
6 125346 33757116
6 125364 33751853
6 125436 33838429
6 125463 33747089
6 125634 33778520
6 125643 33780454
6 126345 33775840
6 126354 33747415
6 126435 33747089
6 126453 33785166
6 126534 33780454
6 126543 33835114
6 132456 33837432
6 132465 33837432
6 132546 33839811
6 132564 33790967
6 132645 33790967
6 132654 33837432
6 134256 33757116
6 134265 33757116
6 134526 33736582
6 134562 33782306
6 134625 33669458
6 134652 33735408
6 135246 33721710
6 135264 33673022
6 135426 33713527
6 135462 33739711
6 135624 33697998
6 135642 33702519
6 136245 33676816
6 136254 33711372
6 136425 33633237
6 136452 33702593
6 136524 33668435
6 136542 33741282
6 142356 33757116
6 142365 33757116
6 142536 33721710
6 142563 33676816
6 142635 33673022
6 142653 33711372
6 143256 33838429
6 143265 33838429
6 143526 33713527
6 143562 33736197
6 143625 33705839
6 143652 33735112
6 145236 33741840
6 145263 33692550
6 145326 33745053
6 145362 33699112
6 145623 33777051
6 145632 33776998
6 146235 33692550
6 146253 33665219
6 146325 33671182
6 146352 33708305
6 146523 33732441
6 146532 33737112
6 152346 33736582
6 152364 33669458
6 152436 33713527
6 152463 33633237
6 152634 33697998
6 152643 33668435
6 153246 33713527
6 153264 33705839
6 153426 33751604
6 153462 33695759
6 153624 33666972
6 153642 33707621
6 154236 33745053
6 154263 33671182
6 154326 33838228
6 154362 33739461
6 154623 33732314
6 154632 33741162
6 156234 33777051
6 156243 33732441
6 156324 33732314
6 156342 33784036
6 156423 33773930
6 156432 33787790
6 162345 33782306
6 162354 33735408
6 162435 33739711
6 162453 33702593
6 162534 33702519
6 162543 33741282
6 163245 33736197
6 163254 33735112
6 163425 33695759
6 163452 33775767
6 163524 33707621
6 163542 33711239
6 164235 33699112
6 164253 33708305
6 164325 33739461
6 164352 33705830
6 164523 33784036
6 164532 33786492
6 165234 33776998
6 165243 33737112
6 165324 33741162
6 165342 33786492
6 165423 33787790
6 165432 33835114
6 213456 33835114
6 213465 33835114
6 213546 33837432
6 213564 33790151
6 213645 33790151
6 213654 33835114
6 214356 33837679
6 214365 33837679
6 214536 33757116
6 214563 33775840
6 214635 33751853
6 214653 33747415
6 215346 33757116
6 215364 33751853
6 215436 33838429
6 215463 33747089
6 215634 33778520
6 215643 33780454
6 216345 33775840
6 216354 33747415
6 216435 33747089
6 216453 33785166
6 216534 33780454
6 216543 33835114
6 231456 33790151
6 231465 33790151
6 231546 33790967
6 231564 33765743
6 231645 33765743
6 231654 33790151
6 234156 33775840
6 234165 33775840
6 234516 33782306
6 234561 33835114
6 234615 33696773
6 234651 33787790
6 235146 33676816
6 235164 33653215
6 235416 33736197
6 235461 33786492
6 235614 33683153
6 235641 33737112
6 236145 33671423
6 236154 33689584
6 236415 33649576
6 236451 33741162
6 236514 33673168
6 236541 33776998
6 241356 33751853
6 241365 33751853
6 241536 33673022
6 241563 33653215
6 241635 33653663
6 241653 33658652
6 243156 33747089
6 243165 33747089
6 243516 33739711
6 243561 33786492
6 243615 33691627
6 243651 33784036
6 245136 33692550
6 245163 33678199
6 245316 33699112
6 245361 33711239
6 245613 33737204
6 245631 33741282
6 246135 33653457
6 246153 33614205
6 246315 33616187
6 246351 33707621
6 246513 33689894
6 246531 33702519
6 251346 33669458
6 251364 33632538
6 251436 33705839
6 251463 33622952
6 251634 33653174
6 251643 33648781
6 253146 33633237
6 253164 33622952
6 253416 33695759
6 253461 33705830
6 253614 33620827
6 253641 33708305
6 254136 33671182
6 254163 33632674
6 254316 33739461
6 254361 33775767
6 254613 33684781
6 254631 33702593
6 256134 33685398
6 256143 33680926
6 256314 33642961
6 256341 33735112
6 256413 33684210
6 256431 33735408
6 261345 33696773
6 261354 33684210
6 261435 33691627
6 261453 33684781
6 261534 33689894
6 261543 33737204
6 263145 33649576
6 263154 33642961
6 263415 33637965
6 263451 33739461
6 263514 33616187
6 263541 33699112
6 264135 33616187
6 264153 33620827
6 264315 33637965
6 264351 33695759
6 264513 33691627
6 264531 33739711
6 265134 33673168
6 265143 33683153
6 265314 33649576
6 265341 33736197
6 265413 33696773
6 265431 33782306
6 312456 33790151
6 312465 33790151
6 312546 33790967
6 312564 33765743
6 312645 33765743
6 312654 33790151
6 314256 33751853
6 314265 33751853
6 314526 33669458
6 314562 33696773
6 314625 33632538
6 314652 33684210
6 315246 33673022
6 315264 33653663
6 315426 33705839
6 315462 33691627
6 315624 33653174
6 315642 33689894
6 316245 33653215
6 316254 33658652
6 316425 33622952
6 316452 33684781
6 316524 33648781
6 316542 33737204
6 321456 33835114
6 321465 33835114
6 321546 33837432
6 321564 33790151
6 321645 33790151
6 321654 33835114
6 324156 33747415
6 324165 33747415
6 324516 33735408
6 324561 33787790
6 324615 33684210
6 324651 33773930
6 325146 33711372
6 325164 33658652
6 325416 33735112
6 325461 33784036
6 325614 33680926
6 325641 33732441
6 326145 33689584
6 326154 33732379
6 326415 33642961
6 326451 33732314
6 326514 33685398
6 326541 33777051
6 341256 33778520
6 341265 33778520
6 341526 33697998
6 341562 33683153
6 341625 33653174
6 341652 33680926
6 342156 33780454
6 342165 33780454
6 342516 33702519
6 342561 33737112
6 342615 33689894
6 342651 33732441
6 345126 33777051
6 345162 33737204
6 345216 33776998
6 345261 33741282
6 345612 33835114
6 345621 33835114
6 346125 33685398
6 346152 33648781
6 346215 33673168
6 346251 33668435
6 346512 33780454
6 346521 33780454
6 351246 33697998
6 351264 33653174
6 351426 33666972
6 351462 33620827
6 351624 33648549
6 351642 33614205
6 352146 33668435
6 352164 33648781
6 352416 33707621
6 352461 33708305
6 352614 33614205
6 352641 33665219
6 354126 33732314
6 354162 33684781
6 354216 33741162
6 354261 33702593
6 354612 33785166
6 354621 33785166
6 356124 33732379
6 356142 33658652
6 356214 33689584
6 356241 33711372
6 356412 33747415
6 356421 33747415
6 361245 33683153
6 361254 33680926
6 361425 33620827
6 361452 33632674
6 361524 33614205
6 361542 33678199
6 362145 33673168
6 362154 33685398
6 362415 33616187
6 362451 33671182
6 362514 33653457
6 362541 33692550
6 364125 33642961
6 364152 33622952
6 364215 33649576
6 364251 33633237
6 364512 33747089
6 364521 33747089
6 365124 33689584
6 365142 33653215
6 365214 33671423
6 365241 33676816
6 365412 33775840
6 365421 33775840
6 412356 33775840
6 412365 33775840
6 412536 33676816
6 412563 33671423
6 412635 33653215
6 412653 33689584
6 413256 33747089
6 413265 33747089
6 413526 33633237
6 413562 33649576
6 413625 33622952
6 413652 33642961
6 415236 33692550
6 415263 33653457
6 415326 33671182
6 415362 33616187
6 415623 33685398
6 415632 33673168
6 416235 33678199
6 416253 33614205
6 416325 33632674
6 416352 33620827
6 416523 33680926
6 416532 33683153
6 421356 33747415
6 421365 33747415
6 421536 33711372
6 421563 33689584
6 421635 33658652
6 421653 33732379
6 423156 33785166
6 423165 33785166
6 423516 33702593
6 423561 33741162
6 423615 33684781
6 423651 33732314
6 425136 33665219
6 425163 33614205
6 425316 33708305
6 425361 33707621
6 425613 33648781
6 425631 33668435
6 426135 33614205
6 426153 33648549
6 426315 33620827
6 426351 33666972
6 426513 33653174
6 426531 33697998
6 431256 33780454
6 431265 33780454
6 431526 33668435
6 431562 33673168
6 431625 33648781
6 431652 33685398
6 432156 33835114
6 432165 33835114
6 432516 33741282
6 432561 33776998
6 432615 33737204
6 432651 33777051
6 435126 33732441
6 435162 33689894
6 435216 33737112
6 435261 33702519
6 435612 33780454
6 435621 33780454
6 436125 33680926
6 436152 33653174
6 436215 33683153
6 436251 33697998
6 436512 33778520
6 436521 33778520
6 451236 33777051
6 451263 33685398
6 451326 33732314
6 451362 33642961
6 451623 33732379
6 451632 33689584
6 452136 33732441
6 452163 33680926
6 452316 33784036
6 452361 33735112
6 452613 33658652
6 452631 33711372
6 453126 33773930
6 453162 33684210
6 453216 33787790
6 453261 33735408
6 453612 33747415
6 453621 33747415
6 456123 33835114
6 456132 33790151
6 456213 33790151
6 456231 33837432
6 456312 33835114
6 456321 33835114
6 461235 33737204
6 461253 33648781
6 461325 33684781
6 461352 33622952
6 461523 33658652
6 461532 33653215
6 462135 33689894
6 462153 33653174
6 462315 33691627
6 462351 33705839
6 462513 33653663
6 462531 33673022
6 463125 33684210
6 463152 33632538
6 463215 33696773
6 463251 33669458
6 463512 33751853
6 463521 33751853
6 465123 33790151
6 465132 33765743
6 465213 33765743
6 465231 33790967
6 465312 33790151
6 465321 33790151
6 512346 33782306
6 512364 33696773
6 512436 33736197
6 512463 33649576
6 512634 33683153
6 512643 33673168
6 513246 33739711
6 513264 33691627
6 513426 33695759
6 513462 33637965
6 513624 33620827
6 513642 33616187
6 514236 33699112
6 514263 33616187
6 514326 33739461
6 514362 33637965
6 514623 33642961
6 514632 33649576
6 516234 33737204
6 516243 33689894
6 516324 33684781
6 516342 33691627
6 516423 33684210
6 516432 33696773
6 521346 33735408
6 521364 33684210
6 521436 33735112
6 521463 33642961
6 521634 33680926
6 521643 33685398
6 523146 33702593
6 523164 33684781
6 523416 33775767
6 523461 33739461
6 523614 33632674
6 523641 33671182
6 524136 33708305
6 524163 33620827
6 524316 33705830
6 524361 33695759
6 524613 33622952
6 524631 33633237
6 526134 33648781
6 526143 33653174
6 526314 33622952
6 526341 33705839
6 526413 33632538
6 526431 33669458
6 531246 33702519
6 531264 33689894
6 531426 33707621
6 531462 33616187
6 531624 33614205
6 531642 33653457
6 532146 33741282
6 532164 33737204
6 532416 33711239
6 532461 33699112
6 532614 33678199
6 532641 33692550
6 534126 33784036
6 534162 33691627
6 534216 33786492
6 534261 33739711
6 534612 33747089
6 534621 33747089
6 536124 33658652
6 536142 33653663
6 536214 33653215
6 536241 33673022
6 536412 33751853
6 536421 33751853
6 541236 33776998
6 541263 33673168
6 541326 33741162
6 541362 33649576
6 541623 33689584
6 541632 33671423
6 542136 33737112
6 542163 33683153
6 542316 33786492
6 542361 33736197
6 542613 33653215
6 542631 33676816
6 543126 33787790
6 543162 33696773
6 543216 33835114
6 543261 33782306
6 543612 33775840
6 543621 33775840
6 546123 33790151
6 546132 33765743
6 546213 33765743
6 546231 33790967
6 546312 33790151
6 546321 33790151
6 561234 33835114
6 561243 33780454
6 561324 33785166
6 561342 33747089
6 561423 33747415
6 561432 33775840
6 562134 33780454
6 562143 33778520
6 562314 33747089
6 562341 33838429
6 562413 33751853
6 562431 33757116
6 563124 33747415
6 563142 33751853
6 563214 33775840
6 563241 33757116
6 563412 33837679
6 563421 33837679
6 564123 33835114
6 564132 33790151
6 564213 33790151
6 564231 33837432
6 564312 33835114
6 564321 33835114
6 612345 33835114
6 612354 33787790
6 612435 33786492
6 612453 33741162
6 612534 33737112
6 612543 33776998
6 613245 33786492
6 613254 33784036
6 613425 33705830
6 613452 33739461
6 613524 33708305
6 613542 33699112
6 614235 33711239
6 614253 33707621
6 614325 33775767
6 614352 33695759
6 614523 33735112
6 614532 33736197
6 615234 33741282
6 615243 33702519
6 615324 33702593
6 615342 33739711
6 615423 33735408
6 615432 33782306
6 621345 33787790
6 621354 33773930
6 621435 33784036
6 621453 33732314
6 621534 33732441
6 621543 33777051
6 623145 33741162
6 623154 33732314
6 623415 33739461
6 623451 33838228
6 623514 33671182
6 623541 33745053
6 624135 33707621
6 624153 33666972
6 624315 33695759
6 624351 33751604
6 624513 33705839
6 624531 33713527
6 625134 33668435
6 625143 33697998
6 625314 33633237
6 625341 33713527
6 625413 33669458
6 625431 33736582
6 631245 33737112
6 631254 33732441
6 631425 33708305
6 631452 33671182
6 631524 33665219
6 631542 33692550
6 632145 33776998
6 632154 33777051
6 632415 33699112
6 632451 33745053
6 632514 33692550
6 632541 33741840
6 634125 33735112
6 634152 33705839
6 634215 33736197
6 634251 33713527
6 634512 33838429
6 634521 33838429
6 635124 33711372
6 635142 33673022
6 635214 33676816
6 635241 33721710
6 635412 33757116
6 635421 33757116
6 641235 33741282
6 641253 33668435
6 641325 33702593
6 641352 33633237
6 641523 33711372
6 641532 33676816
6 642135 33702519
6 642153 33697998
6 642315 33739711
6 642351 33713527
6 642513 33673022
6 642531 33721710
6 643125 33735408
6 643152 33669458
6 643215 33782306
6 643251 33736582
6 643512 33757116
6 643521 33757116
6 645123 33837432
6 645132 33790967
6 645213 33790967
6 645231 33839811
6 645312 33837432
6 645321 33837432
6 651234 33835114
6 651243 33780454
6 651324 33785166
6 651342 33747089
6 651423 33747415
6 651432 33775840
6 652134 33780454
6 652143 33778520
6 652314 33747089
6 652341 33838429
6 652413 33751853
6 652431 33757116
6 653124 33747415
6 653142 33751853
6 653214 33775840
6 653241 33757116
6 653412 33837679
6 653421 33837679
6 654123 33835114
6 654132 33790151
6 654213 33790151
6 654231 33837432
6 654312 33835114
6 654321 33835114
7 1234567 38957991
7 1234576 38957991
7 1234657 38958072
7 1234675 38955033
7 1234756 38955033
7 1234765 38957991
7 1235467 38958076
7 1235476 38958076
7 1235647 38952416
7 1235674 38954466
7 1235746 38952244
7 1235764 38952084
7 1236457 38952416
7 1236475 38952244
7 1236547 38958086
7 1236574 38952079
7 1236745 38954553
7 1236754 38954629
7 1237456 38954466
7 1237465 38952084
7 1237546 38952079
7 1237564 38954793
7 1237645 38954629
7 1237654 38957991
7 1243567 38958076
7 1243576 38958076
7 1243657 38958158
7 1243675 38955045
7 1243756 38955045
7 1243765 38958076
7 1245367 38952145
7 1245376 38952145
7 1245637 38951328
7 1245673 38954439
7 1245736 38946218
7 1245763 38951354
7 1246357 38949502
7 1246375 38946385
7 1246537 38949187
7 1246573 38951512
7 1246735 38948603
7 1246753 38948811
7 1247356 38946536
7 1247365 38949114
7 1247536 38943578
7 1247563 38948812
7 1247635 38946203
7 1247653 38951561
7 1253467 38952145
7 1253476 38952145
7 1253647 38949502
7 1253674 38946536
7 1253746 38946385
7 1253764 38949114
7 1254367 38958090
7 1254376 38958090
7 1254637 38949180
7 1254673 38951366
7 1254736 38948872
7 1254763 38951303
7 1256347 38951509
7 1256374 38948365
7 1256437 38951652
7 1256473 38948656
7 1256734 38954203
7 1256743 38954202
7 1257346 38948365
7 1257364 38946066
7 1257436 38946295
7 1257463 38948991
7 1257634 38951200
7 1257643 38951374
7 1263457 38951328
7 1263475 38946218
7 1263547 38949187
7 1263574 38943578
7 1263745 38948603
7 1263754 38946203
7 1264357 38949180
7 1264375 38948872
7 1264537 38951901
7 1264573 38948502
7 1264735 38946138
7 1264753 38948981
7 1265347 38951652
7 1265374 38946295
7 1265437 38958086
7 1265473 38951473
7 1265734 38951198
7 1265743 38951536
7 1267345 38954203
7 1267354 38951200
7 1267435 38951198
7 1267453 38954465
7 1267534 38954055
7 1267543 38954624
7 1273456 38954439
7 1273465 38951354
7 1273546 38951512
7 1273564 38948812
7 1273645 38948811
7 1273654 38951561
7 1274356 38951366
7 1274365 38951303
7 1274536 38948502
7 1274563 38954128
7 1274635 38948981
7 1274653 38949134
7 1275346 38948656
7 1275364 38948991
7 1275436 38951473
7 1275463 38948891
7 1275634 38954465
7 1275643 38954548
7 1276345 38954202
7 1276354 38951374
7 1276435 38951536
7 1276453 38954548
7 1276534 38954624
7 1276543 38957991
7 1324567 38958072
7 1324576 38958072
7 1324657 38958153
7 1324675 38955110
7 1324756 38955110
7 1324765 38958072
7 1325467 38958158
7 1325476 38958158
7 1325647 38952428
7 1325674 38954471
7 1325746 38952254
7 1325764 38952092
7 1326457 38952428
7 1326475 38952254
7 1326547 38958168
7 1326574 38952087
7 1326745 38954559
7 1326754 38954636
7 1327456 38954471
7 1327465 38952092
7 1327546 38952087
7 1327564 38954801
7 1327645 38954636
7 1327654 38958072
7 1342567 38952416
7 1342576 38952416
7 1342657 38952428
7 1342675 38951467
7 1342756 38951467
7 1342765 38952416
7 1345267 38951328
7 1345276 38951328
7 1345627 38951561
7 1345672 38954776
7 1345726 38945623
7 1345762 38951650
7 1346257 38943617
7 1346275 38942719
7 1346527 38948420
7 1346572 38951582
7 1346725 38945091
7 1346752 38948415
7 1347256 38944618
7 1347265 38945381
7 1347526 38942535
7 1347562 38948571
7 1347625 38944655
7 1347652 38951264
7 1352467 38949502
7 1352476 38949502
7 1352647 38943767
7 1352674 38943031
7 1352746 38943038
7 1352764 38943219
7 1354267 38949180
7 1354276 38949180
7 1354627 38948571
7 1354672 38951582
7 1354726 38945413
7 1354762 38951497
7 1356247 38945458
7 1356274 38944924
7 1356427 38945733
7 1356472 38946152
7 1356724 38948462
7 1356742 38948568
7 1357246 38942699
7 1357264 38939922
7 1357426 38939993
7 1357462 38946014
7 1357624 38945364
7 1357642 38945856
7 1362457 38943617
7 1362475 38940917
7 1362547 38946422
7 1362574 38940576
7 1362745 38943026
7 1362754 38942820
7 1364257 38940673
7 1364275 38940271
7 1364527 38945588
7 1364572 38945920
7 1364725 38940154
7 1364752 38946022
7 1365247 38943377
7 1365274 38941876
7 1365427 38948856
7 1365472 38951193
7 1365724 38945147
7 1365742 38945855
7 1367245 38945187
7 1367254 38945023
7 1367425 38942237
7 1367452 38948346
7 1367524 38945089
7 1367542 38948406
7 1372456 38945969
7 1372465 38945447
7 1372546 38945749
7 1372564 38945501
7 1372645 38945724
7 1372654 38948985
7 1374256 38942559
7 1374265 38942278
7 1374526 38942066
7 1374562 38948485
7 1374625 38939998
7 1374652 38945696
7 1375246 38939995
7 1375264 38940166
7 1375426 38942094
7 1375462 38945537
7 1375624 38945402
7 1375642 38948568
7 1376245 38944671
7 1376254 38945118
7 1376425 38942548
7 1376452 38948404
7 1376524 38945640
7 1376542 38951825
7 1423567 38952416
7 1423576 38952416
7 1423657 38952428
7 1423675 38951467
7 1423756 38951467
7 1423765 38952416
7 1425367 38949502
7 1425376 38949502
7 1425637 38943617
7 1425673 38945969
7 1425736 38940917
7 1425763 38945447
7 1426357 38943767
7 1426375 38943038
7 1426537 38946422
7 1426573 38945749
7 1426735 38943026
7 1426753 38945724
7 1427356 38943031
7 1427365 38943219
7 1427536 38940576
7 1427563 38945501
7 1427635 38942820
7 1427653 38948985
7 1432567 38958086
7 1432576 38958086
7 1432657 38958168
7 1432675 38955045
7 1432756 38955045
7 1432765 38958086
7 1435267 38949187
7 1435276 38949187
7 1435627 38948420
7 1435672 38951663
7 1435726 38945116
7 1435762 38951112
7 1436257 38946422
7 1436275 38943067
7 1436527 38948381
7 1436572 38951501
7 1436725 38945021
7 1436752 38948251
7 1437256 38945528
7 1437265 38948541
7 1437526 38942262
7 1437562 38948249
7 1437625 38945182
7 1437652 38951276
7 1452367 38951509
7 1452376 38951509
7 1452637 38945458
7 1452673 38944880
7 1452736 38942488
7 1452763 38944808
7 1453267 38951652
7 1453276 38951652
7 1453627 38945733
7 1453672 38948114
7 1453726 38945105
7 1453762 38947941
7 1456237 38951121
7 1456273 38948208
7 1456327 38951119
7 1456372 38948324
7 1456723 38954525
7 1456732 38954525
7 1457236 38944939
7 1457263 38942149
7 1457326 38944425
7 1457362 38942920
7 1457623 38951097
7 1457632 38951102
7 1462357 38945458
7 1462375 38942488
7 1462537 38943236
7 1462573 38939878
7 1462735 38942223
7 1462753 38939628
7 1463257 38943377
7 1463275 38942591
7 1463527 38946081
7 1463572 38945716
7 1463725 38939781
7 1463752 38942790
7 1465237 38948053
7 1465273 38944840
7 1465327 38948540
7 1465372 38945537
7 1465723 38951263
7 1465732 38951272
7 1467235 38948002
7 1467253 38942547
7 1467325 38945090
7 1467352 38945812
7 1467523 38948545
7 1467532 38948567
7 1472356 38944880
7 1472365 38944808
7 1472536 38939878
7 1472563 38941572
7 1472635 38939628
7 1472653 38944968
7 1473256 38944768
7 1473265 38945294
7 1473526 38939710
7 1473562 38943006
7 1473625 38942719
7 1473652 38945129
7 1475236 38942012
7 1475263 38939918
7 1475326 38942309
7 1475362 38940296
7 1475623 38948561
7 1475632 38948561
7 1476235 38945070
7 1476253 38942379
7 1476325 38944357
7 1476352 38943251
7 1476523 38950956
7 1476532 38951132
7 1523467 38951328
7 1523476 38951328
7 1523647 38943617
7 1523674 38944618
7 1523746 38942719
7 1523764 38945381
7 1524367 38949180
7 1524376 38949180
7 1524637 38940673
7 1524673 38942559
7 1524736 38940271
7 1524763 38942278
7 1526347 38945458
7 1526374 38942699
7 1526437 38943377
7 1526473 38939995
7 1526734 38945187
7 1526743 38944671
7 1527346 38944924
7 1527364 38939922
7 1527436 38941876
7 1527463 38940166
7 1527634 38945023
7 1527643 38945118
7 1532467 38949187
7 1532476 38949187
7 1532647 38946422
7 1532674 38945528
7 1532746 38943067
7 1532764 38948541
7 1534267 38951901
7 1534276 38951901
7 1534627 38945588
7 1534672 38948260
7 1534726 38944885
7 1534762 38947933
7 1536247 38943236
7 1536274 38939784
7 1536427 38946081
7 1536472 38945720
7 1536724 38942335
7 1536742 38943092
7 1537246 38939784
7 1537264 38942330
7 1537426 38940021
7 1537462 38942866
7 1537624 38942541
7 1537642 38945658
7 1542367 38951652
7 1542376 38951652
7 1542637 38943377
7 1542673 38944768
7 1542736 38942591
7 1542763 38945294
7 1543267 38958086
7 1543276 38958086
7 1543627 38948856
7 1543672 38951267
7 1543726 38948736
7 1543762 38951273
7 1546237 38948053
7 1546273 38945065
7 1546327 38948540
7 1546372 38945701
7 1546723 38951100
7 1546732 38951114
7 1547236 38944769
7 1547263 38942373
7 1547326 38945053
7 1547362 38945494
7 1547623 38951023
7 1547632 38951043
7 1562347 38951121
7 1562374 38944939
7 1562437 38948053
7 1562473 38942012
7 1562734 38948002
7 1562743 38945070
7 1563247 38948053
7 1563274 38944769
7 1563427 38951542
7 1563472 38948033
7 1563724 38942620
7 1563742 38945803
7 1564237 38950841
7 1564273 38944791
7 1564327 38951919
7 1564372 38948079
7 1564723 38948465
7 1564732 38948653
7 1567234 38954517
7 1567243 38951471
7 1567324 38951472
7 1567342 38954452
7 1567423 38954345
7 1567432 38954538
7 1572346 38948208
7 1572364 38942149
7 1572436 38944840
7 1572463 38939918
7 1572634 38942547
7 1572643 38942379
7 1573246 38945065
7 1573264 38942373
7 1573426 38945095
7 1573462 38945555
7 1573624 38942549
7 1573642 38943412
7 1574236 38944791
7 1574263 38940247
7 1574326 38945722
7 1574362 38942946
7 1574623 38948652
7 1574632 38948978
7 1576234 38951471
7 1576243 38950474
7 1576324 38950469
7 1576342 38951422
7 1576423 38951398
7 1576432 38951666
7 1623457 38951561
7 1623475 38945623
7 1623547 38948420
7 1623574 38942535
7 1623745 38945091
7 1623754 38944655
7 1624357 38948571
7 1624375 38945413
7 1624537 38945588
7 1624573 38942066
7 1624735 38940154
7 1624753 38939998
7 1625347 38945733
7 1625374 38939993
7 1625437 38948856
7 1625473 38942094
7 1625734 38942237
7 1625743 38942548
7 1627345 38948462
7 1627354 38945364
7 1627435 38945147
7 1627453 38945402
7 1627534 38945089
7 1627543 38945640
7 1632457 38948420
7 1632475 38945116
7 1632547 38948381
7 1632574 38942262
7 1632745 38945021
7 1632754 38945182
7 1634257 38945588
7 1634275 38944885
7 1634527 38950896
7 1634572 38948148
7 1634725 38941553
7 1634752 38942995
7 1635247 38946081
7 1635274 38940021
7 1635427 38945985
7 1635472 38945232
7 1635724 38939912
7 1635742 38940299
7 1637245 38942335
7 1637254 38942541
7 1637425 38939912
7 1637452 38945572
7 1637524 38940242
7 1637542 38942946
7 1642357 38945733
7 1642375 38945105
7 1642537 38946081
7 1642573 38939710
7 1642735 38939781
7 1642753 38942719
7 1643257 38948856
7 1643275 38948736
7 1643527 38945985
7 1643572 38945371
7 1643725 38944708
7 1643752 38945115
7 1645237 38951542
7 1645273 38945095
7 1645327 38951705
7 1645372 38948248
7 1645723 38948458
7 1645732 38948472
7 1647235 38942620
7 1647253 38942549
7 1647325 38942547
7 1647352 38943178
7 1647523 38948652
7 1647532 38948816
7 1652347 38951119
7 1652374 38944425
7 1652437 38948540
7 1652473 38942309
7 1652734 38945090
7 1652743 38944357
7 1653247 38948540
7 1653274 38945053
7 1653427 38951705
7 1653472 38948084
7 1653724 38942547
7 1653742 38943410
7 1654237 38951919
7 1654273 38945722
7 1654327 38958082
7 1654372 38951742
7 1654723 38950957
7 1654732 38951216
7 1657234 38951472
7 1657243 38950469
7 1657324 38950486
7 1657342 38951422
7 1657423 38951412
7 1657432 38951833
7 1672345 38954525
7 1672354 38951097
7 1672435 38951263
7 1672453 38948561
7 1672534 38948545
7 1672543 38950956
7 1673245 38951100
7 1673254 38951023
7 1673425 38948458
7 1673452 38954452
7 1673524 38948652
7 1673542 38948815
7 1674235 38948465
7 1674253 38948652
7 1674325 38950957
7 1674352 38948797
7 1674523 38954777
7 1674532 38954625
7 1675234 38954345
7 1675243 38951398
7 1675324 38951412
7 1675342 38954469
7 1675423 38954363
7 1675432 38954951
7 1723456 38954776
7 1723465 38951650
7 1723546 38951582
7 1723564 38948571
7 1723645 38948415
7 1723654 38951264
7 1724356 38951582
7 1724365 38951497
7 1724536 38945920
7 1724563 38948485
7 1724635 38946022
7 1724653 38945696
7 1725346 38946152
7 1725364 38946014
7 1725436 38951193
7 1725463 38945537
7 1725634 38948346
7 1725643 38948404
7 1726345 38948568
7 1726354 38945856
7 1726435 38945855
7 1726453 38948568
7 1726534 38948406
7 1726543 38951825
7 1732456 38951663
7 1732465 38951112
7 1732546 38951501
7 1732564 38948249
7 1732645 38948251
7 1732654 38951276
7 1734256 38948260
7 1734265 38947933
7 1734526 38948148
7 1734562 38954434
7 1734625 38942995
7 1734652 38948326
7 1735246 38945720
7 1735264 38942866
7 1735426 38945232
7 1735462 38948559
7 1735624 38945572
7 1735642 38945877
7 1736245 38943092
7 1736254 38945658
7 1736425 38940299
7 1736452 38945877
7 1736524 38942946
7 1736542 38948384
7 1742356 38948114
7 1742365 38947941
7 1742536 38945716
7 1742563 38943006
7 1742635 38942790
7 1742653 38945129
7 1743256 38951267
7 1743265 38951273
7 1743526 38945371
7 1743562 38948318
7 1743625 38945115
7 1743652 38948191
7 1745236 38948033
7 1745263 38945555
7 1745326 38948084
7 1745362 38945852
7 1745623 38954452
7 1745632 38954448
7 1746235 38945803
7 1746253 38943412
7 1746325 38943410
7 1746352 38946521
7 1746523 38948815
7 1746532 38948991
7 1752346 38948324
7 1752364 38942920
7 1752436 38945537
7 1752463 38940296
7 1752634 38945812
7 1752643 38943251
7 1753246 38945701
7 1753264 38945494
7 1753426 38948248
7 1753462 38945852
7 1753624 38943178
7 1753642 38946521
7 1754236 38948079
7 1754263 38942946
7 1754326 38951742
7 1754362 38948123
7 1754623 38948797
7 1754632 38948909
7 1756234 38954452
7 1756243 38951422
7 1756324 38951422
7 1756342 38954858
7 1756423 38954469
7 1756432 38954867
7 1762345 38954525
7 1762354 38951102
7 1762435 38951272
7 1762453 38948561
7 1762534 38948567
7 1762543 38951132
7 1763245 38951114
7 1763254 38951043
7 1763425 38948472
7 1763452 38954448
7 1763524 38948816
7 1763542 38948991
7 1764235 38948653
7 1764253 38948978
7 1764325 38951216
7 1764352 38948909
7 1764523 38954625
7 1764532 38954710
7 1765234 38954538
7 1765243 38951666
7 1765324 38951833
7 1765342 38954867
7 1765423 38954951
7 1765432 38957991
7 2134567 38957991
7 2134576 38957991
7 2134657 38958072
7 2134675 38955033
7 2134756 38955033
7 2134765 38957991
7 2135467 38958076
7 2135476 38958076
7 2135647 38952416
7 2135674 38954466
7 2135746 38952244
7 2135764 38952084
7 2136457 38952416
7 2136475 38952244
7 2136547 38958086
7 2136574 38952079
7 2136745 38954553
7 2136754 38954629
7 2137456 38954466
7 2137465 38952084
7 2137546 38952079
7 2137564 38954793
7 2137645 38954629
7 2137654 38957991
7 2143567 38958076
7 2143576 38958076
7 2143657 38958158
7 2143675 38955045
7 2143756 38955045
7 2143765 38958076
7 2145367 38952145
7 2145376 38952145
7 2145637 38951328
7 2145673 38954439
7 2145736 38946218
7 2145763 38951354
7 2146357 38949502
7 2146375 38946385
7 2146537 38949187
7 2146573 38951512
7 2146735 38948603
7 2146753 38948811
7 2147356 38946536
7 2147365 38949114
7 2147536 38943578
7 2147563 38948812
7 2147635 38946203
7 2147653 38951561
7 2153467 38952145
7 2153476 38952145
7 2153647 38949502
7 2153674 38946536
7 2153746 38946385
7 2153764 38949114
7 2154367 38958090
7 2154376 38958090
7 2154637 38949180
7 2154673 38951366
7 2154736 38948872
7 2154763 38951303
7 2156347 38951509
7 2156374 38948365
7 2156437 38951652
7 2156473 38948656
7 2156734 38954203
7 2156743 38954202
7 2157346 38948365
7 2157364 38946066
7 2157436 38946295
7 2157463 38948991
7 2157634 38951200
7 2157643 38951374
7 2163457 38951328
7 2163475 38946218
7 2163547 38949187
7 2163574 38943578
7 2163745 38948603
7 2163754 38946203
7 2164357 38949180
7 2164375 38948872
7 2164537 38951901
7 2164573 38948502
7 2164735 38946138
7 2164753 38948981
7 2165347 38951652
7 2165374 38946295
7 2165437 38958086
7 2165473 38951473
7 2165734 38951198
7 2165743 38951536
7 2167345 38954203
7 2167354 38951200
7 2167435 38951198
7 2167453 38954465
7 2167534 38954055
7 2167543 38954624
7 2173456 38954439
7 2173465 38951354
7 2173546 38951512
7 2173564 38948812
7 2173645 38948811
7 2173654 38951561
7 2174356 38951366
7 2174365 38951303
7 2174536 38948502
7 2174563 38954128
7 2174635 38948981
7 2174653 38949134
7 2175346 38948656
7 2175364 38948991
7 2175436 38951473
7 2175463 38948891
7 2175634 38954465
7 2175643 38954548
7 2176345 38954202
7 2176354 38951374
7 2176435 38951536
7 2176453 38954548
7 2176534 38954624
7 2176543 38957991
7 2314567 38955033
7 2314576 38955033
7 2314657 38955110
7 2314675 38952330
7 2314756 38952330
7 2314765 38955033
7 2315467 38955045
7 2315476 38955045
7 2315647 38951467
7 2315674 38953996
7 2315746 38951430
7 2315764 38951411
7 2316457 38951467
7 2316475 38951430
7 2316547 38955045
7 2316574 38951398
7 2316745 38954017
7 2316754 38954024
7 2317456 38953996
7 2317465 38951411
7 2317546 38951398
7 2317564 38954126
7 2317645 38954024
7 2317654 38955033
7 2341567 38954466
7 2341576 38954466
7 2341657 38954471
7 2341675 38953996
7 2341756 38953996
7 2341765 38954466
7 2345167 38954439
7 2345176 38954439
7 2345617 38954776
7 2345671 38957991
7 2345716 38948863
7 2345761 38954951
7 2346157 38945969
7 2346175 38945577
7 2346517 38951663
7 2346571 38954867
7 2346715 38947978
7 2346751 38951666
7 2347156 38947711
7 2347165 38948006
7 2347516 38945735
7 2347561 38951833
7 2347615 38947804
7 2347651 38954538
7 2351467 38946536
7 2351476 38946536
7 2351647 38943031
7 2351674 38945037
7 2351746 38942726
7 2351764 38944864
7 2354167 38951366
7 2354176 38951366
7 2354617 38951582
7 2354671 38954710
7 2354716 38948235
7 2354761 38954625
7 2356147 38944880
7 2356174 38945014
7 2356417 38948114
7 2356471 38948991
7 2356714 38948275
7 2356741 38951132
7 2357146 38942042
7 2357164 38941793
7 2357416 38942342
7 2357461 38948816
7 2357614 38947270
7 2357641 38948567
7 2361457 38944618
7 2361475 38942042
7 2361547 38945528
7 2361574 38941979
7 2361745 38944666
7 2361754 38944644
7 2364157 38942559
7 2364175 38942291
7 2364517 38948260
7 2364571 38948909
7 2364715 38942362
7 2364751 38948978
7 2365147 38944768
7 2365174 38944086
7 2365417 38951267
7 2365471 38954448
7 2365714 38947252
7 2365741 38948561
7 2367145 38947099
7 2367154 38947090
7 2367415 38944406
7 2367451 38951043
7 2367514 38947225
7 2367541 38951102
7 2371456 38947711
7 2371465 38947253
7 2371546 38947273
7 2371564 38947484
7 2371645 38947499
7 2371654 38948538
7 2374156 38944868
7 2374165 38944432
7 2374516 38944723
7 2374561 38951216
7 2374615 38942107
7 2374651 38948653
7 2375146 38941557
7 2375164 38941796
7 2375416 38944480
7 2375461 38948472
7 2375614 38947256
7 2375641 38951272
7 2376145 38947028
7 2376154 38947264
7 2376415 38944728
7 2376451 38951114
7 2376514 38947795
7 2376541 38954525
7 2413567 38952244
7 2413576 38952244
7 2413657 38952254
7 2413675 38951430
7 2413756 38951430
7 2413765 38952244
7 2415367 38946385
7 2415376 38946385
7 2415637 38942719
7 2415673 38945577
7 2415736 38939868
7 2415763 38944900
7 2416357 38943038
7 2416375 38942592
7 2416537 38943067
7 2416573 38944907
7 2416735 38942554
7 2416753 38944876
7 2417356 38942726
7 2417365 38942713
7 2417536 38939653
7 2417563 38944870
7 2417635 38942267
7 2417653 38945769
7 2431567 38952079
7 2431576 38952079
7 2431657 38952087
7 2431675 38951398
7 2431756 38951398
7 2431765 38952079
7 2435167 38951512
7 2435176 38951512
7 2435617 38951582
7 2435671 38954867
7 2435716 38948225
7 2435761 38954469
7 2436157 38945749
7 2436175 38944907
7 2436517 38951501
7 2436571 38954858
7 2436715 38947488
7 2436751 38951422
7 2437156 38947273
7 2437165 38947934
7 2437516 38945188
7 2437561 38951422
7 2437615 38947650
7 2437651 38954452
7 2451367 38948365
7 2451376 38948365
7 2451637 38944924
7 2451673 38945014
7 2451736 38942016
7 2451763 38944639
7 2453167 38948656
7 2453176 38948656
7 2453617 38946152
7 2453671 38948991
7 2453716 38945059
7 2453761 38948815
7 2456137 38948208
7 2456173 38948111
7 2456317 38948324
7 2456371 38948384
7 2456713 38951741
7 2456731 38951825
7 2457136 38941867
7 2457163 38941776
7 2457316 38941563
7 2457361 38942946
7 2457613 38948368
7 2457631 38948406
7 2461357 38942699
7 2461375 38939649
7 2461537 38939784
7 2461573 38939106
7 2461735 38941988
7 2461753 38939154
7 2463157 38939995
7 2463175 38939480
7 2463517 38945720
7 2463571 38946521
7 2463715 38939176
7 2463751 38943412
7 2465137 38945065
7 2465173 38944763
7 2465317 38945701
7 2465371 38945877
7 2465713 38948531
7 2465731 38948568
7 2467135 38945177
7 2467153 38941943
7 2467315 38942154
7 2467351 38945658
7 2467513 38945644
7 2467531 38945856
7 2471356 38942042
7 2471365 38942043
7 2471536 38938645
7 2471563 38941138
7 2471635 38938860
7 2471653 38941878
7 2473156 38941557
7 2473165 38941725
7 2473516 38939338
7 2473561 38943410
7 2473615 38939560
7 2473651 38945803
7 2475136 38938981
7 2475163 38939297
7 2475316 38939155
7 2475361 38940299
7 2475613 38945649
7 2475631 38945855
7 2476135 38942074
7 2476153 38941705
7 2476315 38941261
7 2476351 38943092
7 2476513 38948071
7 2476531 38948568
7 2513467 38946218
7 2513476 38946218
7 2513647 38940917
7 2513674 38942042
7 2513746 38939868
7 2513764 38942887
7 2514367 38948872
7 2514376 38948872
7 2514637 38940271
7 2514673 38942291
7 2514736 38940085
7 2514763 38941938
7 2516347 38942488
7 2516374 38939649
7 2516437 38942591
7 2516473 38939480
7 2516734 38944599
7 2516743 38944563
7 2517346 38942016
7 2517364 38938978
7 2517436 38941300
7 2517463 38939577
7 2517634 38944338
7 2517643 38944516
7 2531467 38943578
7 2531476 38943578
7 2531647 38940576
7 2531674 38941979
7 2531746 38939653
7 2531764 38942838
7 2534167 38948502
7 2534176 38948502
7 2534617 38945920
7 2534671 38948909
7 2534716 38944878
7 2534761 38948797
7 2536147 38939878
7 2536174 38939106
7 2536417 38945716
7 2536471 38946521
7 2536714 38941876
7 2536741 38943251
7 2537146 38938645
7 2537164 38939399
7 2537416 38939338
7 2537461 38943178
7 2537614 38941962
7 2537641 38945812
7 2541367 38946295
7 2541376 38946295
7 2541637 38941876
7 2541673 38944086
7 2541736 38941300
7 2541763 38944324
7 2543167 38951473
7 2543176 38951473
7 2543617 38951193
7 2543671 38954448
7 2543716 38948372
7 2543761 38954452
7 2546137 38944840
7 2546173 38944763
7 2546317 38945537
7 2546371 38945877
7 2546713 38948132
7 2546731 38948404
7 2547136 38941479
7 2547163 38941609
7 2547316 38941645
7 2547361 38945572
7 2547613 38948125
7 2547631 38948346
7 2561347 38944939
7 2561374 38941246
7 2561437 38944769
7 2561473 38941155
7 2561734 38944713
7 2561743 38944466
7 2563147 38942012
7 2563174 38941155
7 2563417 38948033
7 2563471 38948191
7 2563714 38941209
7 2563741 38945129
7 2564137 38944791
7 2564173 38943675
7 2564317 38948079
7 2564371 38948326
7 2564713 38945027
7 2564731 38945696
7 2567134 38948214
7 2567143 38947974
7 2567314 38945406
7 2567341 38951276
7 2567413 38948282
7 2567431 38951264
7 2571346 38941867
7 2571364 38938914
7 2571436 38941479
7 2571463 38938934
7 2571634 38941380
7 2571643 38941469
7 2573146 38938981
7 2573164 38938321
7 2573416 38941550
7 2573461 38945115
7 2573614 38939333
7 2573641 38942790
7 2574136 38938840
7 2574163 38938566
7 2574316 38941701
7 2574361 38942995
7 2574613 38945056
7 2574631 38946022
7 2576134 38947261
7 2576143 38947235
7 2576314 38944537
7 2576341 38948251
7 2576413 38945464
7 2576431 38948415
7 2613457 38945623
7 2613475 38941994
7 2613547 38945116
7 2613574 38939350
7 2613745 38941904
7 2613754 38941808
7 2614357 38945413
7 2614375 38942477
7 2614537 38944885
7 2614573 38941494
7 2614735 38939435
7 2614753 38939653
7 2615347 38945105
7 2615374 38939370
7 2615437 38948736
7 2615473 38942039
7 2615734 38942028
7 2615743 38942502
7 2617345 38945423
7 2617354 38944440
7 2617435 38944422
7 2617453 38945030
7 2617534 38944848
7 2617543 38945352
7 2631457 38942535
7 2631475 38939350
7 2631547 38942262
7 2631574 38938693
7 2631745 38941619
7 2631754 38941416
7 2634157 38942066
7 2634175 38941494
7 2634517 38948148
7 2634571 38948123
7 2634715 38940799
7 2634751 38942946
7 2635147 38939710
7 2635174 38938235
7 2635417 38945371
7 2635471 38945852
7 2635714 38938684
7 2635741 38940296
7 2637145 38941164
7 2637154 38940968
7 2637415 38939168
7 2637451 38945494
7 2637514 38938870
7 2637541 38942920
7 2641357 38939993
7 2641375 38939370
7 2641537 38940021
7 2641573 38938235
7 2641735 38938334
7 2641753 38938786
7 2643157 38942094
7 2643175 38942039
7 2643517 38945232
7 2643571 38945852
7 2643715 38941773
7 2643751 38945555
7 2645137 38945095
7 2645173 38943703
7 2645317 38948248
7 2645371 38948559
7 2645713 38944951
7 2645731 38945537
7 2647135 38939148
7 2647153 38939090
7 2647315 38938705
7 2647351 38942866
7 2647513 38945217
7 2647531 38946014
7 2651347 38944425
7 2651374 38940838
7 2651437 38945053
7 2651473 38941166
7 2651734 38943827
7 2651743 38943892
7 2653147 38942309
7 2653174 38941166
7 2653417 38948084
7 2653471 38948318
7 2653714 38941275
7 2653741 38943006
7 2654137 38945722
7 2654173 38944348
7 2654317 38951742
7 2654371 38954434
7 2654713 38947797
7 2654731 38948485
7 2657134 38947238
7 2657143 38947227
7 2657314 38944537
7 2657341 38948249
7 2657413 38945477
7 2657431 38948571
7 2671345 38947906
7 2671354 38947252
7 2671435 38947260
7 2671453 38947409
7 2671534 38947247
7 2671543 38947888
7 2673145 38944716
7 2673154 38944374
7 2673415 38944482
7 2673451 38951273
7 2673514 38942188
7 2673541 38947941
7 2674135 38941933
7 2674153 38942120
7 2674315 38944450
7 2674351 38947933
7 2674513 38948309
7 2674531 38951497
7 2675134 38947605
7 2675143 38947494
7 2675314 38945165
7 2675341 38951112
7 2675413 38948115
7 2675431 38951650
7 2713456 38948863
7 2713465 38948115
7 2713546 38948225
7 2713564 38945477
7 2713645 38945464
7 2713654 38948282
7 2714356 38948235
7 2714365 38948309
7 2714536 38944878
7 2714563 38947797
7 2714635 38945056
7 2714653 38945027
7 2715346 38945059
7 2715364 38945217
7 2715436 38948372
7 2715463 38944951
7 2715634 38948125
7 2715643 38948132
7 2716345 38948071
7 2716354 38945644
7 2716435 38945649
7 2716453 38948531
7 2716534 38948368
7 2716543 38951741
7 2731456 38945735
7 2731465 38945165
7 2731546 38945188
7 2731564 38944537
7 2731645 38944537
7 2731654 38945406
7 2734156 38944723
7 2734165 38944450
7 2734516 38945226
7 2734561 38951742
7 2734615 38941701
7 2734651 38948079
7 2735146 38939338
7 2735164 38938705
7 2735416 38944223
7 2735461 38948248
7 2735614 38941645
7 2735641 38945537
7 2736145 38941261
7 2736154 38942154
7 2736415 38939155
7 2736451 38945701
7 2736514 38941563
7 2736541 38948324
7 2741356 38942342
7 2741365 38942188
7 2741536 38939338
7 2741563 38941275
7 2741635 38939333
7 2741653 38941209
7 2743156 38944480
7 2743165 38944482
7 2743516 38944223
7 2743561 38948084
7 2743615 38941550
7 2743651 38948033
7 2745136 38941550
7 2745163 38941773
7 2745316 38944223
7 2745361 38945232
7 2745613 38948372
7 2745631 38951193
7 2746135 38939560
7 2746153 38939176
7 2746315 38939338
7 2746351 38945720
7 2746513 38945059
7 2746531 38946152
7 2751346 38941563
7 2751364 38938870
7 2751436 38941645
7 2751463 38938684
7 2751634 38941962
7 2751643 38941876
7 2753146 38939155
7 2753164 38939168
7 2753416 38944223
7 2753461 38945371
7 2753614 38939338
7 2753641 38945716
7 2754136 38941701
7 2754163 38940799
7 2754316 38945226
7 2754361 38948148
7 2754613 38944878
7 2754631 38945920
7 2756134 38947650
7 2756143 38947488
7 2756314 38945188
7 2756341 38951501
7 2756413 38948225
7 2756431 38951582
7 2761345 38947795
7 2761354 38947225
7 2761435 38947256
7 2761453 38947252
7 2761534 38947270
7 2761543 38948275
7 2763145 38944728
7 2763154 38944406
7 2763415 38944480
7 2763451 38951267
7 2763514 38942342
7 2763541 38948114
7 2764135 38942107
7 2764153 38942362
7 2764315 38944723
7 2764351 38948260
7 2764513 38948235
7 2764531 38951582
7 2765134 38947804
7 2765143 38947978
7 2765314 38945735
7 2765341 38951663
7 2765413 38948863
7 2765431 38954776
7 3124567 38955033
7 3124576 38955033
7 3124657 38955110
7 3124675 38952330
7 3124756 38952330
7 3124765 38955033
7 3125467 38955045
7 3125476 38955045
7 3125647 38951467
7 3125674 38953996
7 3125746 38951430
7 3125764 38951411
7 3126457 38951467
7 3126475 38951430
7 3126547 38955045
7 3126574 38951398
7 3126745 38954017
7 3126754 38954024
7 3127456 38953996
7 3127465 38951411
7 3127546 38951398
7 3127564 38954126
7 3127645 38954024
7 3127654 38955033
7 3142567 38952244
7 3142576 38952244
7 3142657 38952254
7 3142675 38951430
7 3142756 38951430
7 3142765 38952244
7 3145267 38946218
7 3145276 38946218
7 3145627 38945623
7 3145672 38948863
7 3145726 38941994
7 3145762 38948115
7 3146257 38940917
7 3146275 38939868
7 3146527 38945116
7 3146572 38948225
7 3146725 38941904
7 3146752 38945464
7 3147256 38942042
7 3147265 38942887
7 3147526 38939350
7 3147562 38945477
7 3147625 38941808
7 3147652 38948282
7 3152467 38946385
7 3152476 38946385
7 3152647 38943038
7 3152674 38942726
7 3152746 38942592
7 3152764 38942713
7 3154267 38948872
7 3154276 38948872
7 3154627 38945413
7 3154672 38948235
7 3154726 38942477
7 3154762 38948309
7 3156247 38942488
7 3156274 38942016
7 3156427 38945105
7 3156472 38945059
7 3156724 38945423
7 3156742 38948071
7 3157246 38939649
7 3157264 38938978
7 3157426 38939370
7 3157462 38945217
7 3157624 38944440
7 3157642 38945644
7 3162457 38942719
7 3162475 38939868
7 3162547 38943067
7 3162574 38939653
7 3162745 38942554
7 3162754 38942267
7 3164257 38940271
7 3164275 38940085
7 3164527 38944885
7 3164572 38944878
7 3164725 38939435
7 3164752 38945056
7 3165247 38942591
7 3165274 38941300
7 3165427 38948736
7 3165472 38948372
7 3165724 38944422
7 3165742 38945649
7 3167245 38944599
7 3167254 38944338
7 3167425 38942028
7 3167452 38948125
7 3167524 38944848
7 3167542 38948368
7 3172456 38945577
7 3172465 38944900
7 3172546 38944907
7 3172564 38944870
7 3172645 38944876
7 3172654 38945769
7 3174256 38942291
7 3174265 38941938
7 3174526 38941494
7 3174562 38947797
7 3174625 38939653
7 3174652 38945027
7 3175246 38939480
7 3175264 38939577
7 3175426 38942039
7 3175462 38944951
7 3175624 38945030
7 3175642 38948531
7 3176245 38944563
7 3176254 38944516
7 3176425 38942502
7 3176452 38948132
7 3176524 38945352
7 3176542 38951741
7 3214567 38957991
7 3214576 38957991
7 3214657 38958072
7 3214675 38955033
7 3214756 38955033
7 3214765 38957991
7 3215467 38958076
7 3215476 38958076
7 3215647 38952416
7 3215674 38954466
7 3215746 38952244
7 3215764 38952084
7 3216457 38952416
7 3216475 38952244
7 3216547 38958086
7 3216574 38952079
7 3216745 38954553
7 3216754 38954629
7 3217456 38954466
7 3217465 38952084
7 3217546 38952079
7 3217564 38954793
7 3217645 38954629
7 3217654 38957991
7 3241567 38952084
7 3241576 38952084
7 3241657 38952092
7 3241675 38951411
7 3241756 38951411
7 3241765 38952084
7 3245167 38951354
7 3245176 38951354
7 3245617 38951650
7 3245671 38954951
7 3245716 38948115
7 3245761 38954363
7 3246157 38945447
7 3246175 38944900
7 3246517 38951112
7 3246571 38954469
7 3246715 38947494
7 3246751 38951398
7 3247156 38947253
7 3247165 38947760
7 3247516 38945165
7 3247561 38951412
7 3247615 38947605
7 3247651 38954345
7 3251467 38949114
7 3251476 38949114
7 3251647 38943219
7 3251674 38944864
7 3251746 38942713
7 3251764 38944955
7 3254167 38951303
7 3254176 38951303
7 3254617 38951497
7 3254671 38954625
7 3254716 38948309
7 3254761 38954777
7 3256147 38944808
7 3256174 38944639
7 3256417 38947941
7 3256471 38948815
7 3256714 38947888
7 3256741 38950956
7 3257146 38942043
7 3257164 38941783
7 3257416 38942188
7 3257461 38948652
7 3257614 38947247
7 3257641 38948545
7 3261457 38945381
7 3261475 38942887
7 3261547 38948541
7 3261574 38942838
7 3261745 38944997
7 3261754 38945060
7 3264157 38942278
7 3264175 38941938
7 3264517 38947933
7 3264571 38948797
7 3264715 38942120
7 3264751 38948652
7 3265147 38945294
7 3265174 38944324
7 3265417 38951273
7 3265471 38954452
7 3265714 38947409
7 3265741 38948561
7 3267145 38947260
7 3267154 38947333
7 3267415 38944374
7 3267451 38951023
7 3267514 38947252
7 3267541 38951097
7 3271456 38948006
7 3271465 38947760
7 3271546 38947934
7 3271564 38948064
7 3271645 38948295
7 3271654 38951425
7 3274156 38944432
7 3274165 38944268
7 3274516 38944450
7 3274561 38950957
7 3274615 38941933
7 3274651 38948465
7 3275146 38941725
7 3275164 38942027
7 3275416 38944482
7 3275461 38948458
7 3275614 38947260
7 3275641 38951263
7 3276145 38947101
7 3276154 38947674
7 3276415 38944716
7 3276451 38951100
7 3276514 38947906
7 3276541 38954525
7 3412567 38954553
7 3412576 38954553
7 3412657 38954559
7 3412675 38954017
7 3412756 38954017
7 3412765 38954553
7 3415267 38948603
7 3415276 38948603
7 3415627 38945091
7 3415672 38947978
7 3415726 38941904
7 3415762 38947494
7 3416257 38943026
7 3416275 38942554
7 3416527 38945021
7 3416572 38947488
7 3416725 38944174
7 3416752 38947235
7 3417256 38944666
7 3417265 38944997
7 3417526 38941619
7 3417562 38947227
7 3417625 38944084
7 3417652 38947974
7 3421567 38954629
7 3421576 38954629
7 3421657 38954636
7 3421675 38954024
7 3421756 38954024
7 3421765 38954629
7 3425167 38948811
7 3425176 38948811
7 3425617 38948415
7 3425671 38951666
7 3425716 38945464
7 3425761 38951398
7 3426157 38945724
7 3426175 38944876
7 3426517 38948251
7 3426571 38951422
7 3426715 38947235
7 3426751 38950474
7 3427156 38947499
7 3427165 38948295
7 3427516 38944537
7 3427561 38950469
7 3427615 38947261
7 3427651 38951471
7 3451267 38954203
7 3451276 38954203
7 3451627 38948462
7 3451672 38948275
7 3451726 38945423
7 3451762 38947888
7 3452167 38954202
7 3452176 38954202
7 3452617 38948568
7 3452671 38951132
7 3452716 38948071
7 3452761 38950956
7 3456127 38954525
7 3456172 38951741
7 3456217 38954525
7 3456271 38951825
7 3456712 38957991
7 3456721 38957991
7 3457126 38947906
7 3457162 38945352
7 3457216 38947795
7 3457261 38945640
7 3457612 38954624
7 3457621 38954624
7 3461257 38945187
7 3461275 38944599
7 3461527 38942335
7 3461572 38941876
7 3461725 38942001
7 3461752 38941469
7 3462157 38944671
7 3462175 38944563
7 3462517 38943092
7 3462571 38943251
7 3462715 38941705
7 3462751 38942379
7 3465127 38951100
7 3465172 38948132
7 3465217 38951114
7 3465271 38948404
7 3465712 38954548
7 3465721 38954548
7 3467125 38947674
7 3467152 38944516
7 3467215 38947264
7 3467251 38945118
7 3467512 38951374
7 3467521 38951374
7 3471256 38947099
7 3471265 38947260
7 3471526 38941164
7 3471562 38943892
7 3471625 38941379
7 3471652 38944466
7 3472156 38947028
7 3472165 38947101
7 3472516 38941261
7 3472561 38944357
7 3472615 38942074
7 3472651 38945070
7 3475126 38944716
7 3475162 38942502
7 3475216 38944728
7 3475261 38942548
7 3475612 38951536
7 3475621 38951536
7 3476125 38947101
7 3476152 38944563
7 3476215 38947028
7 3476251 38944671
7 3476512 38954202
7 3476521 38954202
7 3512467 38948603
7 3512476 38948603
7 3512647 38943026
7 3512674 38944666
7 3512746 38942554
7 3512764 38944997
7 3514267 38946138
7 3514276 38946138
7 3514627 38940154
7 3514672 38942362
7 3514726 38939435
7 3514762 38942120
7 3516247 38942223
7 3516274 38941988
7 3516427 38939781
7 3516472 38939176
7 3516724 38942001
7 3516742 38941705
7 3517246 38941988
7 3517264 38939098
7 3517426 38938334
7 3517462 38939090
7 3517624 38941687
7 3517642 38941943
7 3521467 38946203
7 3521476 38946203
7 3521647 38942820
7 3521674 38944644
7 3521746 38942267
7 3521764 38945060
7 3524167 38948981
7 3524176 38948981
7 3524617 38946022
7 3524671 38948978
7 3524716 38945056
7 3524761 38948652
7 3526147 38939628
7 3526174 38939154
7 3526417 38942790
7 3526471 38943412
7 3526714 38941469
7 3526741 38942379
7 3527146 38938860
7 3527164 38939375
7 3527416 38939333
7 3527461 38942549
7 3527614 38941380
7 3527641 38942547
7 3541267 38951198
7 3541276 38951198
7 3541627 38945147
7 3541672 38947252
7 3541726 38944422
7 3541762 38947409
7 3542167 38951536
7 3542176 38951536
7 3542617 38945855
7 3542671 38948561
7 3542716 38945649
7 3542761 38948561
7 3546127 38951263
7 3546172 38948531
7 3546217 38951272
7 3546271 38948568
7 3546712 38954548
7 3546721 38954548
7 3547126 38947260
7 3547162 38945030
7 3547216 38947256
7 3547261 38945402
7 3547612 38954465
7 3547621 38954465
7 3561247 38948002
7 3561274 38944713
7 3561427 38942620
7 3561472 38941209
7 3561724 38945261
7 3561742 38941878
7 3562147 38945070
7 3562174 38944466
7 3562417 38945803
7 3562471 38945129
7 3562714 38941878
7 3562741 38944968
7 3564127 38948465
7 3564172 38945027
7 3564217 38948653
7 3564271 38945696
7 3564712 38949134
7 3564721 38949134
7 3567124 38951425
7 3567142 38945769
7 3567214 38948538
7 3567241 38948985
7 3567412 38951561
7 3567421 38951561
7 3571246 38945177
7 3571264 38941632
7 3571426 38939148
7 3571462 38938786
7 3571624 38939375
7 3571642 38939154
7 3572146 38942074
7 3572164 38941379
7 3572416 38939560
7 3572461 38942719
7 3572614 38938860
7 3572641 38939628
7 3574126 38941933
7 3574162 38939653
7 3574216 38942107
7 3574261 38939998
7 3574612 38948981
7 3574621 38948981
7 3576124 38948295
7 3576142 38944876
7 3576214 38947499
7 3576241 38945724
7 3576412 38948811
7 3576421 38948811
7 3612457 38945091
7 3612475 38941904
7 3612547 38945021
7 3612574 38941619
7 3612745 38944174
7 3612754 38944084
7 3614257 38940154
7 3614275 38939435
7 3614527 38941553
7 3614572 38940799
7 3614725 38938112
7 3614752 38938566
7 3615247 38939781
7 3615274 38938334
7 3615427 38944708
7 3615472 38941773
7 3615724 38938533
7 3615742 38939297
7 3617245 38942001
7 3617254 38941687
7 3617425 38938533
7 3617452 38941609
7 3617524 38938725
7 3617542 38941776
7 3621457 38944655
7 3621475 38941808
7 3621547 38945182
7 3621574 38941416
7 3621745 38944084
7 3621754 38944250
7 3624157 38939998
7 3624175 38939653
7 3624517 38942995
7 3624571 38942946
7 3624715 38938566
7 3624751 38940247
7 3625147 38942719
7 3625174 38938786
7 3625417 38945115
7 3625471 38945555
7 3625714 38938934
7 3625741 38939918
7 3627145 38941379
7 3627154 38941632
7 3627415 38938321
7 3627451 38942373
7 3627514 38938914
7 3627541 38942149
7 3641257 38942237
7 3641275 38942028
7 3641527 38939912
7 3641572 38938684
7 3641725 38938533
7 3641752 38938934
7 3642157 38942548
7 3642175 38942502
7 3642517 38940299
7 3642571 38940296
7 3642715 38939297
7 3642751 38939918
7 3645127 38948458
7 3645172 38944951
7 3645217 38948472
7 3645271 38945537
7 3645712 38948891
7 3645721 38948891
7 3647125 38942027
7 3647152 38939577
7 3647215 38941796
7 3647251 38940166
7 3647512 38948991
7 3647521 38948991
7 3651247 38945090
7 3651274 38943827
7 3651427 38942547
7 3651472 38941275
7 3651724 38941754
7 3651742 38941138
7 3652147 38944357
7 3652174 38943892
7 3652417 38943410
7 3652471 38943006
7 3652714 38941138
7 3652741 38941572
7 3654127 38950957
7 3654172 38947797
7 3654217 38951216
7 3654271 38948485
7 3654712 38954128
7 3654721 38954128
7 3657124 38948064
7 3657142 38944870
7 3657214 38947484
7 3657241 38945501
7 3657412 38948812
7 3657421 38948812
7 3671245 38947674
7 3671254 38947333
7 3671425 38942027
7 3671452 38944324
7 3671524 38941783
7 3671542 38944639
7 3672145 38947101
7 3672154 38947260
7 3672415 38941725
7 3672451 38945294
7 3672514 38942043
7 3672541 38944808
7 3674125 38944268
7 3674152 38941938
7 3674215 38944432
7 3674251 38942278
7 3674512 38951303
7 3674521 38951303
7 3675124 38947760
7 3675142 38944900
7 3675214 38947253
7 3675241 38945447
7 3675412 38951354
7 3675421 38951354
7 3712456 38947978
7 3712465 38947494
7 3712546 38947488
7 3712564 38947227
7 3712645 38947235
7 3712654 38947974
7 3714256 38942362
7 3714265 38942120
7 3714526 38940799
7 3714562 38944348
7 3714625 38938566
7 3714652 38943675
7 3715246 38939176
7 3715264 38939090
7 3715426 38941773
7 3715462 38943703
7 3715624 38941609
7 3715642 38944763
7 3716245 38941705
7 3716254 38941943
7 3716425 38939297
7 3716452 38944763
7 3716524 38941776
7 3716542 38948111
7 3721456 38947804
7 3721465 38947605
7 3721546 38947650
7 3721564 38947238
7 3721645 38947261
7 3721654 38948214
7 3724156 38942107
7 3724165 38941933
7 3724516 38941701
7 3724561 38945722
7 3724615 38938840
7 3724651 38944791
7 3725146 38939560
7 3725164 38939148
7 3725416 38941550
7 3725461 38945095
7 3725614 38941479
7 3725641 38944840
7 3726145 38942074
7 3726154 38945177
7 3726415 38938981
7 3726451 38945065
7 3726514 38941867
7 3726541 38948208
7 3741256 38944406
7 3741265 38944374
7 3741526 38939168
7 3741562 38941166
7 3741625 38938321
7 3741652 38941155
7 3742156 38944728
7 3742165 38944716
7 3742516 38939155
7 3742561 38942309
7 3742615 38938981
7 3742651 38942012
7 3745126 38944482
7 3745162 38942039
7 3745216 38944480
7 3745261 38942094
7 3745612 38951473
7 3745621 38951473
7 3746125 38941725
7 3746152 38939480
7 3746215 38941557
7 3746251 38939995
7 3746512 38948656
7 3746521 38948656
7 3751246 38942154
7 3751264 38940968
7 3751426 38938705
7 3751462 38938235
7 3751624 38939399
7 3751642 38939106
7 3752146 38941261
7 3752164 38941164
7 3752416 38939338
7 3752461 38939710
7 3752614 38938645
7 3752641 38939878
7 3754126 38944450
7 3754162 38941494
7 3754216 38944723
7 3754261 38942066
7 3754612 38948502
7 3754621 38948502
7 3756124 38947934
7 3756142 38944907
7 3756214 38947273
7 3756241 38945749
7 3756412 38951512
7 3756421 38951512
7 3761245 38947264
7 3761254 38947090
7 3761425 38941796
7 3761452 38944086
7 3761524 38941793
7 3761542 38945014
7 3762145 38947028
7 3762154 38947099
7 3762415 38941557
7 3762451 38944768
7 3762514 38942042
7 3762541 38944880
7 3764125 38944432
7 3764152 38942291
7 3764215 38944868
7 3764251 38942559
7 3764512 38951366
7 3764521 38951366
7 3765124 38948006
7 3765142 38945577
7 3765214 38947711
7 3765241 38945969
7 3765412 38954439
7 3765421 38954439
7 4123567 38954466
7 4123576 38954466
7 4123657 38954471
7 4123675 38953996
7 4123756 38953996
7 4123765 38954466
7 4125367 38946536
7 4125376 38946536
7 4125637 38944618
7 4125673 38947711
7 4125736 38942042
7 4125763 38947253
7 4126357 38943031
7 4126375 38942726
7 4126537 38945528
7 4126573 38947273
7 4126735 38944666
7 4126753 38947499
7 4127356 38945037
7 4127365 38944864
7 4127536 38941979
7 4127563 38947484
7 4127635 38944644
7 4127653 38948538
7 4132567 38952079
7 4132576 38952079
7 4132657 38952087
7 4132675 38951398
7 4132756 38951398
7 4132765 38952079
7 4135267 38943578
7 4135276 38943578
7 4135627 38942535
7 4135672 38945735
7 4135726 38939350
7 4135762 38945165
7 4136257 38940576
7 4136275 38939653
7 4136527 38942262
7 4136572 38945188
7 4136725 38941619
7 4136752 38944537
7 4137256 38941979
7 4137265 38942838
7 4137526 38938693
7 4137562 38944537
7 4137625 38941416
7 4137652 38945406
7 4152367 38948365
7 4152376 38948365
7 4152637 38942699
7 4152673 38942042
7 4152736 38939649
7 4152763 38942043
7 4153267 38946295
7 4153276 38946295
7 4153627 38939993
7 4153672 38942342
7 4153726 38939370
7 4153762 38942188
7 4156237 38944939
7 4156273 38941867
7 4156327 38944425
7 4156372 38941563
7 4156723 38947906
7 4156732 38947795
7 4157236 38941246
7 4157263 38938914
7 4157326 38940838
7 4157362 38938870
7 4157623 38947252
7 4157632 38947225
7 4162357 38944924
7 4162375 38942016
7 4162537 38939784
7 4162573 38938645
7 4162735 38941988
7 4162753 38938860
7 4163257 38941876
7 4163275 38941300
7 4163527 38940021
7 4163572 38939338
7 4163725 38938334
7 4163752 38939333
7 4165237 38944769
7 4165273 38941479
7 4165327 38945053
7 4165372 38941645
7 4165723 38947260
7 4165732 38947256
7 4167235 38944713
7 4167253 38941380
7 4167325 38943827
7 4167352 38941962
7 4167523 38947247
7 4167532 38947270
7 4172356 38945014
7 4172365 38944639
7 4172536 38939106
7 4172563 38941138
7 4172635 38939154
7 4172653 38941878
7 4173256 38944086
7 4173265 38944324
7 4173526 38938235
7 4173562 38941275
7 4173625 38938786
7 4173652 38941209
7 4175236 38941155
7 4175263 38938934
7 4175326 38941166
7 4175362 38938684
7 4175623 38947409
7 4175632 38947252
7 4176235 38944466
7 4176253 38941469
7 4176325 38943892
7 4176352 38941876
7 4176523 38947888
7 4176532 38948275
7 4213567 38952084
7 4213576 38952084
7 4213657 38952092
7 4213675 38951411
7 4213756 38951411
7 4213765 38952084
7 4215367 38949114
7 4215376 38949114
7 4215637 38945381
7 4215673 38948006
7 4215736 38942887
7 4215763 38947760
7 4216357 38943219
7 4216375 38942713
7 4216537 38948541
7 4216573 38947934
7 4216735 38944997
7 4216753 38948295
7 4217356 38944864
7 4217365 38944955
7 4217536 38942838
7 4217563 38948064
7 4217635 38945060
7 4217653 38951425
7 4231567 38954793
7 4231576 38954793
7 4231657 38954801
7 4231675 38954126
7 4231756 38954126
7 4231765 38954793
7 4235167 38948812
7 4235176 38948812
7 4235617 38948571
7 4235671 38951833
7 4235716 38945477
7 4235761 38951412
7 4236157 38945501
7 4236175 38944870
7 4236517 38948249
7 4236571 38951422
7 4236715 38947227
7 4236751 38950469
7 4237156 38947484
7 4237165 38948064
7 4237516 38944537
7 4237561 38950486
7 4237615 38947238
7 4237651 38951472
7 4251367 38946066
7 4251376 38946066
7 4251637 38939922
7 4251673 38941793
7 4251736 38938978
7 4251763 38941783
7 4253167 38948991
7 4253176 38948991
7 4253617 38946014
7 4253671 38948816
7 4253716 38945217
7 4253761 38948652
7 4256137 38942149
7 4256173 38941776
7 4256317 38942920
7 4256371 38942946
7 4256713 38945352
7 4256731 38945640
7 4257136 38938914
7 4257163 38938725
7 4257316 38938870
7 4257361 38940242
7 4257613 38944848
7 4257631 38945089
7 4261357 38939922
7 4261375 38938978
7 4261537 38942330
7 4261573 38939399
7 4261735 38939098
7 4261753 38939375
7 4263157 38940166
7 4263175 38939577
7 4263517 38942866
7 4263571 38943178
7 4263715 38939090
7 4263751 38942549
7 4265137 38942373
7 4265173 38941609
7 4265317 38945494
7 4265371 38945572
7 4265713 38945030
7 4265731 38945402
7 4267135 38941632
7 4267153 38941687
7 4267315 38940968
7 4267351 38942541
7 4267513 38944440
7 4267531 38945364
7 4271356 38941793
7 4271365 38941783
7 4271536 38939399
7 4271563 38941754
7 4271635 38939375
7 4271653 38945261
7 4273156 38941796
7 4273165 38942027
7 4273516 38938705
7 4273561 38942547
7 4273615 38939148
7 4273651 38942620
7 4275136 38938321
7 4275163 38938533
7 4275316 38939168
7 4275361 38939912
7 4275613 38944422
7 4275631 38945147
7 4276135 38941379
7 4276153 38942001
7 4276315 38941164
7 4276351 38942335
7 4276513 38945423
7 4276531 38948462
7 4312567 38954629
7 4312576 38954629
7 4312657 38954636
7 4312675 38954024
7 4312756 38954024
7 4312765 38954629
7 4315267 38946203
7 4315276 38946203
7 4315627 38944655
7 4315672 38947804
7 4315726 38941808
7 4315762 38947605
7 4316257 38942820
7 4316275 38942267
7 4316527 38945182
7 4316572 38947650
7 4316725 38944084
7 4316752 38947261
7 4317256 38944644
7 4317265 38945060
7 4317526 38941416
7 4317562 38947238
7 4317625 38944250
7 4317652 38948214
7 4321567 38957991
7 4321576 38957991
7 4321657 38958072
7 4321675 38955033
7 4321756 38955033
7 4321765 38957991
7 4325167 38951561
7 4325176 38951561
7 4325617 38951264
7 4325671 38954538
7 4325716 38948282
7 4325761 38954345
7 4326157 38948985
7 4326175 38945769
7 4326517 38951276
7 4326571 38954452
7 4326715 38947974
7 4326751 38951471
7 4327156 38948538
7 4327165 38951425
7 4327516 38945406
7 4327561 38951472
7 4327615 38948214
7 4327651 38954517
7 4351267 38951200
7 4351276 38951200
7 4351627 38945364
7 4351672 38947270
7 4351726 38944440
7 4351762 38947247
7 4352167 38951374
7 4352176 38951374
7 4352617 38945856
7 4352671 38948567
7 4352716 38945644
7 4352761 38948545
7 4356127 38951097
7 4356172 38948368
7 4356217 38951102
7 4356271 38948406
7 4356712 38954624
7 4356721 38954624
7 4357126 38947252
7 4357162 38944848
7 4357216 38947225
7 4357261 38945089
7 4357612 38954055
7 4357621 38954055
7 4361257 38945023
7 4361275 38944338
7 4361527 38942541
7 4361572 38941962
7 4361725 38941687
7 4361752 38941380
7 4362157 38945118
7 4362175 38944516
7 4362517 38945658
7 4362571 38945812
7 4362715 38941943
7 4362751 38942547
7 4365127 38951023
7 4365172 38948125
7 4365217 38951043
7 4365271 38948346
7 4365712 38954465
7 4365721 38954465
7 4367125 38947333
7 4367152 38944338
7 4367215 38947090
7 4367251 38945023
7 4367512 38951200
7 4367521 38951200
7 4371256 38947090
7 4371265 38947333
7 4371526 38940968
7 4371562 38943827
7 4371625 38941632
7 4371652 38944713
7 4372156 38947264
7 4372165 38947674
7 4372516 38942154
7 4372561 38945090
7 4372615 38945177
7 4372651 38948002
7 4375126 38944374
7 4375162 38942028
7 4375216 38944406
7 4375261 38942237
7 4375612 38951198
7 4375621 38951198
7 4376125 38947260
7 4376152 38944599
7 4376215 38947099
7 4376251 38945187
7 4376512 38954203
7 4376521 38954203
7 4512367 38954203
7 4512376 38954203
7 4512637 38945187
7 4512673 38947099
7 4512736 38944599
7 4512763 38947260
7 4513267 38951198
7 4513276 38951198
7 4513627 38942237
7 4513672 38944406
7 4513726 38942028
7 4513762 38944374
7 4516237 38948002
7 4516273 38945177
7 4516327 38945090
7 4516372 38942154
7 4516723 38947674
7 4516732 38947264
7 4517236 38944713
7 4517263 38941632
7 4517326 38943827
7 4517362 38940968
7 4517623 38947333
7 4517632 38947090
7 4521367 38951200
7 4521376 38951200
7 4521637 38945023
7 4521673 38947090
7 4521736 38944338
7 4521763 38947333
7 4523167 38954465
7 4523176 38954465
7 4523617 38948346
7 4523671 38951043
7 4523716 38948125
7 4523761 38951023
7 4526137 38942547
7 4526173 38941943
7 4526317 38945812
7 4526371 38945658
7 4526713 38944516
7 4526731 38945118
7 4527136 38941380
7 4527163 38941687
7 4527316 38941962
7 4527361 38942541
7 4527613 38944338
7 4527631 38945023
7 4531267 38954055
7 4531276 38954055
7 4531627 38945089
7 4531672 38947225
7 4531726 38944848
7 4531762 38947252
7 4532167 38954624
7 4532176 38954624
7 4532617 38948406
7 4532671 38951102
7 4532716 38948368
7 4532761 38951097
7 4536127 38948545
7 4536172 38945644
7 4536217 38948567
7 4536271 38945856
7 4536712 38951374
7 4536721 38951374
7 4537126 38947247
7 4537162 38944440
7 4537216 38947270
7 4537261 38945364
7 4537612 38951200
7 4537621 38951200
7 4561237 38954517
7 4561273 38948214
7 4561327 38951472
7 4561372 38945406
7 4561723 38951425
7 4561732 38948538
7 4562137 38951471
7 4562173 38947974
7 4562317 38954452
7 4562371 38951276
7 4562713 38945769
7 4562731 38948985
7 4563127 38954345
7 4563172 38948282
7 4563217 38954538
7 4563271 38951264
7 4563712 38951561
7 4563721 38951561
7 4567123 38957991
7 4567132 38955033
7 4567213 38955033
7 4567231 38958072
7 4567312 38957991
7 4567321 38957991
7 4571236 38948214
7 4571263 38944250
7 4571326 38947238
7 4571362 38941416
7 4571623 38945060
7 4571632 38944644
7 4572136 38947261
7 4572163 38944084
7 4572316 38947650
7 4572361 38945182
7 4572613 38942267
7 4572631 38942820
7 4573126 38947605
7 4573162 38941808
7 4573216 38947804
7 4573261 38944655
7 4573612 38946203
7 4573621 38946203
7 4576123 38954629
7 4576132 38954024
7 4576213 38954024
7 4576231 38954636
7 4576312 38954629
7 4576321 38954629
7 4612357 38948462
7 4612375 38945423
7 4612537 38942335
7 4612573 38941164
7 4612735 38942001
7 4612753 38941379
7 4613257 38945147
7 4613275 38944422
7 4613527 38939912
7 4613572 38939168
7 4613725 38938533
7 4613752 38938321
7 4615237 38942620
7 4615273 38939148
7 4615327 38942547
7 4615372 38938705
7 4615723 38942027
7 4615732 38941796
7 4617235 38945261
7 4617253 38939375
7 4617325 38941754
7 4617352 38939399
7 4617523 38941783
7 4617532 38941793
7 4621357 38945364
7 4621375 38944440
7 4621537 38942541
7 4621573 38940968
7 4621735 38941687
7 4621753 38941632
7 4623157 38945402
7 4623175 38945030
7 4623517 38945572
7 4623571 38945494
7 4623715 38941609
7 4623751 38942373
7 4625137 38942549
7 4625173 38939090
7 4625317 38943178
7 4625371 38942866
7 4625713 38939577
7 4625731 38940166
7 4627135 38939375
7 4627153 38939098
7 4627315 38939399
7 4627351 38942330
7 4627513 38938978
7 4627531 38939922
7 4631257 38945089
7 4631275 38944848
7 4631527 38940242
7 4631572 38938870
7 4631725 38938725
7 4631752 38938914
7 4632157 38945640
7 4632175 38945352
7 4632517 38942946
7 4632571 38942920
7 4632715 38941776
7 4632751 38942149
7 4635127 38948652
7 4635172 38945217
7 4635217 38948816
7 4635271 38946014
7 4635712 38948991
7 4635721 38948991
7 4637125 38941783
7 4637152 38938978
7 4637215 38941793
7 4637251 38939922
7 4637512 38946066
7 4637521 38946066
7 4651237 38951472
7 4651273 38947238
7 4651327 38950486
7 4651372 38944537
7 4651723 38948064
7 4651732 38947484
7 4652137 38950469
7 4652173 38947227
7 4652317 38951422
7 4652371 38948249
7 4652713 38944870
7 4652731 38945501
7 4653127 38951412
7 4653172 38945477
7 4653217 38951833
7 4653271 38948571
7 4653712 38948812
7 4653721 38948812
7 4657123 38954793
7 4657132 38954126
7 4657213 38954126
7 4657231 38954801
7 4657312 38954793
7 4657321 38954793
7 4671235 38951425
7 4671253 38945060
7 4671325 38948064
7 4671352 38942838
7 4671523 38944955
7 4671532 38944864
7 4672135 38948295
7 4672153 38944997
7 4672315 38947934
7 4672351 38948541
7 4672513 38942713
7 4672531 38943219
7 4673125 38947760
7 4673152 38942887
7 4673215 38948006
7 4673251 38945381
7 4673512 38949114
7 4673521 38949114
7 4675123 38952084
7 4675132 38951411
7 4675213 38951411
7 4675231 38952092
7 4675312 38952084
7 4675321 38952084
7 4712356 38948275
7 4712365 38947888
7 4712536 38941876
7 4712563 38943892
7 4712635 38941469
7 4712653 38944466
7 4713256 38947252
7 4713265 38947409
7 4713526 38938684
7 4713562 38941166
7 4713625 38938934
7 4713652 38941155
7 4715236 38941209
7 4715263 38938786
7 4715326 38941275
7 4715362 38938235
7 4715623 38944324
7 4715632 38944086
7 4716235 38941878
7 4716253 38939154
7 4716325 38941138
7 4716352 38939106
7 4716523 38944639
7 4716532 38945014
7 4721356 38947270
7 4721365 38947247
7 4721536 38941962
7 4721563 38943827
7 4721635 38941380
7 4721653 38944713
7 4723156 38947256
7 4723165 38947260
7 4723516 38941645
7 4723561 38945053
7 4723615 38941479
7 4723651 38944769
7 4725136 38939333
7 4725163 38938334
7 4725316 38939338
7 4725361 38940021
7 4725613 38941300
7 4725631 38941876
7 4726135 38938860
7 4726153 38941988
7 4726315 38938645
7 4726351 38939784
7 4726513 38942016
7 4726531 38944924
7 4731256 38947225
7 4731265 38947252
7 4731526 38938870
7 4731562 38940838
7 4731625 38938914
7 4731652 38941246
7 4732156 38947795
7 4732165 38947906
7 4732516 38941563
7 4732561 38944425
7 4732615 38941867
7 4732651 38944939
7 4735126 38942188
7 4735162 38939370
7 4735216 38942342
7 4735261 38939993
7 4735612 38946295
7 4735621 38946295
7 4736125 38942043
7 4736152 38939649
7 4736215 38942042
7 4736251 38942699
7 4736512 38948365
7 4736521 38948365
7 4751236 38945406
7 4751263 38941416
7 4751326 38944537
7 4751362 38938693
7 4751623 38942838
7 4751632 38941979
7 4752136 38944537
7 4752163 38941619
7 4752316 38945188
7 4752361 38942262
7 4752613 38939653
7 4752631 38940576
7 4753126 38945165
7 4753162 38939350
7 4753216 38945735
7 4753261 38942535
7 4753612 38943578
7 4753621 38943578
7 4756123 38952079
7 4756132 38951398
7 4756213 38951398
7 4756231 38952087
7 4756312 38952079
7 4756321 38952079
7 4761235 38948538
7 4761253 38944644
7 4761325 38947484
7 4761352 38941979
7 4761523 38944864
7 4761532 38945037
7 4762135 38947499
7 4762153 38944666
7 4762315 38947273
7 4762351 38945528
7 4762513 38942726
7 4762531 38943031
7 4763125 38947253
7 4763152 38942042
7 4763215 38947711
7 4763251 38944618
7 4763512 38946536
7 4763521 38946536
7 4765123 38954466
7 4765132 38953996
7 4765213 38953996
7 4765231 38954471
7 4765312 38954466
7 4765321 38954466
7 5123467 38954439
7 5123476 38954439
7 5123647 38945969
7 5123674 38947711
7 5123746 38945577
7 5123764 38948006
7 5124367 38951366
7 5124376 38951366
7 5124637 38942559
7 5124673 38944868
7 5124736 38942291
7 5124763 38944432
7 5126347 38944880
7 5126374 38942042
7 5126437 38944768
7 5126473 38941557
7 5126734 38947099
7 5126743 38947028
7 5127346 38945014
7 5127364 38941793
7 5127436 38944086
7 5127463 38941796
7 5127634 38947090
7 5127643 38947264
7 5132467 38951512
7 5132476 38951512
7 5132647 38945749
7 5132674 38947273
7 5132746 38944907
7 5132764 38947934
7 5134267 38948502
7 5134276 38948502
7 5134627 38942066
7 5134672 38944723
7 5134726 38941494
7 5134762 38944450
7 5136247 38939878
7 5136274 38938645
7 5136427 38939710
7 5136472 38939338
7 5136724 38941164
7 5136742 38941261
7 5137246 38939106
7 5137264 38939399
7 5137426 38938235
7 5137462 38938705
7 5137624 38940968
7 5137642 38942154
7 5142367 38948656
7 5142376 38948656
7 5142637 38939995
7 5142673 38941557
7 5142736 38939480
7 5142763 38941725
7 5143267 38951473
7 5143276 38951473
7 5143627 38942094
7 5143672 38944480
7 5143726 38942039
7 5143762 38944482
7 5146237 38942012
7 5146273 38938981
7 5146327 38942309
7 5146372 38939155
7 5146723 38944716
7 5146732 38944728
7 5147236 38941155
7 5147263 38938321
7 5147326 38941166
7 5147362 38939168
7 5147623 38944374
7 5147632 38944406
7 5162347 38948208
7 5162374 38941867
7 5162437 38945065
7 5162473 38938981
7 5162734 38945177
7 5162743 38942074
7 5163247 38944840
7 5163274 38941479
7 5163427 38945095
7 5163472 38941550
7 5163724 38939148
7 5163742 38939560
7 5164237 38944791
7 5164273 38938840
7 5164327 38945722
7 5164372 38941701
7 5164723 38941933
7 5164732 38942107
7 5167234 38948214
7 5167243 38947261
7 5167324 38947238
7 5167342 38947650
7 5167423 38947605
7 5167432 38947804
7 5172346 38948111
7 5172364 38941776
7 5172436 38944763
7 5172463 38939297
7 5172634 38941943
7 5172643 38941705
7 5173246 38944763
7 5173264 38941609
7 5173426 38943703
7 5173462 38941773
7 5173624 38939090
7 5173642 38939176
7 5174236 38943675
7 5174263 38938566
7 5174326 38944348
7 5174362 38940799
7 5174623 38942120
7 5174632 38942362
7 5176234 38947974
7 5176243 38947235
7 5176324 38947227
7 5176342 38947488
7 5176423 38947494
7 5176432 38947978
7 5213467 38951354
7 5213476 38951354
7 5213647 38945447
7 5213674 38947253
7 5213746 38944900
7 5213764 38947760
7 5214367 38951303
7 5214376 38951303
7 5214637 38942278
7 5214673 38944432
7 5214736 38941938
7 5214763 38944268
7 5216347 38944808
7 5216374 38942043
7 5216437 38945294
7 5216473 38941725
7 5216734 38947260
7 5216743 38947101
7 5217346 38944639
7 5217364 38941783
7 5217436 38944324
7 5217463 38942027
7 5217634 38947333
7 5217643 38947674
7 5231467 38948812
7 5231476 38948812
7 5231647 38945501
7 5231674 38947484
7 5231746 38944870
7 5231764 38948064
7 5234167 38954128
7 5234176 38954128
7 5234617 38948485
7 5234671 38951216
7 5234716 38947797
7 5234761 38950957
7 5236147 38941572
7 5236174 38941138
7 5236417 38943006
7 5236471 38943410
7 5236714 38943892
7 5236741 38944357
7 5237146 38941138
7 5237164 38941754
7 5237416 38941275
7 5237461 38942547
7 5237614 38943827
7 5237641 38945090
7 5241367 38948991
7 5241376 38948991
7 5241637 38940166
7 5241673 38941796
7 5241736 38939577
7 5241763 38942027
7 5243167 38948891
7 5243176 38948891
7 5243617 38945537
7 5243671 38948472
7 5243716 38944951
7 5243761 38948458
7 5246137 38939918
7 5246173 38939297
7 5246317 38940296
7 5246371 38940299
7 5246713 38942502
7 5246731 38942548
7 5247136 38938934
7 5247163 38938533
7 5247316 38938684
7 5247361 38939912
7 5247613 38942028
7 5247631 38942237
7 5261347 38942149
7 5261374 38938914
7 5261437 38942373
7 5261473 38938321
7 5261734 38941632
7 5261743 38941379
7 5263147 38939918
7 5263174 38938934
7 5263417 38945555
7 5263471 38945115
7 5263714 38938786
7 5263741 38942719
7 5264137 38940247
7 5264173 38938566
7 5264317 38942946
7 5264371 38942995
7 5264713 38939653
7 5264731 38939998
7 5267134 38944250
7 5267143 38944084
7 5267314 38941416
7 5267341 38945182
7 5267413 38941808
7 5267431 38944655
7 5271346 38941776
7 5271364 38938725
7 5271436 38941609
7 5271463 38938533
7 5271634 38941687
7 5271643 38942001
7 5273146 38939297
7 5273164 38938533
7 5273416 38941773
7 5273461 38944708
7 5273614 38938334
7 5273641 38939781
7 5274136 38938566
7 5274163 38938112
7 5274316 38940799
7 5274361 38941553
7 5274613 38939435
7 5274631 38940154
7 5276134 38944084
7 5276143 38944174
7 5276314 38941619
7 5276341 38945021
7 5276413 38941904
7 5276431 38945091
7 5312467 38948811
7 5312476 38948811
7 5312647 38945724
7 5312674 38947499
7 5312746 38944876
7 5312764 38948295
7 5314267 38948981
7 5314276 38948981
7 5314627 38939998
7 5314672 38942107
7 5314726 38939653
7 5314762 38941933
7 5316247 38939628
7 5316274 38938860
7 5316427 38942719
7 5316472 38939560
7 5316724 38941379
7 5316742 38942074
7 5317246 38939154
7 5317264 38939375
7 5317426 38938786
7 5317462 38939148
7 5317624 38941632
7 5317642 38945177
7 5321467 38951561
7 5321476 38951561
7 5321647 38948985
7 5321674 38948538
7 5321746 38945769
7 5321764 38951425
7 5324167 38949134
7 5324176 38949134
7 5324617 38945696
7 5324671 38948653
7 5324716 38945027
7 5324761 38948465
7 5326147 38944968
7 5326174 38941878
7 5326417 38945129
7 5326471 38945803
7 5326714 38944466
7 5326741 38945070
7 5327146 38941878
7 5327164 38945261
7 5327416 38941209
7 5327461 38942620
7 5327614 38944713
7 5327641 38948002
7 5341267 38954465
7 5341276 38954465
7 5341627 38945402
7 5341672 38947256
7 5341726 38945030
7 5341762 38947260
7 5342167 38954548
7 5342176 38954548
7 5342617 38948568
7 5342671 38951272
7 5342716 38948531
7 5342761 38951263
7 5346127 38948561
7 5346172 38945649
7 5346217 38948561
7 5346271 38945855
7 5346712 38951536
7 5346721 38951536
7 5347126 38947409
7 5347162 38944422
7 5347216 38947252
7 5347261 38945147
7 5347612 38951198
7 5347621 38951198
7 5361247 38942547
7 5361274 38941380
7 5361427 38942549
7 5361472 38939333
7 5361724 38939375
7 5361742 38938860
7 5362147 38942379
7 5362174 38941469
7 5362417 38943412
7 5362471 38942790
7 5362714 38939154
7 5362741 38939628
7 5364127 38948652
7 5364172 38945056
7 5364217 38948978
7 5364271 38946022
7 5364712 38948981
7 5364721 38948981
7 5367124 38945060
7 5367142 38942267
7 5367214 38944644
7 5367241 38942820
7 5367412 38946203
7 5367421 38946203
7 5371246 38941943
7 5371264 38941687
7 5371426 38939090
7 5371462 38938334
7 5371624 38939098
7 5371642 38941988
7 5372146 38941705
7 5372164 38942001
7 5372416 38939176
7 5372461 38939781
7 5372614 38941988
7 5372641 38942223
7 5374126 38942120
7 5374162 38939435
7 5374216 38942362
7 5374261 38940154
7 5374612 38946138
7 5374621 38946138
7 5376124 38944997
7 5376142 38942554
7 5376214 38944666
7 5376241 38943026
7 5376412 38948603
7 5376421 38948603
7 5412367 38954202
7 5412376 38954202
7 5412637 38944671
7 5412673 38947028
7 5412736 38944563
7 5412763 38947101
7 5413267 38951536
7 5413276 38951536
7 5413627 38942548
7 5413672 38944728
7 5413726 38942502
7 5413762 38944716
7 5416237 38945070
7 5416273 38942074
7 5416327 38944357
7 5416372 38941261
7 5416723 38947101
7 5416732 38947028
7 5417236 38944466
7 5417263 38941379
7 5417326 38943892
7 5417362 38941164
7 5417623 38947260
7 5417632 38947099
7 5421367 38951374
7 5421376 38951374
7 5421637 38945118
7 5421673 38947264
7 5421736 38944516
7 5421763 38947674
7 5423167 38954548
7 5423176 38954548
7 5423617 38948404
7 5423671 38951114
7 5423716 38948132
7 5423761 38951100
7 5426137 38942379
7 5426173 38941705
7 5426317 38943251
7 5426371 38943092
7 5426713 38944563
7 5426731 38944671
7 5427136 38941469
7 5427163 38942001
7 5427316 38941876
7 5427361 38942335
7 5427613 38944599
7 5427631 38945187
7 5431267 38954624
7 5431276 38954624
7 5431627 38945640
7 5431672 38947795
7 5431726 38945352
7 5431762 38947906
7 5432167 38957991
7 5432176 38957991
7 5432617 38951825
7 5432671 38954525
7 5432716 38951741
7 5432761 38954525
7 5436127 38950956
7 5436172 38948071
7 5436217 38951132
7 5436271 38948568
7 5436712 38954202
7 5436721 38954202
7 5437126 38947888
7 5437162 38945423
7 5437216 38948275
7 5437261 38948462
7 5437612 38954203
7 5437621 38954203
7 5461237 38951471
7 5461273 38947261
7 5461327 38950469
7 5461372 38944537
7 5461723 38948295
7 5461732 38947499
7 5462137 38950474
7 5462173 38947235
7 5462317 38951422
7 5462371 38948251
7 5462713 38944876
7 5462731 38945724
7 5463127 38951398
7 5463172 38945464
7 5463217 38951666
7 5463271 38948415
7 5463712 38948811
7 5463721 38948811
7 5467123 38954629
7 5467132 38954024
7 5467213 38954024
7 5467231 38954636
7 5467312 38954629
7 5467321 38954629
7 5471236 38947974
7 5471263 38944084
7 5471326 38947227
7 5471362 38941619
7 5471623 38944997
7 5471632 38944666
7 5472136 38947235
7 5472163 38944174
7 5472316 38947488
7 5472361 38945021
7 5472613 38942554
7 5472631 38943026
7 5473126 38947494
7 5473162 38941904
7 5473216 38947978
7 5473261 38945091
7 5473612 38948603
7 5473621 38948603
7 5476123 38954553
7 5476132 38954017
7 5476213 38954017
7 5476231 38954559
7 5476312 38954553
7 5476321 38954553
7 5612347 38954525
7 5612374 38947906
7 5612437 38951100
7 5612473 38944716
7 5612734 38947674
7 5612743 38947101
7 5613247 38951263
7 5613274 38947260
7 5613427 38948458
7 5613472 38944482
7 5613724 38942027
7 5613742 38941725
7 5614237 38948465
7 5614273 38941933
7 5614327 38950957
7 5614372 38944450
7 5614723 38944268
7 5614732 38944432
7 5617234 38951425
7 5617243 38948295
7 5617324 38948064
7 5617342 38947934
7 5617423 38947760
7 5617432 38948006
7 5621347 38951097
7 5621374 38947252
7 5621437 38951023
7 5621473 38944374
7 5621734 38947333
7 5621743 38947260
7 5623147 38948561
7 5623174 38947409
7 5623417 38954452
7 5623471 38951273
7 5623714 38944324
7 5623741 38945294
7 5624137 38948652
7 5624173 38942120
7 5624317 38948797
7 5624371 38947933
7 5624713 38941938
7 5624731 38942278
7 5627134 38945060
7 5627143 38944997
7 5627314 38942838
7 5627341 38948541
7 5627413 38942887
7 5627431 38945381
7 5631247 38948545
7 5631274 38947247
7 5631427 38948652
7 5631472 38942188
7 5631724 38941783
7 5631742 38942043
7 5632147 38950956
7 5632174 38947888
7 5632417 38948815
7 5632471 38947941
7 5632714 38944639
7 5632741 38944808
7 5634127 38954777
7 5634172 38948309
7 5634217 38954625
7 5634271 38951497
7 5634712 38951303
7 5634721 38951303
7 5637124 38944955
7 5637142 38942713
7 5637214 38944864
7 5637241 38943219
7 5637412 38949114
7 5637421 38949114
7 5641237 38954345
7 5641273 38947605
7 5641327 38951412
7 5641372 38945165
7 5641723 38947760
7 5641732 38947253
7 5642137 38951398
7 5642173 38947494
7 5642317 38954469
7 5642371 38951112
7 5642713 38944900
7 5642731 38945447
7 5643127 38954363
7 5643172 38948115
7 5643217 38954951
7 5643271 38951650
7 5643712 38951354
7 5643721 38951354
7 5647123 38952084
7 5647132 38951411
7 5647213 38951411
7 5647231 38952092
7 5647312 38952084
7 5647321 38952084
7 5671234 38957991
7 5671243 38954629
7 5671324 38954793
7 5671342 38952079
7 5671423 38952084
7 5671432 38954466
7 5672134 38954629
7 5672143 38954553
7 5672314 38952079
7 5672341 38958086
7 5672413 38952244
7 5672431 38952416
7 5673124 38952084
7 5673142 38952244
7 5673214 38954466
7 5673241 38952416
7 5673412 38958076
7 5673421 38958076
7 5674123 38957991
7 5674132 38955033
7 5674213 38955033
7 5674231 38958072
7 5674312 38957991
7 5674321 38957991
7 5712346 38951741
7 5712364 38945352
7 5712436 38948132
7 5712463 38942502
7 5712634 38944516
7 5712643 38944563
7 5713246 38948531
7 5713264 38945030
7 5713426 38944951
7 5713462 38942039
7 5713624 38939577
7 5713642 38939480
7 5714236 38945027
7 5714263 38939653
7 5714326 38947797
7 5714362 38941494
7 5714623 38941938
7 5714632 38942291
7 5716234 38945769
7 5716243 38944876
7 5716324 38944870
7 5716342 38944907
7 5716423 38944900
7 5716432 38945577
7 5721346 38948368
7 5721364 38944848
7 5721436 38948125
7 5721463 38942028
7 5721634 38944338
7 5721643 38944599
7 5723146 38945649
7 5723164 38944422
7 5723416 38948372
7 5723461 38948736
7 5723614 38941300
7 5723641 38942591
7 5724136 38945056
7 5724163 38939435
7 5724316 38944878
7 5724361 38944885
7 5724613 38940085
7 5724631 38940271
7 5726134 38942267
7 5726143 38942554
7 5726314 38939653
7 5726341 38943067
7 5726413 38939868
7 5726431 38942719
7 5731246 38945644
7 5731264 38944440
7 5731426 38945217
7 5731462 38939370
7 5731624 38938978
7 5731642 38939649
7 5732146 38948071
7 5732164 38945423
7 5732416 38945059
7 5732461 38945105
7 5732614 38942016
7 5732641 38942488
7 5734126 38948309
7 5734162 38942477
7 5734216 38948235
7 5734261 38945413
7 5734612 38948872
7 5734621 38948872
7 5736124 38942713
7 5736142 38942592
7 5736214 38942726
7 5736241 38943038
7 5736412 38946385
7 5736421 38946385
7 5741236 38948282
7 5741263 38941808
7 5741326 38945477
7 5741362 38939350
7 5741623 38942887
7 5741632 38942042
7 5742136 38945464
7 5742163 38941904
7 5742316 38948225
7 5742361 38945116
7 5742613 38939868
7 5742631 38940917
7 5743126 38948115
7 5743162 38941994
7 5743216 38948863
7 5743261 38945623
7 5743612 38946218
7 5743621 38946218
7 5746123 38952244
7 5746132 38951430
7 5746213 38951430
7 5746231 38952254
7 5746312 38952244
7 5746321 38952244
7 5761234 38955033
7 5761243 38954024
7 5761324 38954126
7 5761342 38951398
7 5761423 38951411
7 5761432 38953996
7 5762134 38954024
7 5762143 38954017
7 5762314 38951398
7 5762341 38955045
7 5762413 38951430
7 5762431 38951467
7 5763124 38951411
7 5763142 38951430
7 5763214 38953996
7 5763241 38951467
7 5763412 38955045
7 5763421 38955045
7 5764123 38955033
7 5764132 38952330
7 5764213 38952330
7 5764231 38955110
7 5764312 38955033
7 5764321 38955033
7 6123457 38954776
7 6123475 38948863
7 6123547 38951663
7 6123574 38945735
7 6123745 38947978
7 6123754 38947804
7 6124357 38951582
7 6124375 38948235
7 6124537 38948260
7 6124573 38944723
7 6124735 38942362
7 6124753 38942107
7 6125347 38948114
7 6125374 38942342
7 6125437 38951267
7 6125473 38944480
7 6125734 38944406
7 6125743 38944728
7 6127345 38948275
7 6127354 38947270
7 6127435 38947252
7 6127453 38947256
7 6127534 38947225
7 6127543 38947795
7 6132457 38951582
7 6132475 38948225
7 6132547 38951501
7 6132574 38945188
7 6132745 38947488
7 6132754 38947650
7 6134257 38945920
7 6134275 38944878
7 6134527 38948148
7 6134572 38945226
7 6134725 38940799
7 6134752 38941701
7 6135247 38945716
7 6135274 38939338
7 6135427 38945371
7 6135472 38944223
7 6135724 38939168
7 6135742 38939155
7 6137245 38941876
7 6137254 38941962
7 6137425 38938684
7 6137452 38941645
7 6137524 38938870
7 6137542 38941563
7 6142357 38946152
7 6142375 38945059
7 6142537 38945720
7 6142573 38939338
7 6142735 38939176
7 6142753 38939560
7 6143257 38951193
7 6143275 38948372
7 6143527 38945232
7 6143572 38944223
7 6143725 38941773
7 6143752 38941550
7 6145237 38948033
7 6145273 38941550
7 6145327 38948084
7 6145372 38944223
7 6145723 38944482
7 6145732 38944480
7 6147235 38941209
7 6147253 38939333
7 6147325 38941275
7 6147352 38939338
7 6147523 38942188
7 6147532 38942342
7 6152347 38948324
7 6152374 38941563
7 6152437 38945701
7 6152473 38939155
7 6152734 38942154
7 6152743 38941261
7 6153247 38945537
7 6153274 38941645
7 6153427 38948248
7 6153472 38944223
7 6153724 38938705
7 6153742 38939338
7 6154237 38948079
7 6154273 38941701
7 6154327 38951742
7 6154372 38945226
7 6154723 38944450
7 6154732 38944723
7 6157234 38945406
7 6157243 38944537
7 6157324 38944537
7 6157342 38945188
7 6157423 38945165
7 6157432 38945735
7 6172345 38951741
7 6172354 38948368
7 6172435 38948531
7 6172453 38945649
7 6172534 38945644
7 6172543 38948071
7 6173245 38948132
7 6173254 38948125
7 6173425 38944951
7 6173452 38948372
7 6173524 38945217
7 6173542 38945059
7 6174235 38945027
7 6174253 38945056
7 6174325 38947797
7 6174352 38944878
7 6174523 38948309
7 6174532 38948235
7 6175234 38948282
7 6175243 38945464
7 6175324 38945477
7 6175342 38948225
7 6175423 38948115
7 6175432 38948863
7 6213457 38951650
7 6213475 38948115
7 6213547 38951112
7 6213574 38945165
7 6213745 38947494
7 6213754 38947605
7 6214357 38951497
7 6214375 38948309
7 6214537 38947933
7 6214573 38944450
7 6214735 38942120
7 6214753 38941933
7 6215347 38947941
7 6215374 38942188
7 6215437 38951273
7 6215473 38944482
7 6215734 38944374
7 6215743 38944716
7 6217345 38947888
7 6217354 38947247
7 6217435 38947409
7 6217453 38947260
7 6217534 38947252
7 6217543 38947906
7 6231457 38948571
7 6231475 38945477
7 6231547 38948249
7 6231574 38944537
7 6231745 38947227
7 6231754 38947238
7 6234157 38948485
7 6234175 38947797
7 6234517 38954434
7 6234571 38951742
7 6234715 38944348
7 6234751 38945722
7 6235147 38943006
7 6235174 38941275
7 6235417 38948318
7 6235471 38948084
7 6235714 38941166
7 6235741 38942309
7 6237145 38943892
7 6237154 38943827
7 6237415 38941166
7 6237451 38945053
7 6237514 38940838
7 6237541 38944425
7 6241357 38946014
7 6241375 38945217
7 6241537 38942866
7 6241573 38938705
7 6241735 38939090
7 6241753 38939148
7 6243157 38945537
7 6243175 38944951
7 6243517 38948559
7 6243571 38948248
7 6243715 38943703
7 6243751 38945095
7 6245137 38945555
7 6245173 38941773
7 6245317 38945852
7 6245371 38945232
7 6245713 38942039
7 6245731 38942094
7 6247135 38938786
7 6247153 38938334
7 6247315 38938235
7 6247351 38940021
7 6247513 38939370
7 6247531 38939993
7 6251347 38942920
7 6251374 38938870
7 6251437 38945494
7 6251473 38939168
7 6251734 38940968
7 6251743 38941164
7 6253147 38940296
7 6253174 38938684
7 6253417 38945852
7 6253471 38945371
7 6253714 38938235
7 6253741 38939710
7 6254137 38942946
7 6254173 38940799
7 6254317 38948123
7 6254371 38948148
7 6254713 38941494
7 6254731 38942066
7 6257134 38941416
7 6257143 38941619
7 6257314 38938693
7 6257341 38942262
7 6257413 38939350
7 6257431 38942535
7 6271345 38945352
7 6271354 38944848
7 6271435 38945030
7 6271453 38944422
7 6271534 38944440
7 6271543 38945423
7 6273145 38942502
7 6273154 38942028
7 6273415 38942039
7 6273451 38948736
7 6273514 38939370
7 6273541 38945105
7 6274135 38939653
7 6274153 38939435
7 6274315 38941494
7 6274351 38944885
7 6274513 38942477
7 6274531 38945413
7 6275134 38941808
7 6275143 38941904
7 6275314 38939350
7 6275341 38945116
7 6275413 38941994
7 6275431 38945623
7 6312457 38948415
7 6312475 38945464
7 6312547 38948251
7 6312574 38944537
7 6312745 38947235
7 6312754 38947261
7 6314257 38946022
7 6314275 38945056
7 6314527 38942995
7 6314572 38941701
7 6314725 38938566
7 6314752 38938840
7 6315247 38942790
7 6315274 38939333
7 6315427 38945115
7 6315472 38941550
7 6315724 38938321
7 6315742 38938981
7 6317245 38941469
7 6317254 38941380
7 6317425 38938934
7 6317452 38941479
7 6317524 38938914
7 6317542 38941867
7 6321457 38951264
7 6321475 38948282
7 6321547 38951276
7 6321574 38945406
7 6321745 38947974
7 6321754 38948214
7 6324157 38945696
7 6324175 38945027
7 6324517 38948326
7 6324571 38948079
7 6324715 38943675
7 6324751 38944791
7 6325147 38945129
7 6325174 38941209
7 6325417 38948191
7 6325471 38948033
7 6325714 38941155
7 6325741 38942012
7 6327145 38944466
7 6327154 38944713
7 6327415 38941155
7 6327451 38944769
7 6327514 38941246
7 6327541 38944939
7 6341257 38948346
7 6341275 38948125
7 6341527 38945572
7 6341572 38941645
7 6341725 38941609
7 6341752 38941479
7 6342157 38948404
7 6342175 38948132
7 6342517 38945877
7 6342571 38945537
7 6342715 38944763
7 6342751 38944840
7 6345127 38954452
7 6345172 38948372
7 6345217 38954448
7 6345271 38951193
7 6345712 38951473
7 6345721 38951473
7 6347125 38944324
7 6347152 38941300
7 6347215 38944086
7 6347251 38941876
7 6347512 38946295
7 6347521 38946295
7 6351247 38945812
7 6351274 38941962
7 6351427 38943178
7 6351472 38939338
7 6351724 38939399
7 6351742 38938645
7 6352147 38943251
7 6352174 38941876
7 6352417 38946521
7 6352471 38945716
7 6352714 38939106
7 6352741 38939878
7 6354127 38948797
7 6354172 38944878
7 6354217 38948909
7 6354271 38945920
7 6354712 38948502
7 6354721 38948502
7 6357124 38942838
7 6357142 38939653
7 6357214 38941979
7 6357241 38940576
7 6357412 38943578
7 6357421 38943578
7 6371245 38944516
7 6371254 38944338
7 6371425 38939577
7 6371452 38941300
7 6371524 38938978
7 6371542 38942016
7 6372145 38944563
7 6372154 38944599
7 6372415 38939480
7 6372451 38942591
7 6372514 38939649
7 6372541 38942488
7 6374125 38941938
7 6374152 38940085
7 6374215 38942291
7 6374251 38940271
7 6374512 38948872
7 6374521 38948872
7 6375124 38942887
7 6375142 38939868
7 6375214 38942042
7 6375241 38940917
7 6375412 38946218
7 6375421 38946218
7 6412357 38948568
7 6412375 38948071
7 6412537 38943092
7 6412573 38941261
7 6412735 38941705
7 6412753 38942074
7 6413257 38945855
7 6413275 38945649
7 6413527 38940299
7 6413572 38939155
7 6413725 38939297
7 6413752 38938981
7 6415237 38945803
7 6415273 38939560
7 6415327 38943410
7 6415372 38939338
7 6415723 38941725
7 6415732 38941557
7 6417235 38941878
7 6417253 38938860
7 6417325 38941138
7 6417352 38938645
7 6417523 38942043
7 6417532 38942042
7 6421357 38945856
7 6421375 38945644
7 6421537 38945658
7 6421573 38942154
7 6421735 38941943
7 6421753 38945177
7 6423157 38948568
7 6423175 38948531
7 6423517 38945877
7 6423571 38945701
7 6423715 38944763
7 6423751 38945065
7 6425137 38943412
7 6425173 38939176
7 6425317 38946521
7 6425371 38945720
7 6425713 38939480
7 6425731 38939995
7 6427135 38939154
7 6427153 38941988
7 6427315 38939106
7 6427351 38939784
7 6427513 38939649
7 6427531 38942699
7 6431257 38948406
7 6431275 38948368
7 6431527 38942946
7 6431572 38941563
7 6431725 38941776
7 6431752 38941867
7 6432157 38951825
7 6432175 38951741
7 6432517 38948384
7 6432571 38948324
7 6432715 38948111
7 6432751 38948208
7 6435127 38948815
7 6435172 38945059
7 6435217 38948991
7 6435271 38946152
7 6435712 38948656
7 6435721 38948656
7 6437125 38944639
7 6437152 38942016
7 6437215 38945014
7 6437251 38944924
7 6437512 38948365
7 6437521 38948365
7 6451237 38954452
7 6451273 38947650
7 6451327 38951422
7 6451372 38945188
7 6451723 38947934
7 6451732 38947273
7 6452137 38951422
7 6452173 38947488
7 6452317 38954858
7 6452371 38951501
7 6452713 38944907
7 6452731 38945749
7 6453127 38954469
7 6453172 38948225
7 6453217 38954867
7 6453271 38951582
7 6453712 38951512
7 6453721 38951512
7 6457123 38952079
7 6457132 38951398
7 6457213 38951398
7 6457231 38952087
7 6457312 38952079
7 6457321 38952079
7 6471235 38945769
7 6471253 38942267
7 6471325 38944870
7 6471352 38939653
7 6471523 38942713
7 6471532 38942726
7 6472135 38944876
7 6472153 38942554
7 6472315 38944907
7 6472351 38943067
7 6472513 38942592
7 6472531 38943038
7 6473125 38944900
7 6473152 38939868
7 6473215 38945577
7 6473251 38942719
7 6473512 38946385
7 6473521 38946385
7 6475123 38952244
7 6475132 38951430
7 6475213 38951430
7 6475231 38952254
7 6475312 38952244
7 6475321 38952244
7 6512347 38954525
7 6512374 38947795
7 6512437 38951114
7 6512473 38944728
7 6512734 38947264
7 6512743 38947028
7 6513247 38951272
7 6513274 38947256
7 6513427 38948472
7 6513472 38944480
7 6513724 38941796
7 6513742 38941557
7 6514237 38948653
7 6514273 38942107
7 6514327 38951216
7 6514372 38944723
7 6514723 38944432
7 6514732 38944868
7 6517234 38948538
7 6517243 38947499
7 6517324 38947484
7 6517342 38947273
7 6517423 38947253
7 6517432 38947711
7 6521347 38951102
7 6521374 38947225
7 6521437 38951043
7 6521473 38944406
7 6521734 38947090
7 6521743 38947099
7 6523147 38948561
7 6523174 38947252
7 6523417 38954448
7 6523471 38951267
7 6523714 38944086
7 6523741 38944768
7 6524137 38948978
7 6524173 38942362
7 6524317 38948909
7 6524371 38948260
7 6524713 38942291
7 6524731 38942559
7 6527134 38944644
7 6527143 38944666
7 6527314 38941979
7 6527341 38945528
7 6527413 38942042
7 6527431 38944618
7 6531247 38948567
7 6531274 38947270
7 6531427 38948816
7 6531472 38942342
7 6531724 38941793
7 6531742 38942042
7 6532147 38951132
7 6532174 38948275
7 6532417 38948991
7 6532471 38948114
7 6532714 38945014
7 6532741 38944880
7 6534127 38954625
7 6534172 38948235
7 6534217 38954710
7 6534271 38951582
7 6534712 38951366
7 6534721 38951366
7 6537124 38944864
7 6537142 38942726
7 6537214 38945037
7 6537241 38943031
7 6537412 38946536
7 6537421 38946536
7 6541237 38954538
7 6541273 38947804
7 6541327 38951833
7 6541372 38945735
7 6541723 38948006
7 6541732 38947711
7 6542137 38951666
7 6542173 38947978
7 6542317 38954867
7 6542371 38951663
7 6542713 38945577
7 6542731 38945969
7 6543127 38954951
7 6543172 38948863
7 6543217 38957991
7 6543271 38954776
7 6543712 38954439
7 6543721 38954439
7 6547123 38954466
7 6547132 38953996
7 6547213 38953996
7 6547231 38954471
7 6547312 38954466
7 6547321 38954466
7 6571234 38955033
7 6571243 38954024
7 6571324 38954126
7 6571342 38951398
7 6571423 38951411
7 6571432 38953996
7 6572134 38954024
7 6572143 38954017
7 6572314 38951398
7 6572341 38955045
7 6572413 38951430
7 6572431 38951467
7 6573124 38951411
7 6573142 38951430
7 6573214 38953996
7 6573241 38951467
7 6573412 38955045
7 6573421 38955045
7 6574123 38955033
7 6574132 38952330
7 6574213 38952330
7 6574231 38955110
7 6574312 38955033
7 6574321 38955033
7 6712345 38957991
7 6712354 38954624
7 6712435 38954548
7 6712453 38951536
7 6712534 38951374
7 6712543 38954202
7 6713245 38954548
7 6713254 38954465
7 6713425 38948891
7 6713452 38951473
7 6713524 38948991
7 6713542 38948656
7 6714235 38949134
7 6714253 38948981
7 6714325 38954128
7 6714352 38948502
7 6714523 38951303
7 6714532 38951366
7 6715234 38951561
7 6715243 38948811
7 6715324 38948812
7 6715342 38951512
7 6715423 38951354
7 6715432 38954439
7 6721345 38954624
7 6721354 38954055
7 6721435 38954465
7 6721453 38951198
7 6721534 38951200
7 6721543 38954203
7 6723145 38951536
7 6723154 38951198
7 6723415 38951473
7 6723451 38958086
7 6723514 38946295
7 6723541 38951652
7 6724135 38948981
7 6724153 38946138
7 6724315 38948502
7 6724351 38951901
7 6724513 38948872
7 6724531 38949180
7 6725134 38946203
7 6725143 38948603
7 6725314 38943578
7 6725341 38949187
7 6725413 38946218
7 6725431 38951328
7 6731245 38951374
7 6731254 38951200
7 6731425 38948991
7 6731452 38946295
7 6731524 38946066
7 6731542 38948365
7 6732145 38954202
7 6732154 38954203
7 6732415 38948656
7 6732451 38951652
7 6732514 38948365
7 6732541 38951509
7 6734125 38951303
7 6734152 38948872
7 6734215 38951366
7 6734251 38949180
7 6734512 38958090
7 6734521 38958090
7 6735124 38949114
7 6735142 38946385
7 6735214 38946536
7 6735241 38949502
7 6735412 38952145
7 6735421 38952145
7 6741235 38951561
7 6741253 38946203
7 6741325 38948812
7 6741352 38943578
7 6741523 38949114
7 6741532 38946536
7 6742135 38948811
7 6742153 38948603
7 6742315 38951512
7 6742351 38949187
7 6742513 38946385
7 6742531 38949502
7 6743125 38951354
7 6743152 38946218
7 6743215 38954439
7 6743251 38951328
7 6743512 38952145
7 6743521 38952145
7 6745123 38958076
7 6745132 38955045
7 6745213 38955045
7 6745231 38958158
7 6745312 38958076
7 6745321 38958076
7 6751234 38957991
7 6751243 38954629
7 6751324 38954793
7 6751342 38952079
7 6751423 38952084
7 6751432 38954466
7 6752134 38954629
7 6752143 38954553
7 6752314 38952079
7 6752341 38958086
7 6752413 38952244
7 6752431 38952416
7 6753124 38952084
7 6753142 38952244
7 6753214 38954466
7 6753241 38952416
7 6753412 38958076
7 6753421 38958076
7 6754123 38957991
7 6754132 38955033
7 6754213 38955033
7 6754231 38958072
7 6754312 38957991
7 6754321 38957991
7 7123456 38957991
7 7123465 38954951
7 7123546 38954867
7 7123564 38951833
7 7123645 38951666
7 7123654 38954538
7 7124356 38954710
7 7124365 38954625
7 7124536 38948909
7 7124563 38951216
7 7124635 38948978
7 7124653 38948653
7 7125346 38948991
7 7125364 38948816
7 7125436 38954448
7 7125463 38948472
7 7125634 38951043
7 7125643 38951114
7 7126345 38951132
7 7126354 38948567
7 7126435 38948561
7 7126453 38951272
7 7126534 38951102
7 7126543 38954525
7 7132456 38954867
7 7132465 38954469
7 7132546 38954858
7 7132564 38951422
7 7132645 38951422
7 7132654 38954452
7 7134256 38948909
7 7134265 38948797
7 7134526 38948123
7 7134562 38951742
7 7134625 38942946
7 7134652 38948079
7 7135246 38946521
7 7135264 38943178
7 7135426 38945852
7 7135462 38948248
7 7135624 38945494
7 7135642 38945701
7 7136245 38943251
7 7136254 38945812
7 7136425 38940296
7 7136452 38945537
7 7136524 38942920
7 7136542 38948324
7 7142356 38948991
7 7142365 38948815
7 7142536 38946521
7 7142563 38943410
7 7142635 38943412
7 7142653 38945803
7 7143256 38954448
7 7143265 38954452
7 7143526 38945852
7 7143562 38948084
7 7143625 38945555
7 7143652 38948033
7 7145236 38948191
7 7145263 38945115
7 7145326 38948318
7 7145362 38945371
7 7145623 38951273
7 7145632 38951267
7 7146235 38945129
7 7146253 38942790
7 7146325 38943006
7 7146352 38945716
7 7146523 38947941
7 7146532 38948114
7 7152346 38948384
7 7152364 38942946
7 7152436 38945877
7 7152463 38940299
7 7152634 38945658
7 7152643 38943092
7 7153246 38945877
7 7153264 38945572
7 7153426 38948559
7 7153462 38945232
7 7153624 38942866
7 7153642 38945720
7 7154236 38948326
7 7154263 38942995
7 7154326 38954434
7 7154362 38948148
7 7154623 38947933
7 7154632 38948260
7 7156234 38951276
7 7156243 38948251
7 7156324 38948249
7 7156342 38951501
7 7156423 38951112
7 7156432 38951663
7 7162345 38951825
7 7162354 38948406
7 7162435 38948568
7 7162453 38945855
7 7162534 38945856
7 7162543 38948568
7 7163245 38948404
7 7163254 38948346
7 7163425 38945537
7 7163452 38951193
7 7163524 38946014
7 7163542 38946152
7 7164235 38945696
7 7164253 38946022
7 7164325 38948485
7 7164352 38945920
7 7164523 38951497
7 7164532 38951582
7 7165234 38951264
7 7165243 38948415
7 7165324 38948571
7 7165342 38951582
7 7165423 38951650
7 7165432 38954776
7 7213456 38954951
7 7213465 38954363
7 7213546 38954469
7 7213564 38951412
7 7213645 38951398
7 7213654 38954345
7 7214356 38954625
7 7214365 38954777
7 7214536 38948797
7 7214563 38950957
7 7214635 38948652
7 7214653 38948465
7 7215346 38948815
7 7215364 38948652
7 7215436 38954452
7 7215463 38948458
7 7215634 38951023
7 7215643 38951100
7 7216345 38950956
7 7216354 38948545
7 7216435 38948561
7 7216453 38951263
7 7216534 38951097
7 7216543 38954525
7 7231456 38951833
7 7231465 38951412
7 7231546 38951422
7 7231564 38950486
7 7231645 38950469
7 7231654 38951472
7 7234156 38951216
7 7234165 38950957
7 7234516 38951742
7 7234561 38958082
7 7234615 38945722
7 7234651 38951919
7 7235146 38943410
7 7235164 38942547
7 7235416 38948084
7 7235461 38951705
7 7235614 38945053
7 7235641 38948540
7 7236145 38944357
7 7236154 38945090
7 7236415 38942309
7 7236451 38948540
7 7236514 38944425
7 7236541 38951119
7 7241356 38948816
7 7241365 38948652
7 7241536 38943178
7 7241563 38942547
7 7241635 38942549
7 7241653 38942620
7 7243156 38948472
7 7243165 38948458
7 7243516 38948248
7 7243561 38951705
7 7243615 38945095
7 7243651 38951542
7 7245136 38945115
7 7245163 38944708
7 7245316 38945371
7 7245361 38945985
7 7245613 38948736
7 7245631 38948856
7 7246135 38942719
7 7246153 38939781
7 7246315 38939710
7 7246351 38946081
7 7246513 38945105
7 7246531 38945733
7 7251346 38942946
7 7251364 38940242
7 7251436 38945572
7 7251463 38939912
7 7251634 38942541
7 7251643 38942335
7 7253146 38940299
7 7253164 38939912
7 7253416 38945232
7 7253461 38945985
7 7253614 38940021
7 7253641 38946081
7 7254136 38942995
7 7254163 38941553
7 7254316 38948148
7 7254361 38950896
7 7254613 38944885
7 7254631 38945588
7 7256134 38945182
7 7256143 38945021
7 7256314 38942262
7 7256341 38948381
7 7256413 38945116
7 7256431 38948420
7 7261345 38945640
7 7261354 38945089
7 7261435 38945402
7 7261453 38945147
7 7261534 38945364
7 7261543 38948462
7 7263145 38942548
7 7263154 38942237
7 7263415 38942094
7 7263451 38948856
7 7263514 38939993
7 7263541 38945733
7 7264135 38939998
7 7264153 38940154
7 7264315 38942066
7 7264351 38945588
7 7264513 38945413
7 7264531 38948571
7 7265134 38944655
7 7265143 38945091
7 7265314 38942535
7 7265341 38948420
7 7265413 38945623
7 7265431 38951561
7 7312456 38951666
7 7312465 38951398
7 7312546 38951422
7 7312564 38950469
7 7312645 38950474
7 7312654 38951471
7 7314256 38948978
7 7314265 38948652
7 7314526 38942946
7 7314562 38945722
7 7314625 38940247
7 7314652 38944791
7 7315246 38943412
7 7315264 38942549
7 7315426 38945555
7 7315462 38945095
7 7315624 38942373
7 7315642 38945065
7 7316245 38942379
7 7316254 38942547
7 7316425 38939918
7 7316452 38944840
7 7316524 38942149
7 7316542 38948208
7 7321456 38954538
7 7321465 38954345
7 7321546 38954452
7 7321564 38951472
7 7321645 38951471
7 7321654 38954517
7 7324156 38948653
7 7324165 38948465
7 7324516 38948079
7 7324561 38951919
7 7324615 38944791
7 7324651 38950841
7 7325146 38945803
7 7325164 38942620
7 7325416 38948033
7 7325461 38951542
7 7325614 38944769
7 7325641 38948053
7 7326145 38945070
7 7326154 38948002
7 7326415 38942012
7 7326451 38948053
7 7326514 38944939
7 7326541 38951121
7 7341256 38951043
7 7341265 38951023
7 7341526 38945494
7 7341562 38945053
7 7341625 38942373
7 7341652 38944769
7 7342156 38951114
7 7342165 38951100
7 7342516 38945701
7 7342561 38948540
7 7342615 38945065
7 7342651 38948053
7 7345126 38951273
7 7345162 38948736
7 7345216 38951267
7 7345261 38948856
7 7345612 38958086
7 7345621 38958086
7 7346125 38945294
7 7346152 38942591
7 7346215 38944768
7 7346251 38943377
7 7346512 38951652
7 7346521 38951652
7 7351246 38945658
7 7351264 38942541
7 7351426 38942866
7 7351462 38940021
7 7351624 38942330
7 7351642 38939784
7 7352146 38943092
7 7352164 38942335
7 7352416 38945720
7 7352461 38946081
7 7352614 38939784
7 7352641 38943236
7 7354126 38947933
7 7354162 38944885
7 7354216 38948260
7 7354261 38945588
7 7354612 38951901
7 7354621 38951901
7 7356124 38948541
7 7356142 38943067
7 7356214 38945528
7 7356241 38946422
7 7356412 38949187
7 7356421 38949187
7 7361245 38945118
7 7361254 38945023
7 7361425 38940166
7 7361452 38941876
7 7361524 38939922
7 7361542 38944924
7 7362145 38944671
7 7362154 38945187
7 7362415 38939995
7 7362451 38943377
7 7362514 38942699
7 7362541 38945458
7 7364125 38942278
7 7364152 38940271
7 7364215 38942559
7 7364251 38940673
7 7364512 38949180
7 7364521 38949180
7 7365124 38945381
7 7365142 38942719
7 7365214 38944618
7 7365241 38943617
7 7365412 38951328
7 7365421 38951328
7 7412356 38951132
7 7412365 38950956
7 7412536 38943251
7 7412563 38944357
7 7412635 38942379
7 7412653 38945070
7 7413256 38948561
7 7413265 38948561
7 7413526 38940296
7 7413562 38942309
7 7413625 38939918
7 7413652 38942012
7 7415236 38945129
7 7415263 38942719
7 7415326 38943006
7 7415362 38939710
7 7415623 38945294
7 7415632 38944768
7 7416235 38944968
7 7416253 38939628
7 7416325 38941572
7 7416352 38939878
7 7416523 38944808
7 7416532 38944880
7 7421356 38948567
7 7421365 38948545
7 7421536 38945812
7 7421563 38945090
7 7421635 38942547
7 7421653 38948002
7 7423156 38951272
7 7423165 38951263
7 7423516 38945537
7 7423561 38948540
7 7423615 38944840
7 7423651 38948053
7 7425136 38942790
7 7425163 38939781
7 7425316 38945716
7 7425361 38946081
7 7425613 38942591
7 7425631 38943377
7 7426135 38939628
7 7426153 38942223
7 7426315 38939878
7 7426351 38943236
7 7426513 38942488
7 7426531 38945458
7 7431256 38951102
7 7431265 38951097
7 7431526 38942920
7 7431562 38944425
7 7431625 38942149
7 7431652 38944939
7 7432156 38954525
7 7432165 38954525
7 7432516 38948324
7 7432561 38951119
7 7432615 38948208
7 7432651 38951121
7 7435126 38947941
7 7435162 38945105
7 7435216 38948114
7 7435261 38945733
7 7435612 38951652
7 7435621 38951652
7 7436125 38944808
7 7436152 38942488
7 7436215 38944880
7 7436251 38945458
7 7436512 38951509
7 7436521 38951509
7 7451236 38951276
7 7451263 38945182
7 7451326 38948249
7 7451362 38942262
7 7451623 38948541
7 7451632 38945528
7 7452136 38948251
7 7452163 38945021
7 7452316 38951501
7 7452361 38948381
7 7452613 38943067
7 7452631 38946422
7 7453126 38951112
7 7453162 38945116
7 7453216 38951663
7 7453261 38948420
7 7453612 38949187
7 7453621 38949187
7 7456123 38958086
7 7456132 38955045
7 7456213 38955045
7 7456231 38958168
7 7456312 38958086
7 7456321 38958086
7 7461235 38948985
7 7461253 38942820
7 7461325 38945501
7 7461352 38940576
7 7461523 38943219
7 7461532 38943031
7 7462135 38945724
7 7462153 38943026
7 7462315 38945749
7 7462351 38946422
7 7462513 38943038
7 7462531 38943767
7 7463125 38945447
7 7463152 38940917
7 7463215 38945969
7 7463251 38943617
7 7463512 38949502
7 7463521 38949502
7 7465123 38952416
7 7465132 38951467
7 7465213 38951467
7 7465231 38952428
7 7465312 38952416
7 7465321 38952416
7 7512346 38951825
7 7512364 38945640
7 7512436 38948404
7 7512463 38942548
7 7512634 38945118
7 7512643 38944671
7 7513246 38948568
7 7513264 38945402
7 7513426 38945537
7 7513462 38942094
7 7513624 38940166
7 7513642 38939995
7 7514236 38945696
7 7514263 38939998
7 7514326 38948485
7 7514362 38942066
7 7514623 38942278
7 7514632 38942559
7 7516234 38948985
7 7516243 38945724
7 7516324 38945501
7 7516342 38945749
7 7516423 38945447
7 7516432 38945969
7 7521346 38948406
7 7521364 38945089
7 7521436 38948346
7 7521463 38942237
7 7521634 38945023
7 7521643 38945187
7 7523146 38945855
7 7523164 38945147
7 7523416 38951193
7 7523461 38948856
7 7523614 38941876
7 7523641 38943377
7 7524136 38946022
7 7524163 38940154
7 7524316 38945920
7 7524361 38945588
7 7524613 38940271
7 7524631 38940673
7 7526134 38942820
7 7526143 38943026
7 7526314 38940576
7 7526341 38946422
7 7526413 38940917
7 7526431 38943617
7 7531246 38945856
7 7531264 38945364
7 7531426 38946014
7 7531462 38939993
7 7531624 38939922
7 7531642 38942699
7 7532146 38948568
7 7532164 38948462
7 7532416 38946152
7 7532461 38945733
7 7532614 38944924
7 7532641 38945458
7 7534126 38951497
7 7534162 38945413
7 7534216 38951582
7 7534261 38948571
7 7534612 38949180
7 7534621 38949180
7 7536124 38943219
7 7536142 38943038
7 7536214 38943031
7 7536241 38943767
7 7536412 38949502
7 7536421 38949502
7 7541236 38951264
7 7541263 38944655
7 7541326 38948571
7 7541362 38942535
7 7541623 38945381
7 7541632 38944618
7 7542136 38948415
7 7542163 38945091
7 7542316 38951582
7 7542361 38948420
7 7542613 38942719
7 7542631 38943617
7 7543126 38951650
7 7543162 38945623
7 7543216 38954776
7 7543261 38951561
7 7543612 38951328
7 7543621 38951328
7 7546123 38952416
7 7546132 38951467
7 7546213 38951467
7 7546231 38952428
7 7546312 38952416
7 7546321 38952416
7 7561234 38958072
7 7561243 38954636
7 7561324 38954801
7 7561342 38952087
7 7561423 38952092
7 7561432 38954471
7 7562134 38954636
7 7562143 38954559
7 7562314 38952087
7 7562341 38958168
7 7562413 38952254
7 7562431 38952428
7 7563124 38952092
7 7563142 38952254
7 7563214 38954471
7 7563241 38952428
7 7563412 38958158
7 7563421 38958158
7 7564123 38958072
7 7564132 38955110
7 7564213 38955110
7 7564231 38958153
7 7564312 38958072
7 7564321 38958072
7 7612345 38957991
7 7612354 38954624
7 7612435 38954548
7 7612453 38951536
7 7612534 38951374
7 7612543 38954202
7 7613245 38954548
7 7613254 38954465
7 7613425 38948891
7 7613452 38951473
7 7613524 38948991
7 7613542 38948656
7 7614235 38949134
7 7614253 38948981
7 7614325 38954128
7 7614352 38948502
7 7614523 38951303
7 7614532 38951366
7 7615234 38951561
7 7615243 38948811
7 7615324 38948812
7 7615342 38951512
7 7615423 38951354
7 7615432 38954439
7 7621345 38954624
7 7621354 38954055
7 7621435 38954465
7 7621453 38951198
7 7621534 38951200
7 7621543 38954203
7 7623145 38951536
7 7623154 38951198
7 7623415 38951473
7 7623451 38958086
7 7623514 38946295
7 7623541 38951652
7 7624135 38948981
7 7624153 38946138
7 7624315 38948502
7 7624351 38951901
7 7624513 38948872
7 7624531 38949180
7 7625134 38946203
7 7625143 38948603
7 7625314 38943578
7 7625341 38949187
7 7625413 38946218
7 7625431 38951328
7 7631245 38951374
7 7631254 38951200
7 7631425 38948991
7 7631452 38946295
7 7631524 38946066
7 7631542 38948365
7 7632145 38954202
7 7632154 38954203
7 7632415 38948656
7 7632451 38951652
7 7632514 38948365
7 7632541 38951509
7 7634125 38951303
7 7634152 38948872
7 7634215 38951366
7 7634251 38949180
7 7634512 38958090
7 7634521 38958090
7 7635124 38949114
7 7635142 38946385
7 7635214 38946536
7 7635241 38949502
7 7635412 38952145
7 7635421 38952145
7 7641235 38951561
7 7641253 38946203
7 7641325 38948812
7 7641352 38943578
7 7641523 38949114
7 7641532 38946536
7 7642135 38948811
7 7642153 38948603
7 7642315 38951512
7 7642351 38949187
7 7642513 38946385
7 7642531 38949502
7 7643125 38951354
7 7643152 38946218
7 7643215 38954439
7 7643251 38951328
7 7643512 38952145
7 7643521 38952145
7 7645123 38958076
7 7645132 38955045
7 7645213 38955045
7 7645231 38958158
7 7645312 38958076
7 7645321 38958076
7 7651234 38957991
7 7651243 38954629
7 7651324 38954793
7 7651342 38952079
7 7651423 38952084
7 7651432 38954466
7 7652134 38954629
7 7652143 38954553
7 7652314 38952079
7 7652341 38958086
7 7652413 38952244
7 7652431 38952416
7 7653124 38952084
7 7653142 38952244
7 7653214 38954466
7 7653241 38952416
7 7653412 38958076
7 7653421 38958076
7 7654123 38957991
7 7654132 38955033
7 7654213 38955033
7 7654231 38958072
7 7654312 38957991
7 7654321 38957991
