3 123 208012
3 132 208012
3 213 208012
3 231 208012
3 312 208012
3 321 208012
4 1234 24792705
4 1243 24792705
4 1324 25431452
4 1342 22214707
4 1423 22214707
4 1432 24792705
4 2134 24792705
4 2143 24792705
4 2314 22214707
4 2341 24792705
4 2413 22214707
4 2431 22214707
4 3124 22214707
4 3142 22214707
4 3214 24792705
4 3241 22214707
4 3412 24792705
4 3421 24792705
4 4123 24792705
4 4132 22214707
4 4213 22214707
4 4231 25431452
4 4312 24792705
4 4321 24792705
5 12345 178108704
5 12354 178108704
5 12435 178582940
5 12453 174094868
5 12534 174094868
5 12543 178108704
5 13245 178582940
5 13254 178582940
5 13425 172810050
5 13452 173094540
5 13524 172016256
5 13542 171285237
5 14235 172810050
5 14253 172016256
5 14325 178904675
5 14352 171341565
5 14523 173461305
5 14532 173741467
5 15234 173094540
5 15243 171285237
5 15324 171341565
5 15342 174426353
5 15423 173741467
5 15432 178108704
5 21345 178108704
5 21354 178108704
5 21435 178582940
5 21453 174094868
5 21534 174094868
5 21543 178108704
5 23145 174094868
5 23154 174094868
5 23415 173094540
5 23451 178108704
5 23514 168648090
5 23541 173741467
5 24135 172016256
5 24153 167969934
5 24315 171341565
5 24351 174426353
5 24513 170605392
5 24531 171285237
5 25134 168648090
5 25143 170605392
5 25314 165857600
5 25341 171341565
5 25413 168648090
5 25431 173094540
5 31245 174094868
5 31254 174094868
5 31425 172016256
5 31452 168648090
5 31524 167969934
5 31542 170605392
5 32145 178108704
5 32154 178108704
5 32415 171285237
5 32451 173741467
5 32514 170605392
5 32541 173461305
5 34125 173461305
5 34152 170605392
5 34215 173741467
5 34251 171285237
5 34512 178108704
5 34521 178108704
5 35124 170605392
5 35142 167969934
5 35214 168648090
5 35241 172016256
5 35412 174094868
5 35421 174094868
5 41235 173094540
5 41253 168648090
5 41325 171341565
5 41352 165857600
5 41523 170605392
5 41532 168648090
5 42135 171285237
5 42153 170605392
5 42315 174426353
5 42351 171341565
5 42513 167969934
5 42531 172016256
5 43125 173741467
5 43152 168648090
5 43215 178108704
5 43251 173094540
5 43512 174094868
5 43521 174094868
5 45123 178108704
5 45132 174094868
5 45213 174094868
5 45231 178582940
5 45312 178108704
5 45321 178108704
5 51234 178108704
5 51243 173741467
5 51324 174426353
5 51342 171341565
5 51423 171285237
5 51432 173094540
5 52134 173741467
5 52143 173461305
5 52314 171341565
5 52341 178904675
5 52413 172016256
5 52431 172810050
5 53124 171285237
5 53142 172016256
5 53214 173094540
5 53241 172810050
5 53412 178582940
5 53421 178582940
5 54123 178108704
5 54132 174094868
5 54213 174094868
5 54231 178582940
5 54312 178108704
5 54321 178108704
6 123456 370531683
6 123465 370531683
6 123546 370599945
6 123564 369500354
6 123645 369500354
6 123654 370531683
6 124356 370608915
6 124365 370608915
6 124536 368841108
6 124563 369107313
6 124635 368681504
6 124653 368555239
6 125346 368841108
6 125364 368681504
6 125436 370641623
6 125463 368542702
6 125634 369188359
6 125643 369239595
6 126345 369107313
6 126354 368555239
6 126435 368542702
6 126453 369376920
6 126534 369239595
6 126543 370531683
6 132456 370599945
6 132465 370599945
6 132546 370670398
6 132564 369533070
6 132645 369533070
6 132654 370599945
6 134256 368841108
6 134265 368841108
6 134526 368277055
6 134562 369262762
6 134625 366868067
6 134652 368204877
6 135246 368089648
6 135264 366959646
6 135426 367865550
6 135462 368325636
6 135624 367421581
6 135642 367526877
6 136245 367058930
6 136254 367802282
6 136425 366084190
6 136452 367530144
6 136524 366827019
6 136542 368386221
6 142356 368841108
6 142365 368841108
6 142536 368089648
6 142563 367058930
6 142635 366959646
6 142653 367802282
6 143256 370641623
6 143265 370641623
6 143526 367865550
6 143562 368235450
6 143625 367659357
6 143652 368216847
6 145236 368436494
6 145263 367280172
6 145326 368513627
6 145362 367442268
6 145623 369130753
6 145632 369128906
6 146235 367280172
6 146253 366749785
6 146325 366910851
6 146352 367706545
6 146523 368136462
6 146532 368270512
6 152346 368277055
6 152364 366868067
6 152436 367865550
6 152463 366084190
6 152634 367421581
6 152643 366827019
6 153246 367865550
6 153264 367659357
6 153426 368699773
6 153462 367359477
6 153624 366794518
6 153642 367679064
6 154236 368513627
6 154263 366910851
6 154326 370636307
6 154362 368341118
6 154623 368131670
6 154632 368381939
6 156234 369130753
6 156243 368136462
6 156324 368131670
6 156342 369332651
6 156423 369055435
6 156432 369431273
6 162345 369262762
6 162354 368204877
6 162435 368325636
6 162453 367530144
6 162534 367526877
6 162543 368386221
6 163245 368235450
6 163254 368216847
6 163425 367359477
6 163452 369106844
6 163524 367679064
6 163542 367772447
6 164235 367442268
6 164253 367706545
6 164325 368341118
6 164352 367633865
6 164523 369332651
6 164532 369403978
6 165234 369128906
6 165243 368270512
6 165324 368381939
6 165342 369403978
6 165423 369431273
6 165432 370531683
6 213456 370531683
6 213465 370531683
6 213546 370599945
6 213564 369500354
6 213645 369500354
6 213654 370531683
6 214356 370608915
6 214365 370608915
6 214536 368841108
6 214563 369107313
6 214635 368681504
6 214653 368555239
6 215346 368841108
6 215364 368681504
6 215436 370641623
6 215463 368542702
6 215634 369188359
6 215643 369239595
6 216345 369107313
6 216354 368555239
6 216435 368542702
6 216453 369376920
6 216534 369239595
6 216543 370531683
6 231456 369500354
6 231465 369500354
6 231546 369533070
6 231564 368833207
6 231645 368833207
6 231654 369500354
6 234156 369107313
6 234165 369107313
6 234516 369262762
6 234561 370531683
6 234615 367377226
6 234651 369431273
6 235146 367058930
6 235164 366399589
6 235416 368235450
6 235461 369403978
6 235614 367012525
6 235641 368270512
6 236145 366717782
6 236154 367192027
6 236415 366306831
6 236451 368381939
6 236514 366762330
6 236541 369128906
6 241356 368681504
6 241365 368681504
6 241536 366959646
6 241563 366399589
6 241635 366416515
6 241653 366562502
6 243156 368542702
6 243165 368542702
6 243516 368325636
6 243561 369403978
6 243615 367246800
6 243651 369332651
6 245136 367280172
6 245163 366862507
6 245316 367442268
6 245361 367772447
6 245613 368255863
6 245631 368386221
6 246135 366410482
6 246153 365554002
6 246315 365608597
6 246351 367679064
6 246513 367181171
6 246531 367526877
6 251346 366868067
6 251364 366080358
6 251436 367659357
6 251463 365803263
6 251634 366399028
6 251643 366298292
6 253146 366084190
6 253164 365803263
6 253416 367359477
6 253461 367633865
6 253614 365742787
6 253641 367706545
6 254136 366910851
6 254163 365858205
6 254316 368341118
6 254361 369106844
6 254613 367052999
6 254631 367530144
6 256134 367075385
6 256143 366948776
6 256314 366140919
6 256341 368216847
6 256413 367051239
6 256431 368204877
6 261345 367377226
6 261354 367051239
6 261435 367246800
6 261453 367052999
6 261534 367181171
6 261543 368255863
6 263145 366306831
6 263154 366140919
6 263415 365994541
6 263451 368341118
6 263514 365608597
6 263541 367442268
6 264135 365608597
6 264153 365742787
6 264315 365994541
6 264351 367359477
6 264513 367246800
6 264531 368325636
6 265134 366762330
6 265143 367012525
6 265314 366306831
6 265341 368235450
6 265413 367377226
6 265431 369262762
6 312456 369500354
6 312465 369500354
6 312546 369533070
6 312564 368833207
6 312645 368833207
6 312654 369500354
6 314256 368681504
6 314265 368681504
6 314526 366868067
6 314562 367377226
6 314625 366080358
6 314652 367051239
6 315246 366959646
6 315264 366416515
6 315426 367659357
6 315462 367246800
6 315624 366399028
6 315642 367181171
6 316245 366399589
6 316254 366562502
6 316425 365803263
6 316452 367052999
6 316524 366298292
6 316542 368255863
6 321456 370531683
6 321465 370531683
6 321546 370599945
6 321564 369500354
6 321645 369500354
6 321654 370531683
6 324156 368555239
6 324165 368555239
6 324516 368204877
6 324561 369431273
6 324615 367051239
6 324651 369055435
6 325146 367802282
6 325164 366562502
6 325416 368216847
6 325461 369332651
6 325614 366948776
6 325641 368136462
6 326145 367192027
6 326154 368139497
6 326415 366140919
6 326451 368131670
6 326514 367075385
6 326541 369130753
6 341256 369188359
6 341265 369188359
6 341526 367421581
6 341562 367012525
6 341625 366399028
6 341652 366948776
6 342156 369239595
6 342165 369239595
6 342516 367526877
6 342561 368270512
6 342615 367181171
6 342651 368136462
6 345126 369130753
6 345162 368255863
6 345216 369128906
6 345261 368386221
6 345612 370531683
6 345621 370531683
6 346125 367075385
6 346152 366298292
6 346215 366762330
6 346251 366827019
6 346512 369239595
6 346521 369239595
6 351246 367421581
6 351264 366399028
6 351426 366794518
6 351462 365742787
6 351624 366268369
6 351642 365554002
6 352146 366827019
6 352164 366298292
6 352416 367679064
6 352461 367706545
6 352614 365554002
6 352641 366749785
6 354126 368131670
6 354162 367052999
6 354216 368381939
6 354261 367530144
6 354612 369376920
6 354621 369376920
6 356124 368139497
6 356142 366562502
6 356214 367192027
6 356241 367802282
6 356412 368555239
6 356421 368555239
6 361245 367012525
6 361254 366948776
6 361425 365742787
6 361452 365858205
6 361524 365554002
6 361542 366862507
6 362145 366762330
6 362154 367075385
6 362415 365608597
6 362451 366910851
6 362514 366410482
6 362541 367280172
6 364125 366140919
6 364152 365803263
6 364215 366306831
6 364251 366084190
6 364512 368542702
6 364521 368542702
6 365124 367192027
6 365142 366399589
6 365214 366717782
6 365241 367058930
6 365412 369107313
6 365421 369107313
6 412356 369107313
6 412365 369107313
6 412536 367058930
6 412563 366717782
6 412635 366399589
6 412653 367192027
6 413256 368542702
6 413265 368542702
6 413526 366084190
6 413562 366306831
6 413625 365803263
6 413652 366140919
6 415236 367280172
6 415263 366410482
6 415326 366910851
6 415362 365608597
6 415623 367075385
6 415632 366762330
6 416235 366862507
6 416253 365554002
6 416325 365858205
6 416352 365742787
6 416523 366948776
6 416532 367012525
6 421356 368555239
6 421365 368555239
6 421536 367802282
6 421563 367192027
6 421635 366562502
6 421653 368139497
6 423156 369376920
6 423165 369376920
6 423516 367530144
6 423561 368381939
6 423615 367052999
6 423651 368131670
6 425136 366749785
6 425163 365554002
6 425316 367706545
6 425361 367679064
6 425613 366298292
6 425631 366827019
6 426135 365554002
6 426153 366268369
6 426315 365742787
6 426351 366794518
6 426513 366399028
6 426531 367421581
6 431256 369239595
6 431265 369239595
6 431526 366827019
6 431562 366762330
6 431625 366298292
6 431652 367075385
6 432156 370531683
6 432165 370531683
6 432516 368386221
6 432561 369128906
6 432615 368255863
6 432651 369130753
6 435126 368136462
6 435162 367181171
6 435216 368270512
6 435261 367526877
6 435612 369239595
6 435621 369239595
6 436125 366948776
6 436152 366399028
6 436215 367012525
6 436251 367421581
6 436512 369188359
6 436521 369188359
6 451236 369130753
6 451263 367075385
6 451326 368131670
6 451362 366140919
6 451623 368139497
6 451632 367192027
6 452136 368136462
6 452163 366948776
6 452316 369332651
6 452361 368216847
6 452613 366562502
6 452631 367802282
6 453126 369055435
6 453162 367051239
6 453216 369431273
6 453261 368204877
6 453612 368555239
6 453621 368555239
6 456123 370531683
6 456132 369500354
6 456213 369500354
6 456231 370599945
6 456312 370531683
6 456321 370531683
6 461235 368255863
6 461253 366298292
6 461325 367052999
6 461352 365803263
6 461523 366562502
6 461532 366399589
6 462135 367181171
6 462153 366399028
6 462315 367246800
6 462351 367659357
6 462513 366416515
6 462531 366959646
6 463125 367051239
6 463152 366080358
6 463215 367377226
6 463251 366868067
6 463512 368681504
6 463521 368681504
6 465123 369500354
6 465132 368833207
6 465213 368833207
6 465231 369533070
6 465312 369500354
6 465321 369500354
6 512346 369262762
6 512364 367377226
6 512436 368235450
6 512463 366306831
6 512634 367012525
6 512643 366762330
6 513246 368325636
6 513264 367246800
6 513426 367359477
6 513462 365994541
6 513624 365742787
6 513642 365608597
6 514236 367442268
6 514263 365608597
6 514326 368341118
6 514362 365994541
6 514623 366140919
6 514632 366306831
6 516234 368255863
6 516243 367181171
6 516324 367052999
6 516342 367246800
6 516423 367051239
6 516432 367377226
6 521346 368204877
6 521364 367051239
6 521436 368216847
6 521463 366140919
6 521634 366948776
6 521643 367075385
6 523146 367530144
6 523164 367052999
6 523416 369106844
6 523461 368341118
6 523614 365858205
6 523641 366910851
6 524136 367706545
6 524163 365742787
6 524316 367633865
6 524361 367359477
6 524613 365803263
6 524631 366084190
6 526134 366298292
6 526143 366399028
6 526314 365803263
6 526341 367659357
6 526413 366080358
6 526431 366868067
6 531246 367526877
6 531264 367181171
6 531426 367679064
6 531462 365608597
6 531624 365554002
6 531642 366410482
6 532146 368386221
6 532164 368255863
6 532416 367772447
6 532461 367442268
6 532614 366862507
6 532641 367280172
6 534126 369332651
6 534162 367246800
6 534216 369403978
6 534261 368325636
6 534612 368542702
6 534621 368542702
6 536124 366562502
6 536142 366416515
6 536214 366399589
6 536241 366959646
6 536412 368681504
6 536421 368681504
6 541236 369128906
6 541263 366762330
6 541326 368381939
6 541362 366306831
6 541623 367192027
6 541632 366717782
6 542136 368270512
6 542163 367012525
6 542316 369403978
6 542361 368235450
6 542613 366399589
6 542631 367058930
6 543126 369431273
6 543162 367377226
6 543216 370531683
6 543261 369262762
6 543612 369107313
6 543621 369107313
6 546123 369500354
6 546132 368833207
6 546213 368833207
6 546231 369533070
6 546312 369500354
6 546321 369500354
6 561234 370531683
6 561243 369239595
6 561324 369376920
6 561342 368542702
6 561423 368555239
6 561432 369107313
6 562134 369239595
6 562143 369188359
6 562314 368542702
6 562341 370641623
6 562413 368681504
6 562431 368841108
6 563124 368555239
6 563142 368681504
6 563214 369107313
6 563241 368841108
6 563412 370608915
6 563421 370608915
6 564123 370531683
6 564132 369500354
6 564213 369500354
6 564231 370599945
6 564312 370531683
6 564321 370531683
6 612345 370531683
6 612354 369431273
6 612435 369403978
6 612453 368381939
6 612534 368270512
6 612543 369128906
6 613245 369403978
6 613254 369332651
6 613425 367633865
6 613452 368341118
6 613524 367706545
6 613542 367442268
6 614235 367772447
6 614253 367679064
6 614325 369106844
6 614352 367359477
6 614523 368216847
6 614532 368235450
6 615234 368386221
6 615243 367526877
6 615324 367530144
6 615342 368325636
6 615423 368204877
6 615432 369262762
6 621345 369431273
6 621354 369055435
6 621435 369332651
6 621453 368131670
6 621534 368136462
6 621543 369130753
6 623145 368381939
6 623154 368131670
6 623415 368341118
6 623451 370636307
6 623514 366910851
6 623541 368513627
6 624135 367679064
6 624153 366794518
6 624315 367359477
6 624351 368699773
6 624513 367659357
6 624531 367865550
6 625134 366827019
6 625143 367421581
6 625314 366084190
6 625341 367865550
6 625413 366868067
6 625431 368277055
6 631245 368270512
6 631254 368136462
6 631425 367706545
6 631452 366910851
6 631524 366749785
6 631542 367280172
6 632145 369128906
6 632154 369130753
6 632415 367442268
6 632451 368513627
6 632514 367280172
6 632541 368436494
6 634125 368216847
6 634152 367659357
6 634215 368235450
6 634251 367865550
6 634512 370641623
6 634521 370641623
6 635124 367802282
6 635142 366959646
6 635214 367058930
6 635241 368089648
6 635412 368841108
6 635421 368841108
6 641235 368386221
6 641253 366827019
6 641325 367530144
6 641352 366084190
6 641523 367802282
6 641532 367058930
6 642135 367526877
6 642153 367421581
6 642315 368325636
6 642351 367865550
6 642513 366959646
6 642531 368089648
6 643125 368204877
6 643152 366868067
6 643215 369262762
6 643251 368277055
6 643512 368841108
6 643521 368841108
6 645123 370599945
6 645132 369533070
6 645213 369533070
6 645231 370670398
6 645312 370599945
6 645321 370599945
6 651234 370531683
6 651243 369239595
6 651324 369376920
6 651342 368542702
6 651423 368555239
6 651432 369107313
6 652134 369239595
6 652143 369188359
6 652314 368542702
6 652341 370641623
6 652413 368681504
6 652431 368841108
6 653124 368555239
6 653142 368681504
6 653214 369107313
6 653241 368841108
6 653412 370608915
6 653421 370608915
6 654123 370531683
6 654132 369500354
6 654213 369500354
6 654231 370599945
6 654312 370531683
6 654321 370531683
7 1234567 457647966
7 1234576 457647966
7 1234657 457651865
7 1234675 457549070
7 1234756 457549070
7 1234765 457647966
7 1235467 457652221
7 1235476 457652221
7 1235647 457467610
7 1235674 457522012
7 1235746 457458849
7 1235764 457451277
7 1236457 457467610
7 1236475 457458849
7 1236547 457653181
7 1236574 457450770
7 1236745 457526480
7 1236754 457529879
7 1237456 457522012
7 1237465 457451277
7 1237546 457450770
7 1237564 457537896
7 1237645 457529879
7 1237654 457647966
7 1243567 457652221
7 1243576 457652221
7 1243657 457656206
7 1243675 457550186
7 1243756 457550186
7 1243765 457652221
7 1245367 457456802
7 1245376 457456802
7 1245637 457417592
7 1245673 457519519
7 1245736 457258426
7 1245763 457416262
7 1246357 457372820
7 1246375 457266496
7 1246537 457358177
7 1246573 457423653
7 1246735 457329347
7 1246753 457337823
7 1247356 457273169
7 1247365 457354821
7 1247536 457174608
7 1247563 457337931
7 1247635 457256970
7 1247653 457428086
7 1253467 457456802
7 1253476 457456802
7 1253647 457372820
7 1253674 457273169
7 1253746 457266496
7 1253764 457354821
7 1254367 457653600
7 1254376 457653600
7 1254637 457357562
7 1254673 457417322
7 1254736 457343416
7 1254763 457415141
7 1256347 457427108
7 1256374 457318264
7 1256437 457433071
7 1256473 457330763
7 1256734 457508708
7 1256743 457508569
7 1257346 457318264
7 1257364 457251547
7 1257436 457261856
7 1257463 457347302
7 1257634 457409343
7 1257643 457418153
7 1263457 457417592
7 1263475 457258426
7 1263547 457358177
7 1263574 457174608
7 1263745 457329347
7 1263754 457256970
7 1264357 457357562
7 1264375 457343416
7 1264537 457445262
7 1264573 457323830
7 1264735 457254559
7 1264753 457346346
7 1265347 457433071
7 1265374 457261856
7 1265437 457653299
7 1265473 457423622
7 1265734 457409112
7 1265743 457425861
7 1267345 457508708
7 1267354 457409343
7 1267435 457409112
7 1267453 457522043
7 1267534 457502254
7 1267543 457529449
7 1273456 457519519
7 1273465 457416262
7 1273546 457423653
7 1273564 457337931
7 1273645 457337823
7 1273654 457428086
7 1274356 457417322
7 1274365 457415141
7 1274536 457323830
7 1274563 457505450
7 1274635 457346346
7 1274653 457353265
7 1275346 457330763
7 1275364 457347302
7 1275436 457423622
7 1275463 457341745
7 1275634 457522043
7 1275643 457526091
7 1276345 457508569
7 1276354 457418153
7 1276435 457425861
7 1276453 457526091
7 1276534 457529449
7 1276543 457647966
7 1324567 457651865
7 1324576 457651865
7 1324657 457655768
7 1324675 457552670
7 1324756 457552670
7 1324765 457651865
7 1325467 457656206
7 1325476 457656206
7 1325647 457468699
7 1325674 457522543
7 1325746 457459783
7 1325764 457452042
7 1326457 457468699
7 1326475 457459783
7 1326547 457657176
7 1326574 457451549
7 1326745 457527086
7 1326754 457530569
7 1327456 457522543
7 1327465 457452042
7 1327546 457451549
7 1327564 457538655
7 1327645 457530569
7 1327654 457651865
7 1342567 457467610
7 1342576 457467610
7 1342657 457468699
7 1342675 457423216
7 1342756 457423216
7 1342765 457467610
7 1345267 457417592
7 1345276 457417592
7 1345627 457424814
7 1345672 457535995
7 1345726 457228908
7 1345762 457429019
7 1346257 457178227
7 1346275 457135026
7 1346527 457319972
7 1346572 457426333
7 1346725 457204830
7 1346752 457318998
7 1347256 457186239
7 1347265 457220842
7 1347526 457125252
7 1347562 457326220
7 1347625 457186046
7 1347652 457411603
7 1352467 457372820
7 1352476 457372820
7 1352647 457184933
7 1352674 457149354
7 1352746 457150029
7 1352764 457159395
7 1354267 457357562
7 1354276 457357562
7 1354627 457326719
7 1354672 457426381
7 1354726 457220286
7 1354762 457422214
7 1356247 457224291
7 1356274 457196649
7 1356427 457235411
7 1356472 457252274
7 1356724 457320171
7 1356742 457326088
7 1357246 457133230
7 1357264 457043955
7 1357426 457046917
7 1357462 457246771
7 1357624 457215793
7 1357642 457239331
7 1362457 457178227
7 1362475 457092413
7 1362547 457270010
7 1362574 457075466
7 1362745 457148897
7 1362754 457140578
7 1364257 457080844
7 1364275 457061736
7 1364527 457229243
7 1364572 457241680
7 1364725 457054524
7 1364752 457247451
7 1365247 457166918
7 1365274 457096663
7 1365427 457342121
7 1365472 457408705
7 1365724 457206477
7 1365742 457239271
7 1367245 457210053
7 1367254 457202175
7 1367425 457112009
7 1367452 457316405
7 1367524 457204606
7 1367542 457318440
7 1372456 457246242
7 1372465 457223197
7 1372546 457236711
7 1372564 457224797
7 1372645 457234594
7 1372654 457346938
7 1374256 457127415
7 1374265 457115748
7 1374526 457103554
7 1374562 457321989
7 1374625 457047324
7 1374652 457231807
7 1375246 457047084
7 1375264 457055671
7 1375426 457106021
7 1375462 457224346
7 1375624 457219137
7 1375642 457326250
7 1376245 457187449
7 1376254 457207387
7 1376425 457126427
7 1376452 457318276
7 1376524 457230301
7 1376542 457438221
7 1423567 457467610
7 1423576 457467610
7 1423657 457468699
7 1423675 457423216
7 1423756 457423216
7 1423765 457467610
7 1425367 457372820
7 1425376 457372820
7 1425637 457178227
7 1425673 457246242
7 1425736 457092413
7 1425763 457223197
7 1426357 457184933
7 1426375 457150029
7 1426537 457270010
7 1426573 457236711
7 1426735 457148897
7 1426753 457234594
7 1427356 457149354
7 1427365 457159395
7 1427536 457075466
7 1427563 457224797
7 1427635 457140578
7 1427653 457346938
7 1432567 457653181
7 1432576 457653181
7 1432657 457657176
7 1432675 457550366
7 1432756 457550366
7 1432765 457653181
7 1435267 457358177
7 1435276 457358177
7 1435627 457319972
7 1435672 457430277
7 1435726 457207250
7 1435762 457404681
7 1436257 457270010
7 1436275 457152566
7 1436527 457319830
7 1436572 457422601
7 1436725 457202038
7 1436752 457311317
7 1437256 457227228
7 1437265 457327552
7 1437526 457114335
7 1437562 457311112
7 1437625 457209696
7 1437652 457412753
7 1452367 457427108
7 1452376 457427108
7 1452637 457224291
7 1452673 457196152
7 1452736 457124510
7 1452763 457193102
7 1453267 457433071
7 1453276 457433071
7 1453627 457235411
7 1453672 457305742
7 1453726 457206327
7 1453762 457297197
7 1456237 457405958
7 1456273 457307681
7 1456327 457405687
7 1456372 457314436
7 1456723 457523750
7 1456732 457523716
7 1457236 457198075
7 1457263 457107556
7 1457326 457175637
7 1457362 457142708
7 1457623 457403282
7 1457632 457403770
7 1462357 457224291
7 1462375 457124510
7 1462537 457161084
7 1462573 457043393
7 1462735 457110956
7 1462753 457031128
7 1463257 457166918
7 1463275 457130348
7 1463527 457253043
7 1463572 457233708
7 1463725 457038026
7 1463752 457137812
7 1465237 457304079
7 1465273 457192620
7 1465327 457327334
7 1465372 457224433
7 1465723 457411385
7 1465732 457412290
7 1467235 457299352
7 1467253 457126176
7 1467325 457204725
7 1467352 457238826
7 1467523 457324095
7 1467532 457326083
7 1472356 457196152
7 1472365 457193102
7 1472536 457043393
7 1472563 457083003
7 1472635 457031128
7 1472653 457200677
7 1473256 457192869
7 1473265 457216362
7 1473526 457035117
7 1473562 457146954
7 1473625 457135029
7 1473652 457208123
7 1475236 457102065
7 1475263 457043539
7 1475326 457115216
7 1475362 457060416
7 1475623 457325486
7 1475632 457325551
7 1476235 457202960
7 1476253 457118072
7 1476325 457172908
7 1476352 457158814
7 1476523 457397600
7 1476532 457406632
7 1523467 457417592
7 1523476 457417592
7 1523647 457178227
7 1523674 457186239
7 1523746 457135026
7 1523764 457220842
7 1524367 457357562
7 1524376 457357562
7 1524637 457080844
7 1524673 457127415
7 1524736 457061736
7 1524763 457115748
7 1526347 457224291
7 1526374 457133230
7 1526437 457166918
7 1526473 457047084
7 1526734 457210053
7 1526743 457187449
7 1527346 457196649
7 1527364 457043955
7 1527436 457096663
7 1527463 457055671
7 1527634 457202175
7 1527643 457207387
7 1532467 457358177
7 1532476 457358177
7 1532647 457270010
7 1532674 457227228
7 1532746 457152566
7 1532764 457327552
7 1534267 457445262
7 1534276 457445262
7 1534627 457229243
7 1534672 457312107
7 1534726 457196837
7 1534762 457296523
7 1536247 457161084
7 1536274 457038354
7 1536427 457253043
7 1536472 457233985
7 1536724 457117430
7 1536742 457151271
7 1537246 457038354
7 1537264 457117265
7 1537426 457049468
7 1537462 457141244
7 1537624 457125829
7 1537642 457231794
7 1542367 457433071
7 1542376 457433071
7 1542637 457166918
7 1542673 457192869
7 1542736 457130348
7 1542763 457216362
7 1543267 457653299
7 1543276 457653299
7 1543627 457342121
7 1543672 457412012
7 1543726 457334935
7 1543762 457412556
7 1546237 457304079
7 1546273 457202638
7 1546327 457327334
7 1546372 457232323
7 1546723 457403617
7 1546732 457404926
7 1547236 457189674
7 1547263 457117605
7 1547326 457204994
7 1547362 457223966
7 1547623 457400161
7 1547632 457402065
7 1562347 457405958
7 1562374 457198075
7 1562437 457304079
7 1562473 457102065
7 1562734 457299352
7 1562743 457202960
7 1563247 457304079
7 1563274 457189674
7 1563427 457426708
7 1563472 457302092
7 1563724 457129347
7 1563742 457237979
7 1564237 457394357
7 1564273 457191523
7 1564327 457443501
7 1564372 457302793
7 1564723 457320394
7 1564732 457330407
7 1567234 457523128
7 1567243 457420006
7 1567324 457420053
7 1567342 457520763
7 1567423 457514609
7 1567432 457525005
7 1572346 457307681
7 1572364 457107556
7 1572436 457192620
7 1572463 457043539
7 1572634 457126176
7 1572643 457118072
7 1573246 457202638
7 1573264 457117605
7 1573426 457205312
7 1573462 457226045
7 1573624 457126511
7 1573642 457166461
7 1574236 457191523
7 1574263 457059434
7 1574326 457234399
7 1574362 457145038
7 1574623 457330398
7 1574632 457346098
7 1576234 457420006
7 1576243 457374866
7 1576324 457374452
7 1576342 457419063
7 1576423 457416994
7 1576432 457430759
7 1623457 457424814
7 1623475 457228908
7 1623547 457319972
7 1623574 457125252
7 1623745 457204830
7 1623754 457186046
7 1624357 457326719
7 1624375 457220286
7 1624537 457229243
7 1624573 457103554
7 1624735 457054524
7 1624753 457047324
7 1625347 457235411
7 1625374 457046917
7 1625437 457342121
7 1625473 457106021
7 1625734 457112009
7 1625743 457126427
7 1627345 457320171
7 1627354 457215793
7 1627435 457206477
7 1627453 457219137
7 1627534 457204606
7 1627543 457230301
7 1632457 457319972
7 1632475 457207250
7 1632547 457319830
7 1632574 457114335
7 1632745 457202038
7 1632754 457209696
7 1634257 457229243
7 1634275 457196837
7 1634527 457396090
7 1634572 457305552
7 1634725 457081335
7 1634752 457145986
7 1635247 457253043
7 1635274 457049468
7 1635427 457247895
7 1635472 457210680
7 1635724 457043041
7 1635742 457060682
7 1637245 457117430
7 1637254 457125829
7 1637425 457043041
7 1637452 457227454
7 1637524 457058910
7 1637542 457144949
7 1642357 457235411
7 1642375 457206327
7 1642537 457253043
7 1642573 457035117
7 1642735 457038026
7 1642753 457135029
7 1643257 457342121
7 1643275 457334935
7 1643527 457247895
7 1643572 457216385
7 1643725 457187582
7 1643752 457206868
7 1645237 457426708
7 1645273 457205312
7 1645327 457434470
7 1645372 457311267
7 1645723 457319829
7 1645732 457321095
7 1647235 457129347
7 1647253 457126511
7 1647325 457126332
7 1647352 457155712
7 1647523 457330402
7 1647532 457338297
7 1652347 457405687
7 1652374 457175637
7 1652437 457327334
7 1652473 457115216
7 1652734 457204725
7 1652743 457172908
7 1653247 457327334
7 1653274 457204994
7 1653427 457434470
7 1653472 457303268
7 1653724 457126332
7 1653742 457166229
7 1654237 457443501
7 1654273 457234399
7 1654327 457652871
7 1654372 457434217
7 1654723 457397701
7 1654732 457410781
7 1657234 457420053
7 1657243 457374452
7 1657324 457375962
7 1657342 457419062
7 1657423 457418184
7 1657432 457438930
7 1672345 457523750
7 1672354 457403282
7 1672435 457411385
7 1672453 457325486
7 1672534 457324095
7 1672543 457397600
7 1673245 457403617
7 1673254 457400161
7 1673425 457319829
7 1673452 457520759
7 1673524 457330402
7 1673542 457338128
7 1674235 457320394
7 1674253 457330398
7 1674325 457397701
7 1674352 457336574
7 1674523 457536297
7 1674532 457529480
7 1675234 457514609
7 1675243 457416994
7 1675324 457418184
7 1675342 457522279
7 1675423 457516196
7 1675432 457545084
7 1723456 457535995
7 1723465 457429019
7 1723546 457426333
7 1723564 457326220
7 1723645 457318998
7 1723654 457411603
7 1724356 457426381
7 1724365 457422214
7 1724536 457241680
7 1724563 457321989
7 1724635 457247451
7 1724653 457231807
7 1725346 457252274
7 1725364 457246771
7 1725436 457408705
7 1725463 457224346
7 1725634 457316405
7 1725643 457318276
7 1726345 457326088
7 1726354 457239331
7 1726435 457239271
7 1726453 457326250
7 1726534 457318440
7 1726543 457438221
7 1732456 457430277
7 1732465 457404681
7 1732546 457422601
7 1732564 457311112
7 1732645 457311317
7 1732654 457412753
7 1734256 457312107
7 1734265 457296523
7 1734526 457305552
7 1734562 457519004
7 1734625 457145986
7 1734652 457314484
7 1735246 457233985
7 1735264 457141244
7 1735426 457210680
7 1735462 457325276
7 1735624 457227454
7 1735642 457241192
7 1736245 457151271
7 1736254 457231794
7 1736425 457060682
7 1736452 457241192
7 1736524 457144949
7 1736542 457319836
7 1742356 457305742
7 1742365 457297197
7 1742536 457233708
7 1742563 457146954
7 1742635 457137812
7 1742653 457208123
7 1743256 457412012
7 1743265 457412556
7 1743526 457216385
7 1743562 457313810
7 1743625 457206868
7 1743652 457309424
7 1745236 457302092
7 1745263 457226045
7 1745326 457303268
7 1745362 457239066
7 1745623 457520759
7 1745632 457520440
7 1746235 457237979
7 1746253 457166461
7 1746325 457166229
7 1746352 457271908
7 1746523 457338128
7 1746532 457347109
7 1752346 457314436
7 1752364 457142708
7 1752436 457224433
7 1752463 457060416
7 1752634 457238826
7 1752643 457158814
7 1753246 457232323
7 1753264 457223966
7 1753426 457311267
7 1753462 457239066
7 1753624 457155712
7 1753642 457271908
7 1754236 457302793
7 1754263 457145038
7 1754326 457434217
7 1754362 457306718
7 1754623 457336574
7 1754632 457343238
7 1756234 457520763
7 1756243 457419063
7 1756324 457419062
7 1756342 457540236
7 1756423 457522279
7 1756432 457541034
7 1762345 457523716
7 1762354 457403770
7 1762435 457412290
7 1762453 457325551
7 1762534 457326083
7 1762543 457406632
7 1763245 457404926
7 1763254 457402065
7 1763425 457321095
7 1763452 457520440
7 1763524 457338297
7 1763542 457347109
7 1764235 457330407
7 1764253 457346098
7 1764325 457410781
7 1764352 457343238
7 1764523 457529480
7 1764532 457533726
7 1765234 457525005
7 1765243 457430759
7 1765324 457438930
7 1765342 457541034
7 1765423 457545084
7 1765432 457647966
7 2134567 457647966
7 2134576 457647966
7 2134657 457651865
7 2134675 457549070
7 2134756 457549070
7 2134765 457647966
7 2135467 457652221
7 2135476 457652221
7 2135647 457467610
7 2135674 457522012
7 2135746 457458849
7 2135764 457451277
7 2136457 457467610
7 2136475 457458849
7 2136547 457653181
7 2136574 457450770
7 2136745 457526480
7 2136754 457529879
7 2137456 457522012
7 2137465 457451277
7 2137546 457450770
7 2137564 457537896
7 2137645 457529879
7 2137654 457647966
7 2143567 457652221
7 2143576 457652221
7 2143657 457656206
7 2143675 457550186
7 2143756 457550186
7 2143765 457652221
7 2145367 457456802
7 2145376 457456802
7 2145637 457417592
7 2145673 457519519
7 2145736 457258426
7 2145763 457416262
7 2146357 457372820
7 2146375 457266496
7 2146537 457358177
7 2146573 457423653
7 2146735 457329347
7 2146753 457337823
7 2147356 457273169
7 2147365 457354821
7 2147536 457174608
7 2147563 457337931
7 2147635 457256970
7 2147653 457428086
7 2153467 457456802
7 2153476 457456802
7 2153647 457372820
7 2153674 457273169
7 2153746 457266496
7 2153764 457354821
7 2154367 457653600
7 2154376 457653600
7 2154637 457357562
7 2154673 457417322
7 2154736 457343416
7 2154763 457415141
7 2156347 457427108
7 2156374 457318264
7 2156437 457433071
7 2156473 457330763
7 2156734 457508708
7 2156743 457508569
7 2157346 457318264
7 2157364 457251547
7 2157436 457261856
7 2157463 457347302
7 2157634 457409343
7 2157643 457418153
7 2163457 457417592
7 2163475 457258426
7 2163547 457358177
7 2163574 457174608
7 2163745 457329347
7 2163754 457256970
7 2164357 457357562
7 2164375 457343416
7 2164537 457445262
7 2164573 457323830
7 2164735 457254559
7 2164753 457346346
7 2165347 457433071
7 2165374 457261856
7 2165437 457653299
7 2165473 457423622
7 2165734 457409112
7 2165743 457425861
7 2167345 457508708
7 2167354 457409343
7 2167435 457409112
7 2167453 457522043
7 2167534 457502254
7 2167543 457529449
7 2173456 457519519
7 2173465 457416262
7 2173546 457423653
7 2173564 457337931
7 2173645 457337823
7 2173654 457428086
7 2174356 457417322
7 2174365 457415141
7 2174536 457323830
7 2174563 457505450
7 2174635 457346346
7 2174653 457353265
7 2175346 457330763
7 2175364 457347302
7 2175436 457423622
7 2175463 457341745
7 2175634 457522043
7 2175643 457526091
7 2176345 457508569
7 2176354 457418153
7 2176435 457425861
7 2176453 457526091
7 2176534 457529449
7 2176543 457647966
7 2314567 457549070
7 2314576 457549070
7 2314657 457552670
7 2314675 457459680
7 2314756 457459680
7 2314765 457549070
7 2315467 457550186
7 2315476 457550186
7 2315647 457423216
7 2315674 457496956
7 2315746 457419793
7 2315764 457418106
7 2316457 457423216
7 2316475 457419793
7 2316547 457550366
7 2316574 457416920
7 2316745 457498886
7 2316754 457499462
7 2317456 457496956
7 2317465 457418106
7 2317546 457416920
7 2317564 457505270
7 2317645 457499462
7 2317654 457549070
7 2341567 457522012
7 2341576 457522012
7 2341657 457522543
7 2341675 457496956
7 2341756 457496956
7 2341765 457522012
7 2345167 457519519
7 2345176 457519519
7 2345617 457535995
7 2345671 457647966
7 2345716 457338906
7 2345761 457545084
7 2346157 457246242
7 2346175 457224559
7 2346517 457430277
7 2346571 457541034
7 2346715 457297052
7 2346751 457430759
7 2347156 457283577
7 2347165 457299680
7 2347516 457231859
7 2347561 457438930
7 2347615 457288445
7 2347651 457525005
7 2351467 457273169
7 2351476 457273169
7 2351647 457149354
7 2351674 457199845
7 2351746 457132087
7 2351764 457194606
7 2354167 457417322
7 2354176 457417322
7 2354617 457426381
7 2354671 457533726
7 2354716 457309948
7 2354761 457529480
7 2356147 457196152
7 2356174 457197669
7 2356417 457305742
7 2356471 457347109
7 2356714 457310033
7 2356741 457406632
7 2357146 457101314
7 2357164 457089268
7 2357416 457114599
7 2357461 457338297
7 2357614 457264148
7 2357641 457326083
7 2361457 457186239
7 2361475 457104903
7 2361547 457227228
7 2361574 457099238
7 2361745 457183605
7 2361754 457181890
7 2364157 457127415
7 2364175 457113572
7 2364517 457312107
7 2364571 457343238
7 2364715 457116432
7 2364751 457346098
7 2365147 457192869
7 2365174 457155395
7 2365417 457412012
7 2365471 457520440
7 2365714 457262586
7 2365741 457325551
7 2367145 457255798
7 2367154 457254979
7 2367415 457170669
7 2367451 457402065
7 2367514 457260501
7 2367541 457403770
7 2371456 457283577
7 2371465 457263055
7 2371546 457264733
7 2371564 457273404
7 2371645 457274641
7 2371654 457323544
7 2374156 457191611
7 2374165 457172893
7 2374516 457185275
7 2374561 457410781
7 2374615 457103824
7 2374651 457330407
7 2375146 457078320
7 2375164 457089677
7 2375416 457173759
7 2375461 457321095
7 2375614 457263230
7 2375641 457412290
7 2376145 457249875
7 2376154 457263797
7 2376415 457185761
7 2376451 457404926
7 2376514 457287686
7 2376541 457523716
7 2413567 457458849
7 2413576 457458849
7 2413657 457459783
7 2413675 457419793
7 2413756 457419793
7 2413765 457458849
7 2415367 457266496
7 2415376 457266496
7 2415637 457135026
7 2415673 457224559
7 2415736 457042394
7 2415763 457194517
7 2416357 457150029
7 2416375 457126919
7 2416537 457152566
7 2416573 457195123
7 2416735 457123501
7 2416753 457192549
7 2417356 457132087
7 2417365 457134201
7 2417536 457030080
7 2417563 457192078
7 2417635 457111417
7 2417653 457235141
7 2431567 457450770
7 2431576 457450770
7 2431657 457451549
7 2431675 457416920
7 2431756 457416920
7 2431765 457450770
7 2435167 457423653
7 2435176 457423653
7 2435617 457426333
7 2435671 457541034
7 2435716 457309111
7 2435761 457522279
7 2436157 457236711
7 2436175 457195123
7 2436517 457422601
7 2436571 457540236
7 2436715 457273741
7 2436751 457419063
7 2437156 457264733
7 2437165 457296609
7 2437516 457206781
7 2437561 457419062
7 2437615 457281503
7 2437651 457520763
7 2451367 457318264
7 2451376 457318264
7 2451637 457196649
7 2451673 457197669
7 2451736 457099002
7 2451763 457181169
7 2453167 457330763
7 2453176 457330763
7 2453617 457252274
7 2453671 457347109
7 2453716 457201931
7 2453761 457338128
7 2456137 457307681
7 2456173 457302030
7 2456317 457314436
7 2456371 457319836
7 2456713 457433784
7 2456731 457438221
7 2457136 457092379
7 2457163 457087510
7 2457316 457078851
7 2457361 457144949
7 2457613 457314839
7 2457631 457318440
7 2461357 457133230
7 2461375 457029629
7 2461537 457038354
7 2461573 457004614
7 2461735 457096457
7 2461753 457005504
7 2463157 457047084
7 2463175 457021352
7 2463517 457233985
7 2463571 457271908
7 2463715 457007541
7 2463751 457166461
7 2465137 457202638
7 2465173 457185444
7 2465317 457232323
7 2465371 457241192
7 2465713 457322751
7 2465731 457326250
7 2467135 457205607
7 2467153 457095786
7 2467315 457104611
7 2467351 457231794
7 2467513 457227175
7 2467531 457239331
7 2471356 457101314
7 2471365 457101486
7 2471536 456983757
7 2471563 457057760
7 2471635 456992723
7 2471653 457093348
7 2473156 457078320
7 2473165 457086611
7 2473516 457015204
7 2473561 457166229
7 2473615 457025002
7 2473651 457237979
7 2475136 456996960
7 2475163 457011595
7 2475316 457005673
7 2475361 457060682
7 2475613 457227558
7 2475631 457239271
7 2476135 457100777
7 2476153 457084732
7 2476315 457065204
7 2476351 457151271
7 2476513 457301883
7 2476531 457326088
7 2513467 457258426
7 2513476 457258426
7 2513647 457092413
7 2513674 457104903
7 2513746 457042394
7 2513764 457143394
7 2514367 457343416
7 2514376 457343416
7 2514637 457061736
7 2514673 457113572
7 2514736 457051826
7 2514763 457098852
7 2516347 457124510
7 2516374 457029629
7 2516437 457130348
7 2516473 457021352
7 2516734 457180977
7 2516743 457177991
7 2517346 457099002
7 2517364 457000017
7 2517436 457068693
7 2517463 457026668
7 2517634 457167995
7 2517643 457177231
7 2531467 457174608
7 2531476 457174608
7 2531647 457075466
7 2531674 457099238
7 2531746 457030080
7 2531764 457138865
7 2534167 457323830
7 2534176 457323830
7 2534617 457241680
7 2534671 457343238
7 2534716 457192645
7 2534761 457336574
7 2536147 457043393
7 2536174 457004614
7 2536417 457233708
7 2536471 457271908
7 2536714 457093463
7 2536741 457158814
7 2537146 456983757
7 2537164 457017482
7 2537416 457015318
7 2537461 457155712
7 2537614 457097659
7 2537641 457238826
7 2541367 457261856
7 2541376 457261856
7 2541637 457096663
7 2541673 457155395
7 2541736 457068693
7 2541763 457166676
7 2543167 457423622
7 2543176 457423622
7 2543617 457408705
7 2543671 457520440
7 2543716 457315587
7 2543761 457520759
7 2546137 457192620
7 2546173 457185444
7 2546317 457224433
7 2546371 457241192
7 2546713 457304023
7 2546731 457318276
7 2547136 457074733
7 2547163 457079558
7 2547316 457082813
7 2547361 457227454
7 2547613 457303486
7 2547631 457316405
7 2561347 457198075
7 2561374 457064146
7 2561437 457189674
7 2561473 457059233
7 2561734 457184333
7 2561743 457172488
7 2563147 457102065
7 2563174 457059233
7 2563417 457302092
7 2563471 457309424
7 2563714 457064064
7 2563741 457208123
7 2564137 457191523
7 2564173 457135636
7 2564317 457302793
7 2564371 457314484
7 2564713 457199067
7 2564731 457231807
7 2567134 457308020
7 2567143 457296601
7 2567314 457216152
7 2567341 457412753
7 2567413 457310910
7 2567431 457411603
7 2571346 457092379
7 2571364 456994486
7 2571436 457074733
7 2571463 456996075
7 2571634 457069279
7 2571643 457073807
7 2573146 456996960
7 2573164 456968245
7 2573416 457077632
7 2573461 457206868
7 2573614 457014774
7 2573641 457137812
7 2574136 456991120
7 2574163 456979974
7 2574316 457084285
7 2574361 457145986
7 2574613 457201733
7 2574631 457247451
7 2576134 457263388
7 2576143 457261184
7 2576314 457175729
7 2576341 457311317
7 2576413 457218093
7 2576431 457318998
7 2613457 457228908
7 2613475 457100844
7 2613547 457207250
7 2613574 457016579
7 2613745 457095924
7 2613754 457091107
7 2614357 457220286
7 2614375 457123599
7 2614537 457196837
7 2614573 457076106
7 2614735 457020731
7 2614753 457030023
7 2615347 457206327
7 2615374 457018238
7 2615437 457334935
7 2615473 457101164
7 2615734 457100166
7 2615743 457122264
7 2617345 457217519
7 2617354 457173516
7 2617435 457172027
7 2617453 457199573
7 2617534 457190125
7 2617543 457214713
7 2631457 457125252
7 2631475 457016579
7 2631547 457114335
7 2631574 456984984
7 2631745 457080570
7 2631754 457072533
7 2634157 457103554
7 2634175 457076106
7 2634517 457305552
7 2634571 457306718
7 2634715 457044262
7 2634751 457145038
7 2635147 457035117
7 2635174 456964086
7 2635417 457216385
7 2635471 457239066
7 2635714 456984034
7 2635741 457060416
7 2637145 457060181
7 2637154 457052600
7 2637415 457006913
7 2637451 457223966
7 2637514 456993897
7 2637541 457142708
7 2641357 457046917
7 2641375 457018238
7 2641537 457049468
7 2641573 456964086
7 2641735 456969266
7 2641753 456989609
7 2643157 457106021
7 2643175 457101164
7 2643517 457210680
7 2643571 457239066
7 2643715 457087499
7 2643751 457226045
7 2645137 457205312
7 2645173 457138045
7 2645317 457311267
7 2645371 457325276
7 2645713 457195623
7 2645731 457224346
7 2647135 457005133
7 2647153 457003144
7 2647315 456985725
7 2647351 457141244
7 2647513 457209317
7 2647531 457246771
7 2651347 457175637
7 2651374 457044846
7 2651437 457204994
7 2651473 457060300
7 2651734 457142507
7 2651743 457145015
7 2653147 457115216
7 2653174 457060300
7 2653417 457303268
7 2653471 457313810
7 2653714 457066489
7 2653741 457146954
7 2654137 457234399
7 2654173 457165670
7 2654317 457434217
7 2654371 457519004
7 2654713 457287791
7 2654731 457321989
7 2657134 457261446
7 2657143 457260488
7 2657314 457175667
7 2657341 457311112
7 2657413 457219146
7 2657431 457326220
7 2671345 457294042
7 2671354 457262737
7 2671435 457263492
7 2671453 457269927
7 2671534 457262267
7 2671543 457292336
7 2673145 457184798
7 2673154 457167979
7 2673415 457173993
7 2673451 457412556
7 2673514 457107636
7 2673541 457297197
7 2674135 457095097
7 2674153 457105013
7 2674315 457171204
7 2674351 457296523
7 2674513 457313258
7 2674531 457422214
7 2675134 457277706
7 2675143 457274113
7 2675314 457204747
7 2675341 457404681
7 2675413 457302755
7 2675431 457429019
7 2713456 457338906
7 2713465 457302755
7 2713546 457309111
7 2713564 457219146
7 2713645 457218093
7 2713654 457310910
7 2714356 457309948
7 2714365 457313258
7 2714536 457192645
7 2714563 457287791
7 2714635 457201733
7 2714653 457199067
7 2715346 457201931
7 2715364 457209317
7 2715436 457315587
7 2715463 457195623
7 2715634 457303486
7 2715643 457304023
7 2716345 457301883
7 2716354 457227175
7 2716435 457227558
7 2716453 457322751
7 2716534 457314839
7 2716543 457433784
7 2731456 457231859
7 2731465 457204747
7 2731546 457206781
7 2731564 457175667
7 2731645 457175729
7 2731654 457216152
7 2734156 457185275
7 2734165 457171204
7 2734516 457206675
7 2734561 457434217
7 2734615 457084285
7 2734651 457302793
7 2735146 457015204
7 2735164 456985725
7 2735416 457161032
7 2735461 457311267
7 2735614 457082813
7 2735641 457224433
7 2736145 457065204
7 2736154 457104611
7 2736415 457005673
7 2736451 457232323
7 2736514 457078851
7 2736541 457314436
7 2741356 457114599
7 2741365 457107636
7 2741536 457015318
7 2741563 457066489
7 2741635 457014774
7 2741653 457064064
7 2743156 457173759
7 2743165 457173993
7 2743516 457161032
7 2743561 457303268
7 2743615 457077632
7 2743651 457302092
7 2745136 457077632
7 2745163 457087499
7 2745316 457161032
7 2745361 457210680
7 2745613 457315587
7 2745631 457408705
7 2746135 457025002
7 2746153 457007541
7 2746315 457015204
7 2746351 457233985
7 2746513 457201931
7 2746531 457252274
7 2751346 457078851
7 2751364 456993897
7 2751436 457082813
7 2751463 456984034
7 2751634 457097659
7 2751643 457093463
7 2753146 457005673
7 2753164 457006913
7 2753416 457161032
7 2753461 457216385
7 2753614 457015318
7 2753641 457233708
7 2754136 457084285
7 2754163 457044262
7 2754316 457206675
7 2754361 457305552
7 2754613 457192645
7 2754631 457241680
7 2756134 457281503
7 2756143 457273741
7 2756314 457206781
7 2756341 457422601
7 2756413 457309111
7 2756431 457426333
7 2761345 457287686
7 2761354 457260501
7 2761435 457263230
7 2761453 457262586
7 2761534 457264148
7 2761543 457310033
7 2763145 457185761
7 2763154 457170669
7 2763415 457173759
7 2763451 457412012
7 2763514 457114599
7 2763541 457305742
7 2764135 457103824
7 2764153 457116432
7 2764315 457185275
7 2764351 457312107
7 2764513 457309948
7 2764531 457426381
7 2765134 457288445
7 2765143 457297052
7 2765314 457231859
7 2765341 457430277
7 2765413 457338906
7 2765431 457535995
7 3124567 457549070
7 3124576 457549070
7 3124657 457552670
7 3124675 457459680
7 3124756 457459680
7 3124765 457549070
7 3125467 457550186
7 3125476 457550186
7 3125647 457423216
7 3125674 457496956
7 3125746 457419793
7 3125764 457418106
7 3126457 457423216
7 3126475 457419793
7 3126547 457550366
7 3126574 457416920
7 3126745 457498886
7 3126754 457499462
7 3127456 457496956
7 3127465 457418106
7 3127546 457416920
7 3127564 457505270
7 3127645 457499462
7 3127654 457549070
7 3142567 457458849
7 3142576 457458849
7 3142657 457459783
7 3142675 457419793
7 3142756 457419793
7 3142765 457458849
7 3145267 457258426
7 3145276 457258426
7 3145627 457228908
7 3145672 457338906
7 3145726 457100844
7 3145762 457302755
7 3146257 457092413
7 3146275 457042394
7 3146527 457207250
7 3146572 457309111
7 3146725 457095924
7 3146752 457218093
7 3147256 457104903
7 3147265 457143394
7 3147526 457016579
7 3147562 457219146
7 3147625 457091107
7 3147652 457310910
7 3152467 457266496
7 3152476 457266496
7 3152647 457150029
7 3152674 457132087
7 3152746 457126919
7 3152764 457134201
7 3154267 457343416
7 3154276 457343416
7 3154627 457220286
7 3154672 457309948
7 3154726 457123599
7 3154762 457313258
7 3156247 457124510
7 3156274 457099002
7 3156427 457206327
7 3156472 457201931
7 3156724 457217519
7 3156742 457301883
7 3157246 457029629
7 3157264 457000017
7 3157426 457018238
7 3157462 457209317
7 3157624 457173516
7 3157642 457227175
7 3162457 457135026
7 3162475 457042394
7 3162547 457152566
7 3162574 457030080
7 3162745 457123501
7 3162754 457111417
7 3164257 457061736
7 3164275 457051826
7 3164527 457196837
7 3164572 457192645
7 3164725 457020731
7 3164752 457201733
7 3165247 457130348
7 3165274 457068693
7 3165427 457334935
7 3165472 457315587
7 3165724 457172027
7 3165742 457227558
7 3167245 457180977
7 3167254 457167995
7 3167425 457100166
7 3167452 457303486
7 3167524 457190125
7 3167542 457314839
7 3172456 457224559
7 3172465 457194517
7 3172546 457195123
7 3172564 457192078
7 3172645 457192549
7 3172654 457235141
7 3174256 457113572
7 3174265 457098852
7 3174526 457076106
7 3174562 457287791
7 3174625 457030023
7 3174652 457199067
7 3175246 457021352
7 3175264 457026668
7 3175426 457101164
7 3175462 457195623
7 3175624 457199573
7 3175642 457322751
7 3176245 457177991
7 3176254 457177231
7 3176425 457122264
7 3176452 457304023
7 3176524 457214713
7 3176542 457433784
7 3214567 457647966
7 3214576 457647966
7 3214657 457651865
7 3214675 457549070
7 3214756 457549070
7 3214765 457647966
7 3215467 457652221
7 3215476 457652221
7 3215647 457467610
7 3215674 457522012
7 3215746 457458849
7 3215764 457451277
7 3216457 457467610
7 3216475 457458849
7 3216547 457653181
7 3216574 457450770
7 3216745 457526480
7 3216754 457529879
7 3217456 457522012
7 3217465 457451277
7 3217546 457450770
7 3217564 457537896
7 3217645 457529879
7 3217654 457647966
7 3241567 457451277
7 3241576 457451277
7 3241657 457452042
7 3241675 457418106
7 3241756 457418106
7 3241765 457451277
7 3245167 457416262
7 3245176 457416262
7 3245617 457429019
7 3245671 457545084
7 3245716 457302755
7 3245761 457516196
7 3246157 457223197
7 3246175 457194517
7 3246517 457404681
7 3246571 457522279
7 3246715 457274113
7 3246751 457416994
7 3247156 457263055
7 3247165 457287963
7 3247516 457204747
7 3247561 457418184
7 3247615 457277706
7 3247651 457514609
7 3251467 457354821
7 3251476 457354821
7 3251647 457159395
7 3251674 457194606
7 3251746 457134201
7 3251764 457199645
7 3254167 457415141
7 3254176 457415141
7 3254617 457422214
7 3254671 457529480
7 3254716 457313258
7 3254761 457536297
7 3256147 457193102
7 3256174 457181169
7 3256417 457297197
7 3256471 457338128
7 3256714 457292336
7 3256741 457397600
7 3257146 457101486
7 3257164 457088502
7 3257416 457107636
7 3257461 457330402
7 3257614 457262267
7 3257641 457324095
7 3261457 457220842
7 3261475 457143394
7 3261547 457327552
7 3261574 457138865
7 3261745 457199870
7 3261754 457202193
7 3264157 457115748
7 3264175 457098852
7 3264517 457296523
7 3264571 457336574
7 3264715 457105013
7 3264751 457330398
7 3265147 457216362
7 3265174 457166676
7 3265417 457412556
7 3265471 457520759
7 3265714 457269927
7 3265741 457325486
7 3267145 457263418
7 3267154 457266480
7 3267415 457167979
7 3267451 457400161
7 3267514 457262737
7 3267541 457403282
7 3271456 457299680
7 3271465 457287963
7 3271546 457296609
7 3271564 457301432
7 3271645 457311884
7 3271654 457419248
7 3274156 457172893
7 3274165 457165258
7 3274516 457171204
7 3274561 457397701
7 3274615 457095097
7 3274651 457320394
7 3275146 457086611
7 3275164 457100269
7 3275416 457173993
7 3275461 457319829
7 3275614 457263492
7 3275641 457411385
7 3276145 457255975
7 3276154 457283412
7 3276415 457184798
7 3276451 457403617
7 3276514 457294042
7 3276541 457523750
7 3412567 457526480
7 3412576 457526480
7 3412657 457527086
7 3412675 457498886
7 3412756 457498886
7 3412765 457526480
7 3415267 457329347
7 3415276 457329347
7 3415627 457204830
7 3415672 457297052
7 3415726 457095924
7 3415762 457274113
7 3416257 457148897
7 3416275 457123501
7 3416527 457202038
7 3416572 457273741
7 3416725 457159816
7 3416752 457261184
7 3417256 457183605
7 3417265 457199870
7 3417526 457080570
7 3417562 457260488
7 3417625 457155451
7 3417652 457296601
7 3421567 457529879
7 3421576 457529879
7 3421657 457530569
7 3421675 457499462
7 3421756 457499462
7 3421765 457529879
7 3425167 457337823
7 3425176 457337823
7 3425617 457318998
7 3425671 457430759
7 3425716 457218093
7 3425761 457416994
7 3426157 457234594
7 3426175 457192549
7 3426517 457311317
7 3426571 457419063
7 3426715 457261184
7 3426751 457374866
7 3427156 457274641
7 3427165 457311884
7 3427516 457175729
7 3427561 457374452
7 3427615 457263388
7 3427651 457420006
7 3451267 457508708
7 3451276 457508708
7 3451627 457320171
7 3451672 457310033
7 3451726 457217519
7 3451762 457292336
7 3452167 457508569
7 3452176 457508569
7 3452617 457326088
7 3452671 457406632
7 3452716 457301883
7 3452761 457397600
7 3456127 457523750
7 3456172 457433784
7 3456217 457523716
7 3456271 457438221
7 3456712 457647966
7 3456721 457647966
7 3457126 457294042
7 3457162 457214713
7 3457216 457287686
7 3457261 457230301
7 3457612 457529449
7 3457621 457529449
7 3461257 457210053
7 3461275 457180977
7 3461527 457117430
7 3461572 457093463
7 3461725 457097488
7 3461752 457073807
7 3462157 457187449
7 3462175 457177991
7 3462517 457151271
7 3462571 457158814
7 3462715 457084732
7 3462751 457118072
7 3465127 457403617
7 3465172 457304023
7 3465217 457404926
7 3465271 457318276
7 3465712 457526091
7 3465721 457526091
7 3467125 457283412
7 3467152 457177231
7 3467215 457263797
7 3467251 457207387
7 3467512 457418153
7 3467521 457418153
7 3471256 457255798
7 3471265 457263418
7 3471526 457060181
7 3471562 457145015
7 3471625 457069233
7 3471652 457172488
7 3472156 457249875
7 3472165 457255975
7 3472516 457065204
7 3472561 457172908
7 3472615 457100777
7 3472651 457202960
7 3475126 457184798
7 3475162 457122264
7 3475216 457185761
7 3475261 457126427
7 3475612 457425861
7 3475621 457425861
7 3476125 457255975
7 3476152 457177991
7 3476215 457249875
7 3476251 457187449
7 3476512 457508569
7 3476521 457508569
7 3512467 457329347
7 3512476 457329347
7 3512647 457148897
7 3512674 457183605
7 3512746 457123501
7 3512764 457199870
7 3514267 457254559
7 3514276 457254559
7 3514627 457054524
7 3514672 457116432
7 3514726 457020731
7 3514762 457105013
7 3516247 457110956
7 3516274 457096457
7 3516427 457038026
7 3516472 457007541
7 3516724 457097488
7 3516742 457084732
7 3517246 457096457
7 3517264 457003727
7 3517426 456969266
7 3517462 457003144
7 3517624 457083028
7 3517642 457095786
7 3521467 457256970
7 3521476 457256970
7 3521647 457140578
7 3521674 457181890
7 3521746 457111417
7 3521764 457202193
7 3524167 457346346
7 3524176 457346346
7 3524617 457247451
7 3524671 457346098
7 3524716 457201733
7 3524761 457330398
7 3526147 457031128
7 3526174 457005504
7 3526417 457137812
7 3526471 457166461
7 3526714 457073807
7 3526741 457118072
7 3527146 456992723
7 3527164 457015266
7 3527416 457014774
7 3527461 457126511
7 3527614 457069279
7 3527641 457126176
7 3541267 457409112
7 3541276 457409112
7 3541627 457206477
7 3541672 457262586
7 3541726 457172027
7 3541762 457269927
7 3542167 457425861
7 3542176 457425861
7 3542617 457239271
7 3542671 457325551
7 3542716 457227558
7 3542761 457325486
7 3546127 457411385
7 3546172 457322751
7 3546217 457412290
7 3546271 457326250
7 3546712 457526091
7 3546721 457526091
7 3547126 457263492
7 3547162 457199573
7 3547216 457263230
7 3547261 457219137
7 3547612 457522043
7 3547621 457522043
7 3561247 457299352
7 3561274 457184333
7 3561427 457129347
7 3561472 457064064
7 3561724 457209646
7 3561742 457093348
7 3562147 457202960
7 3562174 457172488
7 3562417 457237979
7 3562471 457208123
7 3562714 457093348
7 3562741 457200677
7 3564127 457320394
7 3564172 457199067
7 3564217 457330407
7 3564271 457231807
7 3564712 457353265
7 3564721 457353265
7 3567124 457419248
7 3567142 457235141
7 3567214 457323544
7 3567241 457346938
7 3567412 457428086
7 3567421 457428086
7 3571246 457205607
7 3571264 457081555
7 3571426 457005133
7 3571462 456989609
7 3571624 457015266
7 3571642 457005504
7 3572146 457100777
7 3572164 457069233
7 3572416 457025002
7 3572461 457135029
7 3572614 456992723
7 3572641 457031128
7 3574126 457095097
7 3574162 457030023
7 3574216 457103824
7 3574261 457047324
7 3574612 457346346
7 3574621 457346346
7 3576124 457311884
7 3576142 457192549
7 3576214 457274641
7 3576241 457234594
7 3576412 457337823
7 3576421 457337823
7 3612457 457204830
7 3612475 457095924
7 3612547 457202038
7 3612574 457080570
7 3612745 457159816
7 3612754 457155451
7 3614257 457054524
7 3614275 457020731
7 3614527 457081335
7 3614572 457044262
7 3614725 456962852
7 3614752 456979974
7 3615247 457038026
7 3615274 456969266
7 3615427 457187582
7 3615472 457087499
7 3615724 456977119
7 3615742 457011595
7 3617245 457097488
7 3617254 457083028
7 3617425 456977119
7 3617452 457079558
7 3617524 456984292
7 3617542 457087510
7 3621457 457186046
7 3621475 457091107
7 3621547 457209696
7 3621574 457072533
7 3621745 457155451
7 3621754 457163554
7 3624157 457047324
7 3624175 457030023
7 3624517 457145986
7 3624571 457145038
7 3624715 456979974
7 3624751 457059434
7 3625147 457135029
7 3625174 456989609
7 3625417 457206868
7 3625471 457226045
7 3625714 456996075
7 3625741 457043539
7 3627145 457069233
7 3627154 457081555
7 3627415 456968245
7 3627451 457117605
7 3627514 456994486
7 3627541 457107556
7 3641257 457112009
7 3641275 457100166
7 3641527 457043041
7 3641572 456984034
7 3641725 456977119
7 3641752 456996075
7 3642157 457126427
7 3642175 457122264
7 3642517 457060682
7 3642571 457060416
7 3642715 457011595
7 3642751 457043539
7 3645127 457319829
7 3645172 457195623
7 3645217 457321095
7 3645271 457224346
7 3645712 457341745
7 3645721 457341745
7 3647125 457100269
7 3647152 457026668
7 3647215 457089677
7 3647251 457055671
7 3647512 457347302
7 3647521 457347302
7 3651247 457204725
7 3651274 457142507
7 3651427 457126332
7 3651472 457066489
7 3651724 457085592
7 3651742 457057760
7 3652147 457172908
7 3652174 457145015
7 3652417 457166229
7 3652471 457146954
7 3652714 457057760
7 3652741 457083003
7 3654127 457397701
7 3654172 457287791
7 3654217 457410781
7 3654271 457321989
7 3654712 457505450
7 3654721 457505450
7 3657124 457301432
7 3657142 457192078
7 3657214 457273404
7 3657241 457224797
7 3657412 457337931
7 3657421 457337931
7 3671245 457283412
7 3671254 457266480
7 3671425 457100269
7 3671452 457166676
7 3671524 457088502
7 3671542 457181169
7 3672145 457255975
7 3672154 457263418
7 3672415 457086611
7 3672451 457216362
7 3672514 457101486
7 3672541 457193102
7 3674125 457165258
7 3674152 457098852
7 3674215 457172893
7 3674251 457115748
7 3674512 457415141
7 3674521 457415141
7 3675124 457287963
7 3675142 457194517
7 3675214 457263055
7 3675241 457223197
7 3675412 457416262
7 3675421 457416262
7 3712456 457297052
7 3712465 457274113
7 3712546 457273741
7 3712564 457260488
7 3712645 457261184
7 3712654 457296601
7 3714256 457116432
7 3714265 457105013
7 3714526 457044262
7 3714562 457165670
7 3714625 456979974
7 3714652 457135636
7 3715246 457007541
7 3715264 457003144
7 3715426 457087499
7 3715462 457138045
7 3715624 457079558
7 3715642 457185444
7 3716245 457084732
7 3716254 457095786
7 3716425 457011595
7 3716452 457185444
7 3716524 457087510
7 3716542 457302030
7 3721456 457288445
7 3721465 457277706
7 3721546 457281503
7 3721564 457261446
7 3721645 457263388
7 3721654 457308020
7 3724156 457103824
7 3724165 457095097
7 3724516 457084285
7 3724561 457234399
7 3724615 456991120
7 3724651 457191523
7 3725146 457025002
7 3725164 457005133
7 3725416 457077632
7 3725461 457205312
7 3725614 457074733
7 3725641 457192620
7 3726145 457100777
7 3726154 457205607
7 3726415 456996960
7 3726451 457202638
7 3726514 457092379
7 3726541 457307681
7 3741256 457170669
7 3741265 457167979
7 3741526 457006913
7 3741562 457060300
7 3741625 456968245
7 3741652 457059233
7 3742156 457185761
7 3742165 457184798
7 3742516 457005673
7 3742561 457115216
7 3742615 456996960
7 3742651 457102065
7 3745126 457173993
7 3745162 457101164
7 3745216 457173759
7 3745261 457106021
7 3745612 457423622
7 3745621 457423622
7 3746125 457086611
7 3746152 457021352
7 3746215 457078320
7 3746251 457047084
7 3746512 457330763
7 3746521 457330763
7 3751246 457104611
7 3751264 457052600
7 3751426 456985725
7 3751462 456964086
7 3751624 457017482
7 3751642 457004614
7 3752146 457065204
7 3752164 457060181
7 3752416 457015204
7 3752461 457035117
7 3752614 456983757
7 3752641 457043393
7 3754126 457171204
7 3754162 457076106
7 3754216 457185275
7 3754261 457103554
7 3754612 457323830
7 3754621 457323830
7 3756124 457296609
7 3756142 457195123
7 3756214 457264733
7 3756241 457236711
7 3756412 457423653
7 3756421 457423653
7 3761245 457263797
7 3761254 457254979
7 3761425 457089677
7 3761452 457155395
7 3761524 457089268
7 3761542 457197669
7 3762145 457249875
7 3762154 457255798
7 3762415 457078320
7 3762451 457192869
7 3762514 457101314
7 3762541 457196152
7 3764125 457172893
7 3764152 457113572
7 3764215 457191611
7 3764251 457127415
7 3764512 457417322
7 3764521 457417322
7 3765124 457299680
7 3765142 457224559
7 3765214 457283577
7 3765241 457246242
7 3765412 457519519
7 3765421 457519519
7 4123567 457522012
7 4123576 457522012
7 4123657 457522543
7 4123675 457496956
7 4123756 457496956
7 4123765 457522012
7 4125367 457273169
7 4125376 457273169
7 4125637 457186239
7 4125673 457283577
7 4125736 457104903
7 4125763 457263055
7 4126357 457149354
7 4126375 457132087
7 4126537 457227228
7 4126573 457264733
7 4126735 457183605
7 4126753 457274641
7 4127356 457199845
7 4127365 457194606
7 4127536 457099238
7 4127563 457273404
7 4127635 457181890
7 4127653 457323544
7 4132567 457450770
7 4132576 457450770
7 4132657 457451549
7 4132675 457416920
7 4132756 457416920
7 4132765 457450770
7 4135267 457174608
7 4135276 457174608
7 4135627 457125252
7 4135672 457231859
7 4135726 457016579
7 4135762 457204747
7 4136257 457075466
7 4136275 457030080
7 4136527 457114335
7 4136572 457206781
7 4136725 457080570
7 4136752 457175729
7 4137256 457099238
7 4137265 457138865
7 4137526 456984984
7 4137562 457175667
7 4137625 457072533
7 4137652 457216152
7 4152367 457318264
7 4152376 457318264
7 4152637 457133230
7 4152673 457101314
7 4152736 457029629
7 4152763 457101486
7 4153267 457261856
7 4153276 457261856
7 4153627 457046917
7 4153672 457114599
7 4153726 457018238
7 4153762 457107636
7 4156237 457198075
7 4156273 457092379
7 4156327 457175637
7 4156372 457078851
7 4156723 457294042
7 4156732 457287686
7 4157236 457064146
7 4157263 456994486
7 4157326 457044846
7 4157362 456993897
7 4157623 457262737
7 4157632 457260501
7 4162357 457196649
7 4162375 457099002
7 4162537 457038354
7 4162573 456983757
7 4162735 457096457
7 4162753 456992723
7 4163257 457096663
7 4163275 457068693
7 4163527 457049468
7 4163572 457015318
7 4163725 456969266
7 4163752 457014774
7 4165237 457189674
7 4165273 457074733
7 4165327 457204994
7 4165372 457082813
7 4165723 457263492
7 4165732 457263230
7 4167235 457184333
7 4167253 457069279
7 4167325 457142507
7 4167352 457097659
7 4167523 457262267
7 4167532 457264148
7 4172356 457197669
7 4172365 457181169
7 4172536 457004614
7 4172563 457057760
7 4172635 457005504
7 4172653 457093348
7 4173256 457155395
7 4173265 457166676
7 4173526 456964086
7 4173562 457066489
7 4173625 456989609
7 4173652 457064064
7 4175236 457059233
7 4175263 456996075
7 4175326 457060300
7 4175362 456984034
7 4175623 457269927
7 4175632 457262586
7 4176235 457172488
7 4176253 457073807
7 4176325 457145015
7 4176352 457093463
7 4176523 457292336
7 4176532 457310033
7 4213567 457451277
7 4213576 457451277
7 4213657 457452042
7 4213675 457418106
7 4213756 457418106
7 4213765 457451277
7 4215367 457354821
7 4215376 457354821
7 4215637 457220842
7 4215673 457299680
7 4215736 457143394
7 4215763 457287963
7 4216357 457159395
7 4216375 457134201
7 4216537 457327552
7 4216573 457296609
7 4216735 457199870
7 4216753 457311884
7 4217356 457194606
7 4217365 457199645
7 4217536 457138865
7 4217563 457301432
7 4217635 457202193
7 4217653 457419248
7 4231567 457537896
7 4231576 457537896
7 4231657 457538655
7 4231675 457505270
7 4231756 457505270
7 4231765 457537896
7 4235167 457337931
7 4235176 457337931
7 4235617 457326220
7 4235671 457438930
7 4235716 457219146
7 4235761 457418184
7 4236157 457224797
7 4236175 457192078
7 4236517 457311112
7 4236571 457419062
7 4236715 457260488
7 4236751 457374452
7 4237156 457273404
7 4237165 457301432
7 4237516 457175667
7 4237561 457375962
7 4237615 457261446
7 4237651 457420053
7 4251367 457251547
7 4251376 457251547
7 4251637 457043955
7 4251673 457089268
7 4251736 457000017
7 4251763 457088502
7 4253167 457347302
7 4253176 457347302
7 4253617 457246771
7 4253671 457338297
7 4253716 457209317
7 4253761 457330402
7 4256137 457107556
7 4256173 457087510
7 4256317 457142708
7 4256371 457144949
7 4256713 457214713
7 4256731 457230301
7 4257136 456994486
7 4257163 456984292
7 4257316 456993897
7 4257361 457058910
7 4257613 457190125
7 4257631 457204606
7 4261357 457043955
7 4261375 457000017
7 4261537 457117265
7 4261573 457017482
7 4261735 457003727
7 4261753 457015266
7 4263157 457055671
7 4263175 457026668
7 4263517 457141244
7 4263571 457155712
7 4263715 457003144
7 4263751 457126511
7 4265137 457117605
7 4265173 457079558
7 4265317 457223966
7 4265371 457227454
7 4265713 457199573
7 4265731 457219137
7 4267135 457081555
7 4267153 457083028
7 4267315 457052600
7 4267351 457125829
7 4267513 457173516
7 4267531 457215793
7 4271356 457089268
7 4271365 457088502
7 4271536 457017482
7 4271563 457085592
7 4271635 457015266
7 4271653 457209646
7 4273156 457089677
7 4273165 457100269
7 4273516 456985725
7 4273561 457126332
7 4273615 457005133
7 4273651 457129347
7 4275136 456968245
7 4275163 456977119
7 4275316 457006913
7 4275361 457043041
7 4275613 457172027
7 4275631 457206477
7 4276135 457069233
7 4276153 457097488
7 4276315 457060181
7 4276351 457117430
7 4276513 457217519
7 4276531 457320171
7 4312567 457529879
7 4312576 457529879
7 4312657 457530569
7 4312675 457499462
7 4312756 457499462
7 4312765 457529879
7 4315267 457256970
7 4315276 457256970
7 4315627 457186046
7 4315672 457288445
7 4315726 457091107
7 4315762 457277706
7 4316257 457140578
7 4316275 457111417
7 4316527 457209696
7 4316572 457281503
7 4316725 457155451
7 4316752 457263388
7 4317256 457181890
7 4317265 457202193
7 4317526 457072533
7 4317562 457261446
7 4317625 457163554
7 4317652 457308020
7 4321567 457647966
7 4321576 457647966
7 4321657 457651865
7 4321675 457549070
7 4321756 457549070
7 4321765 457647966
7 4325167 457428086
7 4325176 457428086
7 4325617 457411603
7 4325671 457525005
7 4325716 457310910
7 4325761 457514609
7 4326157 457346938
7 4326175 457235141
7 4326517 457412753
7 4326571 457520763
7 4326715 457296601
7 4326751 457420006
7 4327156 457323544
7 4327165 457419248
7 4327516 457216152
7 4327561 457420053
7 4327615 457308020
7 4327651 457523128
7 4351267 457409343
7 4351276 457409343
7 4351627 457215793
7 4351672 457264148
7 4351726 457173516
7 4351762 457262267
7 4352167 457418153
7 4352176 457418153
7 4352617 457239331
7 4352671 457326083
7 4352716 457227175
7 4352761 457324095
7 4356127 457403282
7 4356172 457314839
7 4356217 457403770
7 4356271 457318440
7 4356712 457529449
7 4356721 457529449
7 4357126 457262737
7 4357162 457190125
7 4357216 457260501
7 4357261 457204606
7 4357612 457502254
7 4357621 457502254
7 4361257 457202175
7 4361275 457167995
7 4361527 457125829
7 4361572 457097659
7 4361725 457083028
7 4361752 457069279
7 4362157 457207387
7 4362175 457177231
7 4362517 457231794
7 4362571 457238826
7 4362715 457095786
7 4362751 457126176
7 4365127 457400161
7 4365172 457303486
7 4365217 457402065
7 4365271 457316405
7 4365712 457522043
7 4365721 457522043
7 4367125 457266480
7 4367152 457167995
7 4367215 457254979
7 4367251 457202175
7 4367512 457409343
7 4367521 457409343
7 4371256 457254979
7 4371265 457266480
7 4371526 457052600
7 4371562 457142507
7 4371625 457081555
7 4371652 457184333
7 4372156 457263797
7 4372165 457283412
7 4372516 457104611
7 4372561 457204725
7 4372615 457205607
7 4372651 457299352
7 4375126 457167979
7 4375162 457100166
7 4375216 457170669
7 4375261 457112009
7 4375612 457409112
7 4375621 457409112
7 4376125 457263418
7 4376152 457180977
7 4376215 457255798
7 4376251 457210053
7 4376512 457508708
7 4376521 457508708
7 4512367 457508708
7 4512376 457508708
7 4512637 457210053
7 4512673 457255798
7 4512736 457180977
7 4512763 457263418
7 4513267 457409112
7 4513276 457409112
7 4513627 457112009
7 4513672 457170669
7 4513726 457100166
7 4513762 457167979
7 4516237 457299352
7 4516273 457205607
7 4516327 457204725
7 4516372 457104611
7 4516723 457283412
7 4516732 457263797
7 4517236 457184333
7 4517263 457081555
7 4517326 457142507
7 4517362 457052600
7 4517623 457266480
7 4517632 457254979
7 4521367 457409343
7 4521376 457409343
7 4521637 457202175
7 4521673 457254979
7 4521736 457167995
7 4521763 457266480
7 4523167 457522043
7 4523176 457522043
7 4523617 457316405
7 4523671 457402065
7 4523716 457303486
7 4523761 457400161
7 4526137 457126176
7 4526173 457095786
7 4526317 457238826
7 4526371 457231794
7 4526713 457177231
7 4526731 457207387
7 4527136 457069279
7 4527163 457083028
7 4527316 457097659
7 4527361 457125829
7 4527613 457167995
7 4527631 457202175
7 4531267 457502254
7 4531276 457502254
7 4531627 457204606
7 4531672 457260501
7 4531726 457190125
7 4531762 457262737
7 4532167 457529449
7 4532176 457529449
7 4532617 457318440
7 4532671 457403770
7 4532716 457314839
7 4532761 457403282
7 4536127 457324095
7 4536172 457227175
7 4536217 457326083
7 4536271 457239331
7 4536712 457418153
7 4536721 457418153
7 4537126 457262267
7 4537162 457173516
7 4537216 457264148
7 4537261 457215793
7 4537612 457409343
7 4537621 457409343
7 4561237 457523128
7 4561273 457308020
7 4561327 457420053
7 4561372 457216152
7 4561723 457419248
7 4561732 457323544
7 4562137 457420006
7 4562173 457296601
7 4562317 457520763
7 4562371 457412753
7 4562713 457235141
7 4562731 457346938
7 4563127 457514609
7 4563172 457310910
7 4563217 457525005
7 4563271 457411603
7 4563712 457428086
7 4563721 457428086
7 4567123 457647966
7 4567132 457549070
7 4567213 457549070
7 4567231 457651865
7 4567312 457647966
7 4567321 457647966
7 4571236 457308020
7 4571263 457163554
7 4571326 457261446
7 4571362 457072533
7 4571623 457202193
7 4571632 457181890
7 4572136 457263388
7 4572163 457155451
7 4572316 457281503
7 4572361 457209696
7 4572613 457111417
7 4572631 457140578
7 4573126 457277706
7 4573162 457091107
7 4573216 457288445
7 4573261 457186046
7 4573612 457256970
7 4573621 457256970
7 4576123 457529879
7 4576132 457499462
7 4576213 457499462
7 4576231 457530569
7 4576312 457529879
7 4576321 457529879
7 4612357 457320171
7 4612375 457217519
7 4612537 457117430
7 4612573 457060181
7 4612735 457097488
7 4612753 457069233
7 4613257 457206477
7 4613275 457172027
7 4613527 457043041
7 4613572 457006913
7 4613725 456977119
7 4613752 456968245
7 4615237 457129347
7 4615273 457005133
7 4615327 457126332
7 4615372 456985725
7 4615723 457100269
7 4615732 457089677
7 4617235 457209646
7 4617253 457015266
7 4617325 457085592
7 4617352 457017482
7 4617523 457088502
7 4617532 457089268
7 4621357 457215793
7 4621375 457173516
7 4621537 457125829
7 4621573 457052600
7 4621735 457083028
7 4621753 457081555
7 4623157 457219137
7 4623175 457199573
7 4623517 457227454
7 4623571 457223966
7 4623715 457079558
7 4623751 457117605
7 4625137 457126511
7 4625173 457003144
7 4625317 457155712
7 4625371 457141244
7 4625713 457026668
7 4625731 457055671
7 4627135 457015266
7 4627153 457003727
7 4627315 457017482
7 4627351 457117265
7 4627513 457000017
7 4627531 457043955
7 4631257 457204606
7 4631275 457190125
7 4631527 457058910
7 4631572 456993897
7 4631725 456984292
7 4631752 456994486
7 4632157 457230301
7 4632175 457214713
7 4632517 457144949
7 4632571 457142708
7 4632715 457087510
7 4632751 457107556
7 4635127 457330402
7 4635172 457209317
7 4635217 457338297
7 4635271 457246771
7 4635712 457347302
7 4635721 457347302
7 4637125 457088502
7 4637152 457000017
7 4637215 457089268
7 4637251 457043955
7 4637512 457251547
7 4637521 457251547
7 4651237 457420053
7 4651273 457261446
7 4651327 457375962
7 4651372 457175667
7 4651723 457301432
7 4651732 457273404
7 4652137 457374452
7 4652173 457260488
7 4652317 457419062
7 4652371 457311112
7 4652713 457192078
7 4652731 457224797
7 4653127 457418184
7 4653172 457219146
7 4653217 457438930
7 4653271 457326220
7 4653712 457337931
7 4653721 457337931
7 4657123 457537896
7 4657132 457505270
7 4657213 457505270
7 4657231 457538655
7 4657312 457537896
7 4657321 457537896
7 4671235 457419248
7 4671253 457202193
7 4671325 457301432
7 4671352 457138865
7 4671523 457199645
7 4671532 457194606
7 4672135 457311884
7 4672153 457199870
7 4672315 457296609
7 4672351 457327552
7 4672513 457134201
7 4672531 457159395
7 4673125 457287963
7 4673152 457143394
7 4673215 457299680
7 4673251 457220842
7 4673512 457354821
7 4673521 457354821
7 4675123 457451277
7 4675132 457418106
7 4675213 457418106
7 4675231 457452042
7 4675312 457451277
7 4675321 457451277
7 4712356 457310033
7 4712365 457292336
7 4712536 457093463
7 4712563 457145015
7 4712635 457073807
7 4712653 457172488
7 4713256 457262586
7 4713265 457269927
7 4713526 456984034
7 4713562 457060300
7 4713625 456996075
7 4713652 457059233
7 4715236 457064064
7 4715263 456989609
7 4715326 457066489
7 4715362 456964086
7 4715623 457166676
7 4715632 457155395
7 4716235 457093348
7 4716253 457005504
7 4716325 457057760
7 4716352 457004614
7 4716523 457181169
7 4716532 457197669
7 4721356 457264148
7 4721365 457262267
7 4721536 457097659
7 4721563 457142507
7 4721635 457069279
7 4721653 457184333
7 4723156 457263230
7 4723165 457263492
7 4723516 457082813
7 4723561 457204994
7 4723615 457074733
7 4723651 457189674
7 4725136 457014774
7 4725163 456969266
7 4725316 457015318
7 4725361 457049468
7 4725613 457068693
7 4725631 457096663
7 4726135 456992723
7 4726153 457096457
7 4726315 456983757
7 4726351 457038354
7 4726513 457099002
7 4726531 457196649
7 4731256 457260501
7 4731265 457262737
7 4731526 456993897
7 4731562 457044846
7 4731625 456994486
7 4731652 457064146
7 4732156 457287686
7 4732165 457294042
7 4732516 457078851
7 4732561 457175637
7 4732615 457092379
7 4732651 457198075
7 4735126 457107636
7 4735162 457018238
7 4735216 457114599
7 4735261 457046917
7 4735612 457261856
7 4735621 457261856
7 4736125 457101486
7 4736152 457029629
7 4736215 457101314
7 4736251 457133230
7 4736512 457318264
7 4736521 457318264
7 4751236 457216152
7 4751263 457072533
7 4751326 457175667
7 4751362 456984984
7 4751623 457138865
7 4751632 457099238
7 4752136 457175729
7 4752163 457080570
7 4752316 457206781
7 4752361 457114335
7 4752613 457030080
7 4752631 457075466
7 4753126 457204747
7 4753162 457016579
7 4753216 457231859
7 4753261 457125252
7 4753612 457174608
7 4753621 457174608
7 4756123 457450770
7 4756132 457416920
7 4756213 457416920
7 4756231 457451549
7 4756312 457450770
7 4756321 457450770
7 4761235 457323544
7 4761253 457181890
7 4761325 457273404
7 4761352 457099238
7 4761523 457194606
7 4761532 457199845
7 4762135 457274641
7 4762153 457183605
7 4762315 457264733
7 4762351 457227228
7 4762513 457132087
7 4762531 457149354
7 4763125 457263055
7 4763152 457104903
7 4763215 457283577
7 4763251 457186239
7 4763512 457273169
7 4763521 457273169
7 4765123 457522012
7 4765132 457496956
7 4765213 457496956
7 4765231 457522543
7 4765312 457522012
7 4765321 457522012
7 5123467 457519519
7 5123476 457519519
7 5123647 457246242
7 5123674 457283577
7 5123746 457224559
7 5123764 457299680
7 5124367 457417322
7 5124376 457417322
7 5124637 457127415
7 5124673 457191611
7 5124736 457113572
7 5124763 457172893
7 5126347 457196152
7 5126374 457101314
7 5126437 457192869
7 5126473 457078320
7 5126734 457255798
7 5126743 457249875
7 5127346 457197669
7 5127364 457089268
7 5127436 457155395
7 5127463 457089677
7 5127634 457254979
7 5127643 457263797
7 5132467 457423653
7 5132476 457423653
7 5132647 457236711
7 5132674 457264733
7 5132746 457195123
7 5132764 457296609
7 5134267 457323830
7 5134276 457323830
7 5134627 457103554
7 5134672 457185275
7 5134726 457076106
7 5134762 457171204
7 5136247 457043393
7 5136274 456983757
7 5136427 457035117
7 5136472 457015204
7 5136724 457060181
7 5136742 457065204
7 5137246 457004614
7 5137264 457017482
7 5137426 456964086
7 5137462 456985725
7 5137624 457052600
7 5137642 457104611
7 5142367 457330763
7 5142376 457330763
7 5142637 457047084
7 5142673 457078320
7 5142736 457021352
7 5142763 457086611
7 5143267 457423622
7 5143276 457423622
7 5143627 457106021
7 5143672 457173759
7 5143726 457101164
7 5143762 457173993
7 5146237 457102065
7 5146273 456996960
7 5146327 457115216
7 5146372 457005673
7 5146723 457184798
7 5146732 457185761
7 5147236 457059233
7 5147263 456968245
7 5147326 457060300
7 5147362 457006913
7 5147623 457167979
7 5147632 457170669
7 5162347 457307681
7 5162374 457092379
7 5162437 457202638
7 5162473 456996960
7 5162734 457205607
7 5162743 457100777
7 5163247 457192620
7 5163274 457074733
7 5163427 457205312
7 5163472 457077632
7 5163724 457005133
7 5163742 457025002
7 5164237 457191523
7 5164273 456991120
7 5164327 457234399
7 5164372 457084285
7 5164723 457095097
7 5164732 457103824
7 5167234 457308020
7 5167243 457263388
7 5167324 457261446
7 5167342 457281503
7 5167423 457277706
7 5167432 457288445
7 5172346 457302030
7 5172364 457087510
7 5172436 457185444
7 5172463 457011595
7 5172634 457095786
7 5172643 457084732
7 5173246 457185444
7 5173264 457079558
7 5173426 457138045
7 5173462 457087499
7 5173624 457003144
7 5173642 457007541
7 5174236 457135636
7 5174263 456979974
7 5174326 457165670
7 5174362 457044262
7 5174623 457105013
7 5174632 457116432
7 5176234 457296601
7 5176243 457261184
7 5176324 457260488
7 5176342 457273741
7 5176423 457274113
7 5176432 457297052
7 5213467 457416262
7 5213476 457416262
7 5213647 457223197
7 5213674 457263055
7 5213746 457194517
7 5213764 457287963
7 5214367 457415141
7 5214376 457415141
7 5214637 457115748
7 5214673 457172893
7 5214736 457098852
7 5214763 457165258
7 5216347 457193102
7 5216374 457101486
7 5216437 457216362
7 5216473 457086611
7 5216734 457263418
7 5216743 457255975
7 5217346 457181169
7 5217364 457088502
7 5217436 457166676
7 5217463 457100269
7 5217634 457266480
7 5217643 457283412
7 5231467 457337931
7 5231476 457337931
7 5231647 457224797
7 5231674 457273404
7 5231746 457192078
7 5231764 457301432
7 5234167 457505450
7 5234176 457505450
7 5234617 457321989
7 5234671 457410781
7 5234716 457287791
7 5234761 457397701
7 5236147 457083003
7 5236174 457057760
7 5236417 457146954
7 5236471 457166229
7 5236714 457145015
7 5236741 457172908
7 5237146 457057760
7 5237164 457085592
7 5237416 457066489
7 5237461 457126332
7 5237614 457142507
7 5237641 457204725
7 5241367 457347302
7 5241376 457347302
7 5241637 457055671
7 5241673 457089677
7 5241736 457026668
7 5241763 457100269
7 5243167 457341745
7 5243176 457341745
7 5243617 457224346
7 5243671 457321095
7 5243716 457195623
7 5243761 457319829
7 5246137 457043539
7 5246173 457011595
7 5246317 457060416
7 5246371 457060682
7 5246713 457122264
7 5246731 457126427
7 5247136 456996075
7 5247163 456977119
7 5247316 456984034
7 5247361 457043041
7 5247613 457100166
7 5247631 457112009
7 5261347 457107556
7 5261374 456994486
7 5261437 457117605
7 5261473 456968245
7 5261734 457081555
7 5261743 457069233
7 5263147 457043539
7 5263174 456996075
7 5263417 457226045
7 5263471 457206868
7 5263714 456989609
7 5263741 457135029
7 5264137 457059434
7 5264173 456979974
7 5264317 457145038
7 5264371 457145986
7 5264713 457030023
7 5264731 457047324
7 5267134 457163554
7 5267143 457155451
7 5267314 457072533
7 5267341 457209696
7 5267413 457091107
7 5267431 457186046
7 5271346 457087510
7 5271364 456984292
7 5271436 457079558
7 5271463 456977119
7 5271634 457083028
7 5271643 457097488
7 5273146 457011595
7 5273164 456977119
7 5273416 457087499
7 5273461 457187582
7 5273614 456969266
7 5273641 457038026
7 5274136 456979974
7 5274163 456962852
7 5274316 457044262
7 5274361 457081335
7 5274613 457020731
7 5274631 457054524
7 5276134 457155451
7 5276143 457159816
7 5276314 457080570
7 5276341 457202038
7 5276413 457095924
7 5276431 457204830
7 5312467 457337823
7 5312476 457337823
7 5312647 457234594
7 5312674 457274641
7 5312746 457192549
7 5312764 457311884
7 5314267 457346346
7 5314276 457346346
7 5314627 457047324
7 5314672 457103824
7 5314726 457030023
7 5314762 457095097
7 5316247 457031128
7 5316274 456992723
7 5316427 457135029
7 5316472 457025002
7 5316724 457069233
7 5316742 457100777
7 5317246 457005504
7 5317264 457015266
7 5317426 456989609
7 5317462 457005133
7 5317624 457081555
7 5317642 457205607
7 5321467 457428086
7 5321476 457428086
7 5321647 457346938
7 5321674 457323544
7 5321746 457235141
7 5321764 457419248
7 5324167 457353265
7 5324176 457353265
7 5324617 457231807
7 5324671 457330407
7 5324716 457199067
7 5324761 457320394
7 5326147 457200677
7 5326174 457093348
7 5326417 457208123
7 5326471 457237979
7 5326714 457172488
7 5326741 457202960
7 5327146 457093348
7 5327164 457209646
7 5327416 457064064
7 5327461 457129347
7 5327614 457184333
7 5327641 457299352
7 5341267 457522043
7 5341276 457522043
7 5341627 457219137
7 5341672 457263230
7 5341726 457199573
7 5341762 457263492
7 5342167 457526091
7 5342176 457526091
7 5342617 457326250
7 5342671 457412290
7 5342716 457322751
7 5342761 457411385
7 5346127 457325486
7 5346172 457227558
7 5346217 457325551
7 5346271 457239271
7 5346712 457425861
7 5346721 457425861
7 5347126 457269927
7 5347162 457172027
7 5347216 457262586
7 5347261 457206477
7 5347612 457409112
7 5347621 457409112
7 5361247 457126176
7 5361274 457069279
7 5361427 457126511
7 5361472 457014774
7 5361724 457015266
7 5361742 456992723
7 5362147 457118072
7 5362174 457073807
7 5362417 457166461
7 5362471 457137812
7 5362714 457005504
7 5362741 457031128
7 5364127 457330398
7 5364172 457201733
7 5364217 457346098
7 5364271 457247451
7 5364712 457346346
7 5364721 457346346
7 5367124 457202193
7 5367142 457111417
7 5367214 457181890
7 5367241 457140578
7 5367412 457256970
7 5367421 457256970
7 5371246 457095786
7 5371264 457083028
7 5371426 457003144
7 5371462 456969266
7 5371624 457003727
7 5371642 457096457
7 5372146 457084732
7 5372164 457097488
7 5372416 457007541
7 5372461 457038026
7 5372614 457096457
7 5372641 457110956
7 5374126 457105013
7 5374162 457020731
7 5374216 457116432
7 5374261 457054524
7 5374612 457254559
7 5374621 457254559
7 5376124 457199870
7 5376142 457123501
7 5376214 457183605
7 5376241 457148897
7 5376412 457329347
7 5376421 457329347
7 5412367 457508569
7 5412376 457508569
7 5412637 457187449
7 5412673 457249875
7 5412736 457177991
7 5412763 457255975
7 5413267 457425861
7 5413276 457425861
7 5413627 457126427
7 5413672 457185761
7 5413726 457122264
7 5413762 457184798
7 5416237 457202960
7 5416273 457100777
7 5416327 457172908
7 5416372 457065204
7 5416723 457255975
7 5416732 457249875
7 5417236 457172488
7 5417263 457069233
7 5417326 457145015
7 5417362 457060181
7 5417623 457263418
7 5417632 457255798
7 5421367 457418153
7 5421376 457418153
7 5421637 457207387
7 5421673 457263797
7 5421736 457177231
7 5421763 457283412
7 5423167 457526091
7 5423176 457526091
7 5423617 457318276
7 5423671 457404926
7 5423716 457304023
7 5423761 457403617
7 5426137 457118072
7 5426173 457084732
7 5426317 457158814
7 5426371 457151271
7 5426713 457177991
7 5426731 457187449
7 5427136 457073807
7 5427163 457097488
7 5427316 457093463
7 5427361 457117430
7 5427613 457180977
7 5427631 457210053
7 5431267 457529449
7 5431276 457529449
7 5431627 457230301
7 5431672 457287686
7 5431726 457214713
7 5431762 457294042
7 5432167 457647966
7 5432176 457647966
7 5432617 457438221
7 5432671 457523716
7 5432716 457433784
7 5432761 457523750
7 5436127 457397600
7 5436172 457301883
7 5436217 457406632
7 5436271 457326088
7 5436712 457508569
7 5436721 457508569
7 5437126 457292336
7 5437162 457217519
7 5437216 457310033
7 5437261 457320171
7 5437612 457508708
7 5437621 457508708
7 5461237 457420006
7 5461273 457263388
7 5461327 457374452
7 5461372 457175729
7 5461723 457311884
7 5461732 457274641
7 5462137 457374866
7 5462173 457261184
7 5462317 457419063
7 5462371 457311317
7 5462713 457192549
7 5462731 457234594
7 5463127 457416994
7 5463172 457218093
7 5463217 457430759
7 5463271 457318998
7 5463712 457337823
7 5463721 457337823
7 5467123 457529879
7 5467132 457499462
7 5467213 457499462
7 5467231 457530569
7 5467312 457529879
7 5467321 457529879
7 5471236 457296601
7 5471263 457155451
7 5471326 457260488
7 5471362 457080570
7 5471623 457199870
7 5471632 457183605
7 5472136 457261184
7 5472163 457159816
7 5472316 457273741
7 5472361 457202038
7 5472613 457123501
7 5472631 457148897
7 5473126 457274113
7 5473162 457095924
7 5473216 457297052
7 5473261 457204830
7 5473612 457329347
7 5473621 457329347
7 5476123 457526480
7 5476132 457498886
7 5476213 457498886
7 5476231 457527086
7 5476312 457526480
7 5476321 457526480
7 5612347 457523750
7 5612374 457294042
7 5612437 457403617
7 5612473 457184798
7 5612734 457283412
7 5612743 457255975
7 5613247 457411385
7 5613274 457263492
7 5613427 457319829
7 5613472 457173993
7 5613724 457100269
7 5613742 457086611
7 5614237 457320394
7 5614273 457095097
7 5614327 457397701
7 5614372 457171204
7 5614723 457165258
7 5614732 457172893
7 5617234 457419248
7 5617243 457311884
7 5617324 457301432
7 5617342 457296609
7 5617423 457287963
7 5617432 457299680
7 5621347 457403282
7 5621374 457262737
7 5621437 457400161
7 5621473 457167979
7 5621734 457266480
7 5621743 457263418
7 5623147 457325486
7 5623174 457269927
7 5623417 457520759
7 5623471 457412556
7 5623714 457166676
7 5623741 457216362
7 5624137 457330398
7 5624173 457105013
7 5624317 457336574
7 5624371 457296523
7 5624713 457098852
7 5624731 457115748
7 5627134 457202193
7 5627143 457199870
7 5627314 457138865
7 5627341 457327552
7 5627413 457143394
7 5627431 457220842
7 5631247 457324095
7 5631274 457262267
7 5631427 457330402
7 5631472 457107636
7 5631724 457088502
7 5631742 457101486
7 5632147 457397600
7 5632174 457292336
7 5632417 457338128
7 5632471 457297197
7 5632714 457181169
7 5632741 457193102
7 5634127 457536297
7 5634172 457313258
7 5634217 457529480
7 5634271 457422214
7 5634712 457415141
7 5634721 457415141
7 5637124 457199645
7 5637142 457134201
7 5637214 457194606
7 5637241 457159395
7 5637412 457354821
7 5637421 457354821
7 5641237 457514609
7 5641273 457277706
7 5641327 457418184
7 5641372 457204747
7 5641723 457287963
7 5641732 457263055
7 5642137 457416994
7 5642173 457274113
7 5642317 457522279
7 5642371 457404681
7 5642713 457194517
7 5642731 457223197
7 5643127 457516196
7 5643172 457302755
7 5643217 457545084
7 5643271 457429019
7 5643712 457416262
7 5643721 457416262
7 5647123 457451277
7 5647132 457418106
7 5647213 457418106
7 5647231 457452042
7 5647312 457451277
7 5647321 457451277
7 5671234 457647966
7 5671243 457529879
7 5671324 457537896
7 5671342 457450770
7 5671423 457451277
7 5671432 457522012
7 5672134 457529879
7 5672143 457526480
7 5672314 457450770
7 5672341 457653181
7 5672413 457458849
7 5672431 457467610
7 5673124 457451277
7 5673142 457458849
7 5673214 457522012
7 5673241 457467610
7 5673412 457652221
7 5673421 457652221
7 5674123 457647966
7 5674132 457549070
7 5674213 457549070
7 5674231 457651865
7 5674312 457647966
7 5674321 457647966
7 5712346 457433784
7 5712364 457214713
7 5712436 457304023
7 5712463 457122264
7 5712634 457177231
7 5712643 457177991
7 5713246 457322751
7 5713264 457199573
7 5713426 457195623
7 5713462 457101164
7 5713624 457026668
7 5713642 457021352
7 5714236 457199067
7 5714263 457030023
7 5714326 457287791
7 5714362 457076106
7 5714623 457098852
7 5714632 457113572
7 5716234 457235141
7 5716243 457192549
7 5716324 457192078
7 5716342 457195123
7 5716423 457194517
7 5716432 457224559
7 5721346 457314839
7 5721364 457190125
7 5721436 457303486
7 5721463 457100166
7 5721634 457167995
7 5721643 457180977
7 5723146 457227558
7 5723164 457172027
7 5723416 457315587
7 5723461 457334935
7 5723614 457068693
7 5723641 457130348
7 5724136 457201733
7 5724163 457020731
7 5724316 457192645
7 5724361 457196837
7 5724613 457051826
7 5724631 457061736
7 5726134 457111417
7 5726143 457123501
7 5726314 457030080
7 5726341 457152566
7 5726413 457042394
7 5726431 457135026
7 5731246 457227175
7 5731264 457173516
7 5731426 457209317
7 5731462 457018238
7 5731624 457000017
7 5731642 457029629
7 5732146 457301883
7 5732164 457217519
7 5732416 457201931
7 5732461 457206327
7 5732614 457099002
7 5732641 457124510
7 5734126 457313258
7 5734162 457123599
7 5734216 457309948
7 5734261 457220286
7 5734612 457343416
7 5734621 457343416
7 5736124 457134201
7 5736142 457126919
7 5736214 457132087
7 5736241 457150029
7 5736412 457266496
7 5736421 457266496
7 5741236 457310910
7 5741263 457091107
7 5741326 457219146
7 5741362 457016579
7 5741623 457143394
7 5741632 457104903
7 5742136 457218093
7 5742163 457095924
7 5742316 457309111
7 5742361 457207250
7 5742613 457042394
7 5742631 457092413
7 5743126 457302755
7 5743162 457100844
7 5743216 457338906
7 5743261 457228908
7 5743612 457258426
7 5743621 457258426
7 5746123 457458849
7 5746132 457419793
7 5746213 457419793
7 5746231 457459783
7 5746312 457458849
7 5746321 457458849
7 5761234 457549070
7 5761243 457499462
7 5761324 457505270
7 5761342 457416920
7 5761423 457418106
7 5761432 457496956
7 5762134 457499462
7 5762143 457498886
7 5762314 457416920
7 5762341 457550366
7 5762413 457419793
7 5762431 457423216
7 5763124 457418106
7 5763142 457419793
7 5763214 457496956
7 5763241 457423216
7 5763412 457550186
7 5763421 457550186
7 5764123 457549070
7 5764132 457459680
7 5764213 457459680
7 5764231 457552670
7 5764312 457549070
7 5764321 457549070
7 6123457 457535995
7 6123475 457338906
7 6123547 457430277
7 6123574 457231859
7 6123745 457297052
7 6123754 457288445
7 6124357 457426381
7 6124375 457309948
7 6124537 457312107
7 6124573 457185275
7 6124735 457116432
7 6124753 457103824
7 6125347 457305742
7 6125374 457114599
7 6125437 457412012
7 6125473 457173759
7 6125734 457170669
7 6125743 457185761
7 6127345 457310033
7 6127354 457264148
7 6127435 457262586
7 6127453 457263230
7 6127534 457260501
7 6127543 457287686
7 6132457 457426333
7 6132475 457309111
7 6132547 457422601
7 6132574 457206781
7 6132745 457273741
7 6132754 457281503
7 6134257 457241680
7 6134275 457192645
7 6134527 457305552
7 6134572 457206675
7 6134725 457044262
7 6134752 457084285
7 6135247 457233708
7 6135274 457015318
7 6135427 457216385
7 6135472 457161032
7 6135724 457006913
7 6135742 457005673
7 6137245 457093463
7 6137254 457097659
7 6137425 456984034
7 6137452 457082813
7 6137524 456993897
7 6137542 457078851
7 6142357 457252274
7 6142375 457201931
7 6142537 457233985
7 6142573 457015204
7 6142735 457007541
7 6142753 457025002
7 6143257 457408705
7 6143275 457315587
7 6143527 457210680
7 6143572 457161032
7 6143725 457087499
7 6143752 457077632
7 6145237 457302092
7 6145273 457077632
7 6145327 457303268
7 6145372 457161032
7 6145723 457173993
7 6145732 457173759
7 6147235 457064064
7 6147253 457014774
7 6147325 457066489
7 6147352 457015318
7 6147523 457107636
7 6147532 457114599
7 6152347 457314436
7 6152374 457078851
7 6152437 457232323
7 6152473 457005673
7 6152734 457104611
7 6152743 457065204
7 6153247 457224433
7 6153274 457082813
7 6153427 457311267
7 6153472 457161032
7 6153724 456985725
7 6153742 457015204
7 6154237 457302793
7 6154273 457084285
7 6154327 457434217
7 6154372 457206675
7 6154723 457171204
7 6154732 457185275
7 6157234 457216152
7 6157243 457175729
7 6157324 457175667
7 6157342 457206781
7 6157423 457204747
7 6157432 457231859
7 6172345 457433784
7 6172354 457314839
7 6172435 457322751
7 6172453 457227558
7 6172534 457227175
7 6172543 457301883
7 6173245 457304023
7 6173254 457303486
7 6173425 457195623
7 6173452 457315587
7 6173524 457209317
7 6173542 457201931
7 6174235 457199067
7 6174253 457201733
7 6174325 457287791
7 6174352 457192645
7 6174523 457313258
7 6174532 457309948
7 6175234 457310910
7 6175243 457218093
7 6175324 457219146
7 6175342 457309111
7 6175423 457302755
7 6175432 457338906
7 6213457 457429019
7 6213475 457302755
7 6213547 457404681
7 6213574 457204747
7 6213745 457274113
7 6213754 457277706
7 6214357 457422214
7 6214375 457313258
7 6214537 457296523
7 6214573 457171204
7 6214735 457105013
7 6214753 457095097
7 6215347 457297197
7 6215374 457107636
7 6215437 457412556
7 6215473 457173993
7 6215734 457167979
7 6215743 457184798
7 6217345 457292336
7 6217354 457262267
7 6217435 457269927
7 6217453 457263492
7 6217534 457262737
7 6217543 457294042
7 6231457 457326220
7 6231475 457219146
7 6231547 457311112
7 6231574 457175667
7 6231745 457260488
7 6231754 457261446
7 6234157 457321989
7 6234175 457287791
7 6234517 457519004
7 6234571 457434217
7 6234715 457165670
7 6234751 457234399
7 6235147 457146954
7 6235174 457066489
7 6235417 457313810
7 6235471 457303268
7 6235714 457060300
7 6235741 457115216
7 6237145 457145015
7 6237154 457142507
7 6237415 457060300
7 6237451 457204994
7 6237514 457044846
7 6237541 457175637
7 6241357 457246771
7 6241375 457209317
7 6241537 457141244
7 6241573 456985725
7 6241735 457003144
7 6241753 457005133
7 6243157 457224346
7 6243175 457195623
7 6243517 457325276
7 6243571 457311267
7 6243715 457138045
7 6243751 457205312
7 6245137 457226045
7 6245173 457087499
7 6245317 457239066
7 6245371 457210680
7 6245713 457101164
7 6245731 457106021
7 6247135 456989609
7 6247153 456969266
7 6247315 456964086
7 6247351 457049468
7 6247513 457018238
7 6247531 457046917
7 6251347 457142708
7 6251374 456993897
7 6251437 457223966
7 6251473 457006913
7 6251734 457052600
7 6251743 457060181
7 6253147 457060416
7 6253174 456984034
7 6253417 457239066
7 6253471 457216385
7 6253714 456964086
7 6253741 457035117
7 6254137 457145038
7 6254173 457044262
7 6254317 457306718
7 6254371 457305552
7 6254713 457076106
7 6254731 457103554
7 6257134 457072533
7 6257143 457080570
7 6257314 456984984
7 6257341 457114335
7 6257413 457016579
7 6257431 457125252
7 6271345 457214713
7 6271354 457190125
7 6271435 457199573
7 6271453 457172027
7 6271534 457173516
7 6271543 457217519
7 6273145 457122264
7 6273154 457100166
7 6273415 457101164
7 6273451 457334935
7 6273514 457018238
7 6273541 457206327
7 6274135 457030023
7 6274153 457020731
7 6274315 457076106
7 6274351 457196837
7 6274513 457123599
7 6274531 457220286
7 6275134 457091107
7 6275143 457095924
7 6275314 457016579
7 6275341 457207250
7 6275413 457100844
7 6275431 457228908
7 6312457 457318998
7 6312475 457218093
7 6312547 457311317
7 6312574 457175729
7 6312745 457261184
7 6312754 457263388
7 6314257 457247451
7 6314275 457201733
7 6314527 457145986
7 6314572 457084285
7 6314725 456979974
7 6314752 456991120
7 6315247 457137812
7 6315274 457014774
7 6315427 457206868
7 6315472 457077632
7 6315724 456968245
7 6315742 456996960
7 6317245 457073807
7 6317254 457069279
7 6317425 456996075
7 6317452 457074733
7 6317524 456994486
7 6317542 457092379
7 6321457 457411603
7 6321475 457310910
7 6321547 457412753
7 6321574 457216152
7 6321745 457296601
7 6321754 457308020
7 6324157 457231807
7 6324175 457199067
7 6324517 457314484
7 6324571 457302793
7 6324715 457135636
7 6324751 457191523
7 6325147 457208123
7 6325174 457064064
7 6325417 457309424
7 6325471 457302092
7 6325714 457059233
7 6325741 457102065
7 6327145 457172488
7 6327154 457184333
7 6327415 457059233
7 6327451 457189674
7 6327514 457064146
7 6327541 457198075
7 6341257 457316405
7 6341275 457303486
7 6341527 457227454
7 6341572 457082813
7 6341725 457079558
7 6341752 457074733
7 6342157 457318276
7 6342175 457304023
7 6342517 457241192
7 6342571 457224433
7 6342715 457185444
7 6342751 457192620
7 6345127 457520759
7 6345172 457315587
7 6345217 457520440
7 6345271 457408705
7 6345712 457423622
7 6345721 457423622
7 6347125 457166676
7 6347152 457068693
7 6347215 457155395
7 6347251 457096663
7 6347512 457261856
7 6347521 457261856
7 6351247 457238826
7 6351274 457097659
7 6351427 457155712
7 6351472 457015318
7 6351724 457017482
7 6351742 456983757
7 6352147 457158814
7 6352174 457093463
7 6352417 457271908
7 6352471 457233708
7 6352714 457004614
7 6352741 457043393
7 6354127 457336574
7 6354172 457192645
7 6354217 457343238
7 6354271 457241680
7 6354712 457323830
7 6354721 457323830
7 6357124 457138865
7 6357142 457030080
7 6357214 457099238
7 6357241 457075466
7 6357412 457174608
7 6357421 457174608
7 6371245 457177231
7 6371254 457167995
7 6371425 457026668
7 6371452 457068693
7 6371524 457000017
7 6371542 457099002
7 6372145 457177991
7 6372154 457180977
7 6372415 457021352
7 6372451 457130348
7 6372514 457029629
7 6372541 457124510
7 6374125 457098852
7 6374152 457051826
7 6374215 457113572
7 6374251 457061736
7 6374512 457343416
7 6374521 457343416
7 6375124 457143394
7 6375142 457042394
7 6375214 457104903
7 6375241 457092413
7 6375412 457258426
7 6375421 457258426
7 6412357 457326088
7 6412375 457301883
7 6412537 457151271
7 6412573 457065204
7 6412735 457084732
7 6412753 457100777
7 6413257 457239271
7 6413275 457227558
7 6413527 457060682
7 6413572 457005673
7 6413725 457011595
7 6413752 456996960
7 6415237 457237979
7 6415273 457025002
7 6415327 457166229
7 6415372 457015204
7 6415723 457086611
7 6415732 457078320
7 6417235 457093348
7 6417253 456992723
7 6417325 457057760
7 6417352 456983757
7 6417523 457101486
7 6417532 457101314
7 6421357 457239331
7 6421375 457227175
7 6421537 457231794
7 6421573 457104611
7 6421735 457095786
7 6421753 457205607
7 6423157 457326250
7 6423175 457322751
7 6423517 457241192
7 6423571 457232323
7 6423715 457185444
7 6423751 457202638
7 6425137 457166461
7 6425173 457007541
7 6425317 457271908
7 6425371 457233985
7 6425713 457021352
7 6425731 457047084
7 6427135 457005504
7 6427153 457096457
7 6427315 457004614
7 6427351 457038354
7 6427513 457029629
7 6427531 457133230
7 6431257 457318440
7 6431275 457314839
7 6431527 457144949
7 6431572 457078851
7 6431725 457087510
7 6431752 457092379
7 6432157 457438221
7 6432175 457433784
7 6432517 457319836
7 6432571 457314436
7 6432715 457302030
7 6432751 457307681
7 6435127 457338128
7 6435172 457201931
7 6435217 457347109
7 6435271 457252274
7 6435712 457330763
7 6435721 457330763
7 6437125 457181169
7 6437152 457099002
7 6437215 457197669
7 6437251 457196649
7 6437512 457318264
7 6437521 457318264
7 6451237 457520763
7 6451273 457281503
7 6451327 457419062
7 6451372 457206781
7 6451723 457296609
7 6451732 457264733
7 6452137 457419063
7 6452173 457273741
7 6452317 457540236
7 6452371 457422601
7 6452713 457195123
7 6452731 457236711
7 6453127 457522279
7 6453172 457309111
7 6453217 457541034
7 6453271 457426333
7 6453712 457423653
7 6453721 457423653
7 6457123 457450770
7 6457132 457416920
7 6457213 457416920
7 6457231 457451549
7 6457312 457450770
7 6457321 457450770
7 6471235 457235141
7 6471253 457111417
7 6471325 457192078
7 6471352 457030080
7 6471523 457134201
7 6471532 457132087
7 6472135 457192549
7 6472153 457123501
7 6472315 457195123
7 6472351 457152566
7 6472513 457126919
7 6472531 457150029
7 6473125 457194517
7 6473152 457042394
7 6473215 457224559
7 6473251 457135026
7 6473512 457266496
7 6473521 457266496
7 6475123 457458849
7 6475132 457419793
7 6475213 457419793
7 6475231 457459783
7 6475312 457458849
7 6475321 457458849
7 6512347 457523716
7 6512374 457287686
7 6512437 457404926
7 6512473 457185761
7 6512734 457263797
7 6512743 457249875
7 6513247 457412290
7 6513274 457263230
7 6513427 457321095
7 6513472 457173759
7 6513724 457089677
7 6513742 457078320
7 6514237 457330407
7 6514273 457103824
7 6514327 457410781
7 6514372 457185275
7 6514723 457172893
7 6514732 457191611
7 6517234 457323544
7 6517243 457274641
7 6517324 457273404
7 6517342 457264733
7 6517423 457263055
7 6517432 457283577
7 6521347 457403770
7 6521374 457260501
7 6521437 457402065
7 6521473 457170669
7 6521734 457254979
7 6521743 457255798
7 6523147 457325551
7 6523174 457262586
7 6523417 457520440
7 6523471 457412012
7 6523714 457155395
7 6523741 457192869
7 6524137 457346098
7 6524173 457116432
7 6524317 457343238
7 6524371 457312107
7 6524713 457113572
7 6524731 457127415
7 6527134 457181890
7 6527143 457183605
7 6527314 457099238
7 6527341 457227228
7 6527413 457104903
7 6527431 457186239
7 6531247 457326083
7 6531274 457264148
7 6531427 457338297
7 6531472 457114599
7 6531724 457089268
7 6531742 457101314
7 6532147 457406632
7 6532174 457310033
7 6532417 457347109
7 6532471 457305742
7 6532714 457197669
7 6532741 457196152
7 6534127 457529480
7 6534172 457309948
7 6534217 457533726
7 6534271 457426381
7 6534712 457417322
7 6534721 457417322
7 6537124 457194606
7 6537142 457132087
7 6537214 457199845
7 6537241 457149354
7 6537412 457273169
7 6537421 457273169
7 6541237 457525005
7 6541273 457288445
7 6541327 457438930
7 6541372 457231859
7 6541723 457299680
7 6541732 457283577
7 6542137 457430759
7 6542173 457297052
7 6542317 457541034
7 6542371 457430277
7 6542713 457224559
7 6542731 457246242
7 6543127 457545084
7 6543172 457338906
7 6543217 457647966
7 6543271 457535995
7 6543712 457519519
7 6543721 457519519
7 6547123 457522012
7 6547132 457496956
7 6547213 457496956
7 6547231 457522543
7 6547312 457522012
7 6547321 457522012
7 6571234 457549070
7 6571243 457499462
7 6571324 457505270
7 6571342 457416920
7 6571423 457418106
7 6571432 457496956
7 6572134 457499462
7 6572143 457498886
7 6572314 457416920
7 6572341 457550366
7 6572413 457419793
7 6572431 457423216
7 6573124 457418106
7 6573142 457419793
7 6573214 457496956
7 6573241 457423216
7 6573412 457550186
7 6573421 457550186
7 6574123 457549070
7 6574132 457459680
7 6574213 457459680
7 6574231 457552670
7 6574312 457549070
7 6574321 457549070
7 6712345 457647966
7 6712354 457529449
7 6712435 457526091
7 6712453 457425861
7 6712534 457418153
7 6712543 457508569
7 6713245 457526091
7 6713254 457522043
7 6713425 457341745
7 6713452 457423622
7 6713524 457347302
7 6713542 457330763
7 6714235 457353265
7 6714253 457346346
7 6714325 457505450
7 6714352 457323830
7 6714523 457415141
7 6714532 457417322
7 6715234 457428086
7 6715243 457337823
7 6715324 457337931
7 6715342 457423653
7 6715423 457416262
7 6715432 457519519
7 6721345 457529449
7 6721354 457502254
7 6721435 457522043
7 6721453 457409112
7 6721534 457409343
7 6721543 457508708
7 6723145 457425861
7 6723154 457409112
7 6723415 457423622
7 6723451 457653299
7 6723514 457261856
7 6723541 457433071
7 6724135 457346346
7 6724153 457254559
7 6724315 457323830
7 6724351 457445262
7 6724513 457343416
7 6724531 457357562
7 6725134 457256970
7 6725143 457329347
7 6725314 457174608
7 6725341 457358177
7 6725413 457258426
7 6725431 457417592
7 6731245 457418153
7 6731254 457409343
7 6731425 457347302
7 6731452 457261856
7 6731524 457251547
7 6731542 457318264
7 6732145 457508569
7 6732154 457508708
7 6732415 457330763
7 6732451 457433071
7 6732514 457318264
7 6732541 457427108
7 6734125 457415141
7 6734152 457343416
7 6734215 457417322
7 6734251 457357562
7 6734512 457653600
7 6734521 457653600
7 6735124 457354821
7 6735142 457266496
7 6735214 457273169
7 6735241 457372820
7 6735412 457456802
7 6735421 457456802
7 6741235 457428086
7 6741253 457256970
7 6741325 457337931
7 6741352 457174608
7 6741523 457354821
7 6741532 457273169
7 6742135 457337823
7 6742153 457329347
7 6742315 457423653
7 6742351 457358177
7 6742513 457266496
7 6742531 457372820
7 6743125 457416262
7 6743152 457258426
7 6743215 457519519
7 6743251 457417592
7 6743512 457456802
7 6743521 457456802
7 6745123 457652221
7 6745132 457550186
7 6745213 457550186
7 6745231 457656206
7 6745312 457652221
7 6745321 457652221
7 6751234 457647966
7 6751243 457529879
7 6751324 457537896
7 6751342 457450770
7 6751423 457451277
7 6751432 457522012
7 6752134 457529879
7 6752143 457526480
7 6752314 457450770
7 6752341 457653181
7 6752413 457458849
7 6752431 457467610
7 6753124 457451277
7 6753142 457458849
7 6753214 457522012
7 6753241 457467610
7 6753412 457652221
7 6753421 457652221
7 6754123 457647966
7 6754132 457549070
7 6754213 457549070
7 6754231 457651865
7 6754312 457647966
7 6754321 457647966
7 7123456 457647966
7 7123465 457545084
7 7123546 457541034
7 7123564 457438930
7 7123645 457430759
7 7123654 457525005
7 7124356 457533726
7 7124365 457529480
7 7124536 457343238
7 7124563 457410781
7 7124635 457346098
7 7124653 457330407
7 7125346 457347109
7 7125364 457338297
7 7125436 457520440
7 7125463 457321095
7 7125634 457402065
7 7125643 457404926
7 7126345 457406632
7 7126354 457326083
7 7126435 457325551
7 7126453 457412290
7 7126534 457403770
7 7126543 457523716
7 7132456 457541034
7 7132465 457522279
7 7132546 457540236
7 7132564 457419062
7 7132645 457419063
7 7132654 457520763
7 7134256 457343238
7 7134265 457336574
7 7134526 457306718
7 7134562 457434217
7 7134625 457145038
7 7134652 457302793
7 7135246 457271908
7 7135264 457155712
7 7135426 457239066
7 7135462 457311267
7 7135624 457223966
7 7135642 457232323
7 7136245 457158814
7 7136254 457238826
7 7136425 457060416
7 7136452 457224433
7 7136524 457142708
7 7136542 457314436
7 7142356 457347109
7 7142365 457338128
7 7142536 457271908
7 7142563 457166229
7 7142635 457166461
7 7142653 457237979
7 7143256 457520440
7 7143265 457520759
7 7143526 457239066
7 7143562 457303268
7 7143625 457226045
7 7143652 457302092
7 7145236 457309424
7 7145263 457206868
7 7145326 457313810
7 7145362 457216385
7 7145623 457412556
7 7145632 457412012
7 7146235 457208123
7 7146253 457137812
7 7146325 457146954
7 7146352 457233708
7 7146523 457297197
7 7146532 457305742
7 7152346 457319836
7 7152364 457144949
7 7152436 457241192
7 7152463 457060682
7 7152634 457231794
7 7152643 457151271
7 7153246 457241192
7 7153264 457227454
7 7153426 457325276
7 7153462 457210680
7 7153624 457141244
7 7153642 457233985
7 7154236 457314484
7 7154263 457145986
7 7154326 457519004
7 7154362 457305552
7 7154623 457296523
7 7154632 457312107
7 7156234 457412753
7 7156243 457311317
7 7156324 457311112
7 7156342 457422601
7 7156423 457404681
7 7156432 457430277
7 7162345 457438221
7 7162354 457318440
7 7162435 457326250
7 7162453 457239271
7 7162534 457239331
7 7162543 457326088
7 7163245 457318276
7 7163254 457316405
7 7163425 457224346
7 7163452 457408705
7 7163524 457246771
7 7163542 457252274
7 7164235 457231807
7 7164253 457247451
7 7164325 457321989
7 7164352 457241680
7 7164523 457422214
7 7164532 457426381
7 7165234 457411603
7 7165243 457318998
7 7165324 457326220
7 7165342 457426333
7 7165423 457429019
7 7165432 457535995
7 7213456 457545084
7 7213465 457516196
7 7213546 457522279
7 7213564 457418184
7 7213645 457416994
7 7213654 457514609
7 7214356 457529480
7 7214365 457536297
7 7214536 457336574
7 7214563 457397701
7 7214635 457330398
7 7214653 457320394
7 7215346 457338128
7 7215364 457330402
7 7215436 457520759
7 7215463 457319829
7 7215634 457400161
7 7215643 457403617
7 7216345 457397600
7 7216354 457324095
7 7216435 457325486
7 7216453 457411385
7 7216534 457403282
7 7216543 457523750
7 7231456 457438930
7 7231465 457418184
7 7231546 457419062
7 7231564 457375962
7 7231645 457374452
7 7231654 457420053
7 7234156 457410781
7 7234165 457397701
7 7234516 457434217
7 7234561 457652871
7 7234615 457234399
7 7234651 457443501
7 7235146 457166229
7 7235164 457126332
7 7235416 457303268
7 7235461 457434470
7 7235614 457204994
7 7235641 457327334
7 7236145 457172908
7 7236154 457204725
7 7236415 457115216
7 7236451 457327334
7 7236514 457175637
7 7236541 457405687
7 7241356 457338297
7 7241365 457330402
7 7241536 457155712
7 7241563 457126332
7 7241635 457126511
7 7241653 457129347
7 7243156 457321095
7 7243165 457319829
7 7243516 457311267
7 7243561 457434470
7 7243615 457205312
7 7243651 457426708
7 7245136 457206868
7 7245163 457187582
7 7245316 457216385
7 7245361 457247895
7 7245613 457334935
7 7245631 457342121
7 7246135 457135029
7 7246153 457038026
7 7246315 457035117
7 7246351 457253043
7 7246513 457206327
7 7246531 457235411
7 7251346 457144949
7 7251364 457058910
7 7251436 457227454
7 7251463 457043041
7 7251634 457125829
7 7251643 457117430
7 7253146 457060682
7 7253164 457043041
7 7253416 457210680
7 7253461 457247895
7 7253614 457049468
7 7253641 457253043
7 7254136 457145986
7 7254163 457081335
7 7254316 457305552
7 7254361 457396090
7 7254613 457196837
7 7254631 457229243
7 7256134 457209696
7 7256143 457202038
7 7256314 457114335
7 7256341 457319830
7 7256413 457207250
7 7256431 457319972
7 7261345 457230301
7 7261354 457204606
7 7261435 457219137
7 7261453 457206477
7 7261534 457215793
7 7261543 457320171
7 7263145 457126427
7 7263154 457112009
7 7263415 457106021
7 7263451 457342121
7 7263514 457046917
7 7263541 457235411
7 7264135 457047324
7 7264153 457054524
7 7264315 457103554
7 7264351 457229243
7 7264513 457220286
7 7264531 457326719
7 7265134 457186046
7 7265143 457204830
7 7265314 457125252
7 7265341 457319972
7 7265413 457228908
7 7265431 457424814
7 7312456 457430759
7 7312465 457416994
7 7312546 457419063
7 7312564 457374452
7 7312645 457374866
7 7312654 457420006
7 7314256 457346098
7 7314265 457330398
7 7314526 457145038
7 7314562 457234399
7 7314625 457059434
7 7314652 457191523
7 7315246 457166461
7 7315264 457126511
7 7315426 457226045
7 7315462 457205312
7 7315624 457117605
7 7315642 457202638
7 7316245 457118072
7 7316254 457126176
7 7316425 457043539
7 7316452 457192620
7 7316524 457107556
7 7316542 457307681
7 7321456 457525005
7 7321465 457514609
7 7321546 457520763
7 7321564 457420053
7 7321645 457420006
7 7321654 457523128
7 7324156 457330407
7 7324165 457320394
7 7324516 457302793
7 7324561 457443501
7 7324615 457191523
7 7324651 457394357
7 7325146 457237979
7 7325164 457129347
7 7325416 457302092
7 7325461 457426708
7 7325614 457189674
7 7325641 457304079
7 7326145 457202960
7 7326154 457299352
7 7326415 457102065
7 7326451 457304079
7 7326514 457198075
7 7326541 457405958
7 7341256 457402065
7 7341265 457400161
7 7341526 457223966
7 7341562 457204994
7 7341625 457117605
7 7341652 457189674
7 7342156 457404926
7 7342165 457403617
7 7342516 457232323
7 7342561 457327334
7 7342615 457202638
7 7342651 457304079
7 7345126 457412556
7 7345162 457334935
7 7345216 457412012
7 7345261 457342121
7 7345612 457653299
7 7345621 457653299
7 7346125 457216362
7 7346152 457130348
7 7346215 457192869
7 7346251 457166918
7 7346512 457433071
7 7346521 457433071
7 7351246 457231794
7 7351264 457125829
7 7351426 457141244
7 7351462 457049468
7 7351624 457117265
7 7351642 457038354
7 7352146 457151271
7 7352164 457117430
7 7352416 457233985
7 7352461 457253043
7 7352614 457038354
7 7352641 457161084
7 7354126 457296523
7 7354162 457196837
7 7354216 457312107
7 7354261 457229243
7 7354612 457445262
7 7354621 457445262
7 7356124 457327552
7 7356142 457152566
7 7356214 457227228
7 7356241 457270010
7 7356412 457358177
7 7356421 457358177
7 7361245 457207387
7 7361254 457202175
7 7361425 457055671
7 7361452 457096663
7 7361524 457043955
7 7361542 457196649
7 7362145 457187449
7 7362154 457210053
7 7362415 457047084
7 7362451 457166918
7 7362514 457133230
7 7362541 457224291
7 7364125 457115748
7 7364152 457061736
7 7364215 457127415
7 7364251 457080844
7 7364512 457357562
7 7364521 457357562
7 7365124 457220842
7 7365142 457135026
7 7365214 457186239
7 7365241 457178227
7 7365412 457417592
7 7365421 457417592
7 7412356 457406632
7 7412365 457397600
7 7412536 457158814
7 7412563 457172908
7 7412635 457118072
7 7412653 457202960
7 7413256 457325551
7 7413265 457325486
7 7413526 457060416
7 7413562 457115216
7 7413625 457043539
7 7413652 457102065
7 7415236 457208123
7 7415263 457135029
7 7415326 457146954
7 7415362 457035117
7 7415623 457216362
7 7415632 457192869
7 7416235 457200677
7 7416253 457031128
7 7416325 457083003
7 7416352 457043393
7 7416523 457193102
7 7416532 457196152
7 7421356 457326083
7 7421365 457324095
7 7421536 457238826
7 7421563 457204725
7 7421635 457126176
7 7421653 457299352
7 7423156 457412290
7 7423165 457411385
7 7423516 457224433
7 7423561 457327334
7 7423615 457192620
7 7423651 457304079
7 7425136 457137812
7 7425163 457038026
7 7425316 457233708
7 7425361 457253043
7 7425613 457130348
7 7425631 457166918
7 7426135 457031128
7 7426153 457110956
7 7426315 457043393
7 7426351 457161084
7 7426513 457124510
7 7426531 457224291
7 7431256 457403770
7 7431265 457403282
7 7431526 457142708
7 7431562 457175637
7 7431625 457107556
7 7431652 457198075
7 7432156 457523716
7 7432165 457523750
7 7432516 457314436
7 7432561 457405687
7 7432615 457307681
7 7432651 457405958
7 7435126 457297197
7 7435162 457206327
7 7435216 457305742
7 7435261 457235411
7 7435612 457433071
7 7435621 457433071
7 7436125 457193102
7 7436152 457124510
7 7436215 457196152
7 7436251 457224291
7 7436512 457427108
7 7436521 457427108
7 7451236 457412753
7 7451263 457209696
7 7451326 457311112
7 7451362 457114335
7 7451623 457327552
7 7451632 457227228
7 7452136 457311317
7 7452163 457202038
7 7452316 457422601
7 7452361 457319830
7 7452613 457152566
7 7452631 457270010
7 7453126 457404681
7 7453162 457207250
7 7453216 457430277
7 7453261 457319972
7 7453612 457358177
7 7453621 457358177
7 7456123 457653181
7 7456132 457550366
7 7456213 457550366
7 7456231 457657176
7 7456312 457653181
7 7456321 457653181
7 7461235 457346938
7 7461253 457140578
7 7461325 457224797
7 7461352 457075466
7 7461523 457159395
7 7461532 457149354
7 7462135 457234594
7 7462153 457148897
7 7462315 457236711
7 7462351 457270010
7 7462513 457150029
7 7462531 457184933
7 7463125 457223197
7 7463152 457092413
7 7463215 457246242
7 7463251 457178227
7 7463512 457372820
7 7463521 457372820
7 7465123 457467610
7 7465132 457423216
7 7465213 457423216
7 7465231 457468699
7 7465312 457467610
7 7465321 457467610
7 7512346 457438221
7 7512364 457230301
7 7512436 457318276
7 7512463 457126427
7 7512634 457207387
7 7512643 457187449
7 7513246 457326250
7 7513264 457219137
7 7513426 457224346
7 7513462 457106021
7 7513624 457055671
7 7513642 457047084
7 7514236 457231807
7 7514263 457047324
7 7514326 457321989
7 7514362 457103554
7 7514623 457115748
7 7514632 457127415
7 7516234 457346938
7 7516243 457234594
7 7516324 457224797
7 7516342 457236711
7 7516423 457223197
7 7516432 457246242
7 7521346 457318440
7 7521364 457204606
7 7521436 457316405
7 7521463 457112009
7 7521634 457202175
7 7521643 457210053
7 7523146 457239271
7 7523164 457206477
7 7523416 457408705
7 7523461 457342121
7 7523614 457096663
7 7523641 457166918
7 7524136 457247451
7 7524163 457054524
7 7524316 457241680
7 7524361 457229243
7 7524613 457061736
7 7524631 457080844
7 7526134 457140578
7 7526143 457148897
7 7526314 457075466
7 7526341 457270010
7 7526413 457092413
7 7526431 457178227
7 7531246 457239331
7 7531264 457215793
7 7531426 457246771
7 7531462 457046917
7 7531624 457043955
7 7531642 457133230
7 7532146 457326088
7 7532164 457320171
7 7532416 457252274
7 7532461 457235411
7 7532614 457196649
7 7532641 457224291
7 7534126 457422214
7 7534162 457220286
7 7534216 457426381
7 7534261 457326719
7 7534612 457357562
7 7534621 457357562
7 7536124 457159395
7 7536142 457150029
7 7536214 457149354
7 7536241 457184933
7 7536412 457372820
7 7536421 457372820
7 7541236 457411603
7 7541263 457186046
7 7541326 457326220
7 7541362 457125252
7 7541623 457220842
7 7541632 457186239
7 7542136 457318998
7 7542163 457204830
7 7542316 457426333
7 7542361 457319972
7 7542613 457135026
7 7542631 457178227
7 7543126 457429019
7 7543162 457228908
7 7543216 457535995
7 7543261 457424814
7 7543612 457417592
7 7543621 457417592
7 7546123 457467610
7 7546132 457423216
7 7546213 457423216
7 7546231 457468699
7 7546312 457467610
7 7546321 457467610
7 7561234 457651865
7 7561243 457530569
7 7561324 457538655
7 7561342 457451549
7 7561423 457452042
7 7561432 457522543
7 7562134 457530569
7 7562143 457527086
7 7562314 457451549
7 7562341 457657176
7 7562413 457459783
7 7562431 457468699
7 7563124 457452042
7 7563142 457459783
7 7563214 457522543
7 7563241 457468699
7 7563412 457656206
7 7563421 457656206
7 7564123 457651865
7 7564132 457552670
7 7564213 457552670
7 7564231 457655768
7 7564312 457651865
7 7564321 457651865
7 7612345 457647966
7 7612354 457529449
7 7612435 457526091
7 7612453 457425861
7 7612534 457418153
7 7612543 457508569
7 7613245 457526091
7 7613254 457522043
7 7613425 457341745
7 7613452 457423622
7 7613524 457347302
7 7613542 457330763
7 7614235 457353265
7 7614253 457346346
7 7614325 457505450
7 7614352 457323830
7 7614523 457415141
7 7614532 457417322
7 7615234 457428086
7 7615243 457337823
7 7615324 457337931
7 7615342 457423653
7 7615423 457416262
7 7615432 457519519
7 7621345 457529449
7 7621354 457502254
7 7621435 457522043
7 7621453 457409112
7 7621534 457409343
7 7621543 457508708
7 7623145 457425861
7 7623154 457409112
7 7623415 457423622
7 7623451 457653299
7 7623514 457261856
7 7623541 457433071
7 7624135 457346346
7 7624153 457254559
7 7624315 457323830
7 7624351 457445262
7 7624513 457343416
7 7624531 457357562
7 7625134 457256970
7 7625143 457329347
7 7625314 457174608
7 7625341 457358177
7 7625413 457258426
7 7625431 457417592
7 7631245 457418153
7 7631254 457409343
7 7631425 457347302
7 7631452 457261856
7 7631524 457251547
7 7631542 457318264
7 7632145 457508569
7 7632154 457508708
7 7632415 457330763
7 7632451 457433071
7 7632514 457318264
7 7632541 457427108
7 7634125 457415141
7 7634152 457343416
7 7634215 457417322
7 7634251 457357562
7 7634512 457653600
7 7634521 457653600
7 7635124 457354821
7 7635142 457266496
7 7635214 457273169
7 7635241 457372820
7 7635412 457456802
7 7635421 457456802
7 7641235 457428086
7 7641253 457256970
7 7641325 457337931
7 7641352 457174608
7 7641523 457354821
7 7641532 457273169
7 7642135 457337823
7 7642153 457329347
7 7642315 457423653
7 7642351 457358177
7 7642513 457266496
7 7642531 457372820
7 7643125 457416262
7 7643152 457258426
7 7643215 457519519
7 7643251 457417592
7 7643512 457456802
7 7643521 457456802
7 7645123 457652221
7 7645132 457550186
7 7645213 457550186
7 7645231 457656206
7 7645312 457652221
7 7645321 457652221
7 7651234 457647966
7 7651243 457529879
7 7651324 457537896
7 7651342 457450770
7 7651423 457451277
7 7651432 457522012
7 7652134 457529879
7 7652143 457526480
7 7652314 457450770
7 7652341 457653181
7 7652413 457458849
7 7652431 457467610
7 7653124 457451277
7 7653142 457458849
7 7653214 457522012
7 7653241 457467610
7 7653412 457652221
7 7653421 457652221
7 7654123 457647966
7 7654132 457549070
7 7654213 457549070
7 7654231 457651865
7 7654312 457647966
7 7654321 457647966
