3 123 742900
3 132 742900
3 213 742900
3 231 742900
3 312 742900
3 321 742900
4 1234 167078577
4 1243 167078577
4 1324 173453058
4 1342 144640291
4 1423 144640291
4 1432 167078577
4 2134 167078577
4 2143 167078577
4 2314 144640291
4 2341 167078577
4 2413 144640291
4 2431 144640291
4 3124 144640291
4 3142 144640291
4 3214 167078577
4 3241 144640291
4 3412 167078577
4 3421 167078577
4 4123 167078577
4 4132 144640291
4 4213 144640291
4 4231 173453058
4 4312 167078577
4 4321 167078577
5 12345 1705985883
5 12354 1705985883
5 12435 1713999264
5 12453 1648198050
5 12534 1648198050
5 12543 1705985883
5 13245 1713999264
5 13254 1713999264
5 13425 1633997788
5 13452 1632480259
5 13524 1621031261
5 13542 1609282391
5 14235 1633997788
5 14253 1621031261
5 14325 1720317763
5 14352 1610345257
5 14523 1638327423
5 14532 1642533692
5 15234 1632480259
5 15243 1609282391
5 15324 1610345257
5 15342 1653484169
5 15423 1642533692
5 15432 1705985883
5 21345 1705985883
5 21354 1705985883
5 21435 1713999264
5 21453 1648198050
5 21534 1648198050
5 21543 1705985883
5 23145 1648198050
5 23154 1648198050
5 23415 1632480259
5 23451 1705985883
5 23514 1573625606
5 23541 1642533692
5 24135 1621031261
5 24153 1563027614
5 24315 1610345257
5 24351 1653484169
5 24513 1599499163
5 24531 1609282391
5 25134 1573625606
5 25143 1599499163
5 25314 1535336290
5 25341 1610345257
5 25413 1573625606
5 25431 1632480259
5 31245 1648198050
5 31254 1648198050
5 31425 1621031261
5 31452 1573625606
5 31524 1563027614
5 31542 1599499163
5 32145 1705985883
5 32154 1705985883
5 32415 1609282391
5 32451 1642533692
5 32514 1599499163
5 32541 1638327423
5 34125 1638327423
5 34152 1599499163
5 34215 1642533692
5 34251 1609282391
5 34512 1705985883
5 34521 1705985883
5 35124 1599499163
5 35142 1563027614
5 35214 1573625606
5 35241 1621031261
5 35412 1648198050
5 35421 1648198050
5 41235 1632480259
5 41253 1573625606
5 41325 1610345257
5 41352 1535336290
5 41523 1599499163
5 41532 1573625606
5 42135 1609282391
5 42153 1599499163
5 42315 1653484169
5 42351 1610345257
5 42513 1563027614
5 42531 1621031261
5 43125 1642533692
5 43152 1573625606
5 43215 1705985883
5 43251 1632480259
5 43512 1648198050
5 43521 1648198050
5 45123 1705985883
5 45132 1648198050
5 45213 1648198050
5 45231 1713999264
5 45312 1705985883
5 45321 1705985883
5 51234 1705985883
5 51243 1642533692
5 51324 1653484169
5 51342 1610345257
5 51423 1609282391
5 51432 1632480259
5 52134 1642533692
5 52143 1638327423
5 52314 1610345257
5 52341 1720317763
5 52413 1621031261
5 52431 1633997788
5 53124 1609282391
5 53142 1621031261
5 53214 1632480259
5 53241 1633997788
5 53412 1713999264
5 53421 1713999264
5 54123 1705985883
5 54132 1648198050
5 54213 1648198050
5 54231 1713999264
5 54312 1705985883
5 54321 1705985883
6 123456 4285711539
6 123465 4285711539
6 123546 4287463122
6 123564 4263835226
6 123645 4263835226
6 123654 4285711539
6 124356 4287714933
6 124365 4287714933
6 124536 4251825654
6 124563 4254440625
6 124635 4247668287
6 124653 4244551397
6 125346 4251825654
6 125364 4247668287
6 125436 4288807961
6 125463 4244177992
6 125634 4256538668
6 125643 4257714472
6 126345 4254440625
6 126354 4244551397
6 126435 4244177992
6 126453 4261176879
6 126534 4257714472
6 126543 4285711539
6 132456 4287463122
6 132465 4287463122
6 132546 4289275672
6 132564 4264851198
6 132645 4264851198
6 132654 4287463122
6 134256 4251825654
6 134265 4251825654
6 134526 4238356352
6 134562 4257662673
6 134625 4210829457
6 134652 4235745683
6 135246 4237033335
6 135264 4212878644
6 135426 4231706047
6 135462 4238685864
6 135624 4220677595
6 135642 4222785946
6 136245 4215125173
6 136254 4230065514
6 136425 4195044876
6 136452 4222898097
6 136524 4209556420
6 136542 4240494356
6 142356 4251825654
6 142365 4251825654
6 142536 4237033335
6 142563 4215125173
6 142635 4212878644
6 142653 4230065514
6 143256 4288807961
6 143265 4288807961
6 143526 4231706047
6 143562 4236663538
6 143625 4226876096
6 143652 4236457905
6 145236 4242515875
6 145263 4217480451
6 145326 4244106715
6 145362 4220969553
6 145623 4254793376
6 145632 4254737523
6 146235 4217480451
6 146253 4207965651
6 146325 4211746829
6 146352 4227536396
6 146523 4234388512
6 146532 4237699434
6 152346 4238356352
6 152364 4210829457
6 152436 4231706047
6 152463 4195044876
6 152634 4220677595
6 152643 4209556420
6 153246 4231706047
6 153264 4226876096
6 153426 4248706650
6 153462 4219203870
6 153624 4208958649
6 153642 4226683998
6 154236 4244106715
6 154263 4211746829
6 154326 4288724966
6 154362 4239553405
6 154623 4234247739
6 154632 4240374886
6 156234 4254793376
6 156243 4234388512
6 156324 4234247739
6 156342 4259833494
6 156423 4253200195
6 156432 4262083904
6 162345 4257662673
6 162354 4235745683
6 162435 4238685864
6 162453 4222898097
6 162534 4222785946
6 162543 4240494356
6 163245 4236663538
6 163254 4236457905
6 163425 4219203870
6 163452 4254499026
6 163524 4226683998
6 163542 4228783126
6 164235 4220969553
6 164253 4227536396
6 164325 4239553405
6 164352 4225705196
6 164523 4259833494
6 164532 4261608876
6 165234 4254737523
6 165243 4237699434
6 165324 4240374886
6 165342 4261608876
6 165423 4262083904
6 165432 4285711539
6 213456 4285711539
6 213465 4285711539
6 213546 4287463122
6 213564 4263835226
6 213645 4263835226
6 213654 4285711539
6 214356 4287714933
6 214365 4287714933
6 214536 4251825654
6 214563 4254440625
6 214635 4247668287
6 214653 4244551397
6 215346 4251825654
6 215364 4247668287
6 215436 4288807961
6 215463 4244177992
6 215634 4256538668
6 215643 4257714472
6 216345 4254440625
6 216354 4244551397
6 216435 4244177992
6 216453 4261176879
6 216534 4257714472
6 216543 4285711539
6 231456 4263835226
6 231465 4263835226
6 231546 4264851198
6 231564 4247979687
6 231645 4247979687
6 231654 4263835226
6 234156 4254440625
6 234165 4254440625
6 234516 4257662673
6 234561 4285711539
6 234615 4219429467
6 234651 4262083904
6 235146 4215125173
6 235164 4199166986
6 235416 4236663538
6 235461 4261608876
6 235614 4210939717
6 235641 4237699434
6 236145 4204451446
6 236154 4215281546
6 236415 4197123246
6 236451 4240374886
6 236514 4205451702
6 236541 4254737523
6 241356 4247668287
6 241365 4247668287
6 241536 4212878644
6 241563 4199166986
6 241635 4199662660
6 241653 4203321016
6 243156 4244177992
6 243165 4244177992
6 243516 4238685864
6 243561 4261608876
6 243615 4216547637
6 243651 4259833494
6 245136 4217480451
6 245163 4207023563
6 245316 4220969553
6 245361 4228783126
6 245613 4237068330
6 245631 4240494356
6 246135 4199533391
6 246153 4182234187
6 246315 4183546547
6 246351 4226683998
6 246513 4214621645
6 246531 4222785946
6 251346 4210829457
6 251364 4195279276
6 251436 4226876096
6 251463 4188396553
6 251634 4199181271
6 251643 4197192540
6 253146 4195044876
6 253164 4188396553
6 253416 4219203870
6 253461 4225705196
6 253614 4186900037
6 253641 4227536396
6 254136 4211746829
6 254163 4186742785
6 254316 4239553405
6 254361 4254499026
6 254613 4211830420
6 254631 4222898097
6 256134 4212456675
6 256143 4209355110
6 256314 4193473860
6 256341 4236457905
6 256413 4212037347
6 256431 4235745683
6 261345 4219429467
6 261354 4212037347
6 261435 4216547637
6 261453 4211830420
6 261534 4214621645
6 261543 4237068330
6 263145 4197123246
6 263154 4193473860
6 263415 4189804829
6 263451 4239553405
6 263514 4183546547
6 263541 4220969553
6 264135 4183546547
6 264153 4186900037
6 264315 4189804829
6 264351 4219203870
6 264513 4216547637
6 264531 4238685864
6 265134 4205451702
6 265143 4210939717
6 265314 4197123246
6 265341 4236663538
6 265413 4219429467
6 265431 4257662673
6 312456 4263835226
6 312465 4263835226
6 312546 4264851198
6 312564 4247979687
6 312645 4247979687
6 312654 4263835226
6 314256 4247668287
6 314265 4247668287
6 314526 4210829457
6 314562 4219429467
6 314625 4195279276
6 314652 4212037347
6 315246 4212878644
6 315264 4199662660
6 315426 4226876096
6 315462 4216547637
6 315624 4199181271
6 315642 4214621645
6 316245 4199166986
6 316254 4203321016
6 316425 4188396553
6 316452 4211830420
6 316524 4197192540
6 316542 4237068330
6 321456 4285711539
6 321465 4285711539
6 321546 4287463122
6 321564 4263835226
6 321645 4263835226
6 321654 4285711539
6 324156 4244551397
6 324165 4244551397
6 324516 4235745683
6 324561 4262083904
6 324615 4212037347
6 324651 4253200195
6 325146 4230065514
6 325164 4203321016
6 325416 4236457905
6 325461 4259833494
6 325614 4209355110
6 325641 4234388512
6 326145 4215281546
6 326154 4234641599
6 326415 4193473860
6 326451 4234247739
6 326514 4212456675
6 326541 4254793376
6 341256 4256538668
6 341265 4256538668
6 341526 4220677595
6 341562 4210939717
6 341625 4199181271
6 341652 4209355110
6 342156 4257714472
6 342165 4257714472
6 342516 4222785946
6 342561 4237699434
6 342615 4214621645
6 342651 4234388512
6 345126 4254793376
6 345162 4237068330
6 345216 4254737523
6 345261 4240494356
6 345612 4285711539
6 345621 4285711539
6 346125 4212456675
6 346152 4197192540
6 346215 4205451702
6 346251 4209556420
6 346512 4257714472
6 346521 4257714472
6 351246 4220677595
6 351264 4199181271
6 351426 4208958649
6 351462 4186900037
6 351624 4196017046
6 351642 4182234187
6 352146 4209556420
6 352164 4197192540
6 352416 4226683998
6 352461 4227536396
6 352614 4182234187
6 352641 4207965651
6 354126 4234247739
6 354162 4211830420
6 354216 4240374886
6 354261 4222898097
6 354612 4261176879
6 354621 4261176879
6 356124 4234641599
6 356142 4203321016
6 356214 4215281546
6 356241 4230065514
6 356412 4244551397
6 356421 4244551397
6 361245 4210939717
6 361254 4209355110
6 361425 4186900037
6 361452 4186742785
6 361524 4182234187
6 361542 4207023563
6 362145 4205451702
6 362154 4212456675
6 362415 4183546547
6 362451 4211746829
6 362514 4199533391
6 362541 4217480451
6 364125 4193473860
6 364152 4188396553
6 364215 4197123246
6 364251 4195044876
6 364512 4244177992
6 364521 4244177992
6 365124 4215281546
6 365142 4199166986
6 365214 4204451446
6 365241 4215125173
6 365412 4254440625
6 365421 4254440625
6 412356 4254440625
6 412365 4254440625
6 412536 4215125173
6 412563 4204451446
6 412635 4199166986
6 412653 4215281546
6 413256 4244177992
6 413265 4244177992
6 413526 4195044876
6 413562 4197123246
6 413625 4188396553
6 413652 4193473860
6 415236 4217480451
6 415263 4199533391
6 415326 4211746829
6 415362 4183546547
6 415623 4212456675
6 415632 4205451702
6 416235 4207023563
6 416253 4182234187
6 416325 4186742785
6 416352 4186900037
6 416523 4209355110
6 416532 4210939717
6 421356 4244551397
6 421365 4244551397
6 421536 4230065514
6 421563 4215281546
6 421635 4203321016
6 421653 4234641599
6 423156 4261176879
6 423165 4261176879
6 423516 4222898097
6 423561 4240374886
6 423615 4211830420
6 423651 4234247739
6 425136 4207965651
6 425163 4182234187
6 425316 4227536396
6 425361 4226683998
6 425613 4197192540
6 425631 4209556420
6 426135 4182234187
6 426153 4196017046
6 426315 4186900037
6 426351 4208958649
6 426513 4199181271
6 426531 4220677595
6 431256 4257714472
6 431265 4257714472
6 431526 4209556420
6 431562 4205451702
6 431625 4197192540
6 431652 4212456675
6 432156 4285711539
6 432165 4285711539
6 432516 4240494356
6 432561 4254737523
6 432615 4237068330
6 432651 4254793376
6 435126 4234388512
6 435162 4214621645
6 435216 4237699434
6 435261 4222785946
6 435612 4257714472
6 435621 4257714472
6 436125 4209355110
6 436152 4199181271
6 436215 4210939717
6 436251 4220677595
6 436512 4256538668
6 436521 4256538668
6 451236 4254793376
6 451263 4212456675
6 451326 4234247739
6 451362 4193473860
6 451623 4234641599
6 451632 4215281546
6 452136 4234388512
6 452163 4209355110
6 452316 4259833494
6 452361 4236457905
6 452613 4203321016
6 452631 4230065514
6 453126 4253200195
6 453162 4212037347
6 453216 4262083904
6 453261 4235745683
6 453612 4244551397
6 453621 4244551397
6 456123 4285711539
6 456132 4263835226
6 456213 4263835226
6 456231 4287463122
6 456312 4285711539
6 456321 4285711539
6 461235 4237068330
6 461253 4197192540
6 461325 4211830420
6 461352 4188396553
6 461523 4203321016
6 461532 4199166986
6 462135 4214621645
6 462153 4199181271
6 462315 4216547637
6 462351 4226876096
6 462513 4199662660
6 462531 4212878644
6 463125 4212037347
6 463152 4195279276
6 463215 4219429467
6 463251 4210829457
6 463512 4247668287
6 463521 4247668287
6 465123 4263835226
6 465132 4247979687
6 465213 4247979687
6 465231 4264851198
6 465312 4263835226
6 465321 4263835226
6 512346 4257662673
6 512364 4219429467
6 512436 4236663538
6 512463 4197123246
6 512634 4210939717
6 512643 4205451702
6 513246 4238685864
6 513264 4216547637
6 513426 4219203870
6 513462 4189804829
6 513624 4186900037
6 513642 4183546547
6 514236 4220969553
6 514263 4183546547
6 514326 4239553405
6 514362 4189804829
6 514623 4193473860
6 514632 4197123246
6 516234 4237068330
6 516243 4214621645
6 516324 4211830420
6 516342 4216547637
6 516423 4212037347
6 516432 4219429467
6 521346 4235745683
6 521364 4212037347
6 521436 4236457905
6 521463 4193473860
6 521634 4209355110
6 521643 4212456675
6 523146 4222898097
6 523164 4211830420
6 523416 4254499026
6 523461 4239553405
6 523614 4186742785
6 523641 4211746829
6 524136 4227536396
6 524163 4186900037
6 524316 4225705196
6 524361 4219203870
6 524613 4188396553
6 524631 4195044876
6 526134 4197192540
6 526143 4199181271
6 526314 4188396553
6 526341 4226876096
6 526413 4195279276
6 526431 4210829457
6 531246 4222785946
6 531264 4214621645
6 531426 4226683998
6 531462 4183546547
6 531624 4182234187
6 531642 4199533391
6 532146 4240494356
6 532164 4237068330
6 532416 4228783126
6 532461 4220969553
6 532614 4207023563
6 532641 4217480451
6 534126 4259833494
6 534162 4216547637
6 534216 4261608876
6 534261 4238685864
6 534612 4244177992
6 534621 4244177992
6 536124 4203321016
6 536142 4199662660
6 536214 4199166986
6 536241 4212878644
6 536412 4247668287
6 536421 4247668287
6 541236 4254737523
6 541263 4205451702
6 541326 4240374886
6 541362 4197123246
6 541623 4215281546
6 541632 4204451446
6 542136 4237699434
6 542163 4210939717
6 542316 4261608876
6 542361 4236663538
6 542613 4199166986
6 542631 4215125173
6 543126 4262083904
6 543162 4219429467
6 543216 4285711539
6 543261 4257662673
6 543612 4254440625
6 543621 4254440625
6 546123 4263835226
6 546132 4247979687
6 546213 4247979687
6 546231 4264851198
6 546312 4263835226
6 546321 4263835226
6 561234 4285711539
6 561243 4257714472
6 561324 4261176879
6 561342 4244177992
6 561423 4244551397
6 561432 4254440625
6 562134 4257714472
6 562143 4256538668
6 562314 4244177992
6 562341 4288807961
6 562413 4247668287
6 562431 4251825654
6 563124 4244551397
6 563142 4247668287
6 563214 4254440625
6 563241 4251825654
6 563412 4287714933
6 563421 4287714933
6 564123 4285711539
6 564132 4263835226
6 564213 4263835226
6 564231 4287463122
6 564312 4285711539
6 564321 4285711539
6 612345 4285711539
6 612354 4262083904
6 612435 4261608876
6 612453 4240374886
6 612534 4237699434
6 612543 4254737523
6 613245 4261608876
6 613254 4259833494
6 613425 4225705196
6 613452 4239553405
6 613524 4227536396
6 613542 4220969553
6 614235 4228783126
6 614253 4226683998
6 614325 4254499026
6 614352 4219203870
6 614523 4236457905
6 614532 4236663538
6 615234 4240494356
6 615243 4222785946
6 615324 4222898097
6 615342 4238685864
6 615423 4235745683
6 615432 4257662673
6 621345 4262083904
6 621354 4253200195
6 621435 4259833494
6 621453 4234247739
6 621534 4234388512
6 621543 4254793376
6 623145 4240374886
6 623154 4234247739
6 623415 4239553405
6 623451 4288724966
6 623514 4211746829
6 623541 4244106715
6 624135 4226683998
6 624153 4208958649
6 624315 4219203870
6 624351 4248706650
6 624513 4226876096
6 624531 4231706047
6 625134 4209556420
6 625143 4220677595
6 625314 4195044876
6 625341 4231706047
6 625413 4210829457
6 625431 4238356352
6 631245 4237699434
6 631254 4234388512
6 631425 4227536396
6 631452 4211746829
6 631524 4207965651
6 631542 4217480451
6 632145 4254737523
6 632154 4254793376
6 632415 4220969553
6 632451 4244106715
6 632514 4217480451
6 632541 4242515875
6 634125 4236457905
6 634152 4226876096
6 634215 4236663538
6 634251 4231706047
6 634512 4288807961
6 634521 4288807961
6 635124 4230065514
6 635142 4212878644
6 635214 4215125173
6 635241 4237033335
6 635412 4251825654
6 635421 4251825654
6 641235 4240494356
6 641253 4209556420
6 641325 4222898097
6 641352 4195044876
6 641523 4230065514
6 641532 4215125173
6 642135 4222785946
6 642153 4220677595
6 642315 4238685864
6 642351 4231706047
6 642513 4212878644
6 642531 4237033335
6 643125 4235745683
6 643152 4210829457
6 643215 4257662673
6 643251 4238356352
6 643512 4251825654
6 643521 4251825654
6 645123 4287463122
6 645132 4264851198
6 645213 4264851198
6 645231 4289275672
6 645312 4287463122
6 645321 4287463122
6 651234 4285711539
6 651243 4257714472
6 651324 4261176879
6 651342 4244177992
6 651423 4244551397
6 651432 4254440625
6 652134 4257714472
6 652143 4256538668
6 652314 4244177992
6 652341 4288807961
6 652413 4247668287
6 652431 4251825654
6 653124 4244551397
6 653142 4247668287
6 653214 4254440625
6 653241 4251825654
6 653412 4287714933
6 653421 4287714933
6 654123 4285711539
6 654132 4263835226
6 654213 4263835226
6 654231 4287463122
6 654312 4285711539
6 654321 4285711539
7 1234567 5763075506
7 1234576 5763075506
7 1234657 5763222079
7 1234675 5760176702
7 1234756 5760176702
7 1234765 5763075506
7 1235467 5763240379
7 1235476 5763240379
7 1235647 5757974016
7 1235674 5759176331
7 1235746 5757627778
7 1235764 5757349273
7 1236457 5757974016
7 1236475 5757627778
7 1236547 5763294331
7 1236574 5757320061
7 1236745 5759353863
7 1236754 5759471442
7 1237456 5759176331
7 1237465 5757349273
7 1237546 5757320061
7 1237564 5759777336
7 1237645 5759471442
7 1237654 5763075506
7 1243567 5763240379
7 1243576 5763240379
7 1243657 5763391254
7 1243675 5760236970
7 1243756 5760236970
7 1243765 5763240379
7 1245367 5757640794
7 1245376 5757640794
7 1245637 5756186505
7 1245673 5759042809
7 1245736 5751831878
7 1245763 5756045336
7 1246357 5755297420
7 1246375 5752130034
7 1246537 5754769573
7 1246573 5756314076
7 1246735 5753664350
7 1246753 5753930826
7 1247356 5752356932
7 1247365 5754642759
7 1247536 5749491746
7 1247563 5753937528
7 1247635 5751750277
7 1247653 5756547318
7 1253467 5757640794
7 1253476 5757640794
7 1253647 5755297420
7 1253674 5752356932
7 1253746 5752130034
7 1253764 5754642759
7 1254367 5763318841
7 1254376 5763318841
7 1254637 5754737963
7 1254673 5756099663
7 1254736 5754229412
7 1254763 5756048081
7 1256347 5756569955
7 1256374 5753265700
7 1256437 5756760225
7 1256473 5753682216
7 1256734 5758662686
7 1256743 5758652905
7 1257346 5753265700
7 1257364 5751588580
7 1257436 5751948351
7 1257463 5754314401
7 1257634 5755806253
7 1257643 5756148314
7 1263457 5756186505
7 1263475 5751831878
7 1263547 5754769573
7 1263574 5749491746
7 1263745 5753664350
7 1263754 5751750277
7 1264357 5754737963
7 1264375 5754229412
7 1264537 5757222741
7 1264573 5753442154
7 1264735 5751684429
7 1264753 5754261497
7 1265347 5756760225
7 1265374 5751948351
7 1265437 5763306646
7 1265473 5756374823
7 1265734 5755791757
7 1265743 5756431896
7 1267345 5758662686
7 1267354 5755806253
7 1267435 5755791757
7 1267453 5759183779
7 1267534 5758444350
7 1267543 5759449766
7 1273456 5759042809
7 1273465 5756045336
7 1273546 5756314076
7 1273564 5753937528
7 1273645 5753930826
7 1273654 5756547318
7 1274356 5756099663
7 1274365 5756048081
7 1274536 5753442154
7 1274563 5758555205
7 1274635 5754261497
7 1274653 5754504805
7 1275346 5753682216
7 1275364 5754314401
7 1275436 5756374823
7 1275463 5754083888
7 1275634 5759183779
7 1275643 5759336230
7 1276345 5758652905
7 1276354 5756148314
7 1276435 5756431896
7 1276453 5759336230
7 1276534 5759449766
7 1276543 5763075506
7 1324567 5763222079
7 1324576 5763222079
7 1324657 5763369003
7 1324675 5760310388
7 1324756 5760310388
7 1324765 5763222079
7 1325467 5763391254
7 1325476 5763391254
7 1325647 5758031805
7 1325674 5759208167
7 1325746 5757678623
7 1325764 5757391769
7 1326457 5758031805
7 1326475 5757678623
7 1326547 5763446116
7 1326574 5757363907
7 1326745 5759388937
7 1326754 5759510643
7 1327456 5759208167
7 1327465 5757391769
7 1327546 5757363907
7 1327564 5759819201
7 1327645 5759510643
7 1327654 5763222079
7 1342567 5757974016
7 1342576 5757974016
7 1342657 5758031805
7 1342675 5756360170
7 1342756 5756360170
7 1342765 5757974016
7 1345267 5756186505
7 1345276 5756186505
7 1345627 5756324671
7 1345672 5759658647
7 1345726 5750706288
7 1345762 5756465682
7 1346257 5749687306
7 1346275 5748077633
7 1346527 5753305090
7 1346572 5756385067
7 1346725 5749853887
7 1346752 5753228378
7 1347256 5749297890
7 1347265 5750522801
7 1347526 5747681796
7 1347562 5753488676
7 1347625 5749224233
7 1347652 5755860902
7 1352467 5755297420
7 1352476 5755297420
7 1352647 5749921907
7 1352674 5748586903
7 1352746 5748624503
7 1352764 5748992427
7 1354267 5754737963
7 1354276 5754737963
7 1354627 5753539286
7 1354672 5756389654
7 1354726 5750433904
7 1354762 5756234146
7 1356247 5750641620
7 1356274 5749544956
7 1356427 5750988738
7 1356472 5751499162
7 1356724 5753247893
7 1356742 5753488351
7 1357246 5747983289
7 1357264 5745478623
7 1357426 5745573969
7 1357462 5751333392
7 1357624 5750193780
7 1357642 5751059710
7 1362457 5749687306
7 1362475 5747301473
7 1362547 5752323832
7 1362574 5746653960
7 1362745 5748562705
7 1362754 5748303146
7 1364257 5746880013
7 1364275 5746174580
7 1364527 5750786635
7 1364572 5751123941
7 1364725 5745851472
7 1364752 5751367135
7 1365247 5749274923
7 1365274 5746716800
7 1365427 5754169111
7 1365472 5755772684
7 1365724 5749881841
7 1365742 5751057848
7 1367245 5750067835
7 1367254 5749775824
7 1367425 5747220791
7 1367452 5753161173
7 1367524 5749839925
7 1367542 5753210758
7 1372456 5751369615
7 1372465 5750578544
7 1372546 5751049662
7 1372564 5750610821
7 1372645 5750944971
7 1372654 5754304232
7 1374256 5747794825
7 1374265 5747419009
7 1374526 5746901441
7 1374562 5753330903
7 1374625 5745592779
7 1374652 5750785697
7 1375246 5745581752
7 1375264 5745914668
7 1375426 5747028238
7 1375462 5750514536
7 1375624 5750365532
7 1375642 5753504358
7 1376245 5749295055
7 1376254 5749993529
7 1376425 5747743187
7 1376452 5753203053
7 1376524 5750772040
7 1376542 5756843229
7 1423567 5757974016
7 1423576 5757974016
7 1423657 5758031805
7 1423675 5756360170
7 1423756 5756360170
7 1423765 5757974016
7 1425367 5755297420
7 1425376 5755297420
7 1425637 5749687306
7 1425673 5751369615
7 1425736 5747301473
7 1425763 5750578544
7 1426357 5749921907
7 1426375 5748624503
7 1426537 5752323832
7 1426573 5751049662
7 1426735 5748562705
7 1426753 5750944971
7 1427356 5748586903
7 1427365 5748992427
7 1427536 5746653960
7 1427563 5750610821
7 1427635 5748303146
7 1427653 5754304232
7 1432567 5763294331
7 1432576 5763294331
7 1432657 5763446116
7 1432675 5760255594
7 1432756 5760255594
7 1432765 5763294331
7 1435267 5754769573
7 1435276 5754769573
7 1435627 5753305090
7 1435672 5756535533
7 1435726 5749989188
7 1435762 5755613476
7 1436257 5752323832
7 1436275 5748754503
7 1436527 5753354768
7 1436572 5756255866
7 1436725 5749771280
7 1436752 5752956033
7 1437256 5750738702
7 1437265 5753648423
7 1437526 5747346636
7 1437562 5752944158
7 1437625 5750054521
7 1437652 5755924833
7 1452367 5756569955
7 1452376 5756569955
7 1452637 5750641620
7 1452673 5749579874
7 1452736 5747706302
7 1452763 5749480148
7 1453267 5756760225
7 1453276 5756760225
7 1453627 5750988738
7 1453672 5752778929
7 1453726 5749944266
7 1453762 5752458902
7 1456237 5755703839
7 1456273 5752777177
7 1456327 5755684551
7 1456372 5753058808
7 1456723 5759200372
7 1456732 5759197456
7 1457236 5749623419
7 1457263 5747049166
7 1457326 5748858113
7 1457362 5748294480
7 1457623 5755538084
7 1457632 5755565471
7 1462357 5750641620
7 1462375 5747706302
7 1462537 5749089281
7 1462573 5745507796
7 1462735 5747175600
7 1462753 5745042411
7 1463257 5749274923
7 1463275 5747951936
7 1463527 5751674761
7 1463572 5750890955
7 1463725 5745283412
7 1463752 5748155200
7 1465237 5752771191
7 1465273 5749398361
7 1465327 5753630663
7 1465372 5750523554
7 1465723 5755844095
7 1465732 5755895714
7 1467235 5752516634
7 1467253 5747722842
7 1467325 5749847427
7 1467352 5751094855
7 1467523 5753387947
7 1467532 5753492089
7 1472356 5749579874
7 1472365 5749480148
7 1472536 5745507796
7 1472563 5746239843
7 1472635 5745042411
7 1472653 5749759795
7 1473256 5749525060
7 1473265 5750344212
7 1473526 5745193132
7 1473562 5748454455
7 1473625 5748077771
7 1473652 5750020460
7 1475236 5746880631
7 1475263 5745453898
7 1475326 5747336081
7 1475362 5746038812
7 1475623 5753458397
7 1475632 5753464616
7 1476235 5749756841
7 1476253 5747425411
7 1476325 5748772603
7 1476352 5748900475
7 1476523 5755366957
7 1476532 5755722769
7 1523467 5756186505
7 1523476 5756186505
7 1523647 5749687306
7 1523674 5749297890
7 1523746 5748077633
7 1523764 5750522801
7 1524367 5754737963
7 1524376 5754737963
7 1524637 5746880013
7 1524673 5747794825
7 1524736 5746174580
7 1524763 5747419009
7 1526347 5750641620
7 1526374 5747983289
7 1526437 5749274923
7 1526473 5745581752
7 1526734 5750067835
7 1526743 5749295055
7 1527346 5749544956
7 1527364 5745478623
7 1527436 5746716800
7 1527463 5745914668
7 1527634 5749775824
7 1527643 5749993529
7 1532467 5754769573
7 1532476 5754769573
7 1532647 5752323832
7 1532674 5750738702
7 1532746 5748754503
7 1532764 5753648423
7 1534267 5757222741
7 1534276 5757222741
7 1534627 5750786635
7 1534672 5752997075
7 1534726 5749627976
7 1534762 5752425830
7 1536247 5749089281
7 1536274 5745303338
7 1536427 5751674761
7 1536472 5750901242
7 1536724 5747446319
7 1536742 5748620287
7 1537246 5745303338
7 1537264 5747451787
7 1537426 5745709290
7 1537462 5748276312
7 1537624 5747713891
7 1537642 5750844367
7 1542367 5756760225
7 1542376 5756760225
7 1542637 5749274923
7 1542673 5749525060
7 1542736 5747951936
7 1542763 5750344212
7 1543267 5763306646
7 1543276 5763306646
7 1543627 5754169111
7 1543672 5755889547
7 1543726 5753861815
7 1543762 5755918591
7 1546237 5752771191
7 1546273 5749746069
7 1546327 5753630663
7 1546372 5750816612
7 1546723 5755558626
7 1546732 5755629623
7 1547236 5749304432
7 1547263 5747404624
7 1547326 5749930064
7 1547362 5750557953
7 1547623 5755439693
7 1547632 5755544031
7 1562347 5755703839
7 1562374 5749623419
7 1562437 5752771191
7 1562473 5746880631
7 1562734 5752516634
7 1562743 5749756841
7 1563247 5752771191
7 1563274 5749304432
7 1563427 5756492089
7 1563472 5752657971
7 1563724 5747830654
7 1563742 5751048323
7 1564237 5755329645
7 1564273 5749394949
7 1564327 5757072767
7 1564372 5752634198
7 1564723 5753256969
7 1564732 5753659670
7 1567234 5759172607
7 1567243 5756124954
7 1567324 5756125590
7 1567342 5759111453
7 1567423 5758851147
7 1567432 5759270540
7 1572346 5752777177
7 1572364 5747049166
7 1572436 5749398361
7 1572463 5745453898
7 1572634 5747722842
7 1572643 5747425411
7 1573246 5749746069
7 1573264 5747404624
7 1573426 5749885253
7 1573462 5750607991
7 1573624 5747747752
7 1573642 5749181799
7 1574236 5749394949
7 1574263 5746047407
7 1574326 5750934052
7 1574362 5748416222
7 1574623 5753663015
7 1574632 5754249751
7 1576234 5756124954
7 1576243 5754538220
7 1576324 5754518233
7 1576342 5756137170
7 1576423 5756032840
7 1576432 5756571236
7 1623457 5756324671
7 1623475 5750706288
7 1623547 5753305090
7 1623574 5747681796
7 1623745 5749853887
7 1623754 5749224233
7 1624357 5753539286
7 1624375 5750433904
7 1624537 5750786635
7 1624573 5746901441
7 1624735 5745851472
7 1624753 5745592779
7 1625347 5750988738
7 1625374 5745573969
7 1625437 5754169111
7 1625473 5747028238
7 1625734 5747220791
7 1625743 5747743187
7 1627345 5753247893
7 1627354 5750193780
7 1627435 5749881841
7 1627453 5750365532
7 1627534 5749839925
7 1627543 5750772040
7 1632457 5753305090
7 1632475 5749989188
7 1632547 5753354768
7 1632574 5747346636
7 1632745 5749771280
7 1632754 5750054521
7 1634257 5750786635
7 1634275 5749627976
7 1634527 5755370686
7 1634572 5752718283
7 1634725 5746155180
7 1634752 5748404608
7 1635247 5751674761
7 1635274 5745709290
7 1635427 5751468220
7 1635472 5750041931
7 1635724 5745429685
7 1635742 5746052266
7 1637245 5747446319
7 1637254 5747713891
7 1637425 5745429685
7 1637452 5750675863
7 1637524 5746016322
7 1637542 5748406945
7 1642357 5750988738
7 1642375 5749944266
7 1642537 5751674761
7 1642573 5745193132
7 1642735 5745283412
7 1642753 5748077771
7 1643257 5754169111
7 1643275 5753861815
7 1643527 5751468220
7 1643572 5750223733
7 1643725 5749254428
7 1643752 5749955272
7 1645237 5756492089
7 1645273 5749885253
7 1645327 5756776705
7 1645372 5752964248
7 1645723 5753230852
7 1645732 5753297194
7 1647235 5747830654
7 1647253 5747747752
7 1647325 5747738400
7 1647352 5748799641
7 1647523 5753663411
7 1647532 5753956762
7 1652347 5755684551
7 1652374 5748858113
7 1652437 5753630663
7 1652473 5747336081
7 1652734 5749847427
7 1652743 5748772603
7 1653247 5753630663
7 1653274 5749930064
7 1653427 5756776705
7 1653472 5752660508
7 1653724 5747738400
7 1653742 5749167310
7 1654237 5757072767
7 1654273 5750934052
7 1654327 5763281380
7 1654372 5756696045
7 1654723 5755373024
7 1654732 5755881444
7 1657234 5756125590
7 1657243 5754518233
7 1657324 5754596439
7 1657342 5756137019
7 1657423 5756091819
7 1657432 5756879825
7 1672345 5759200372
7 1672354 5755538084
7 1672435 5755844095
7 1672453 5753458397
7 1672534 5753387947
7 1672543 5755366957
7 1673245 5755558626
7 1673254 5755439693
7 1673425 5753230852
7 1673452 5759111701
7 1673524 5753663411
7 1673542 5753944325
7 1674235 5753256969
7 1674253 5753663015
7 1674325 5755373024
7 1674352 5753866303
7 1674523 5759685982
7 1674532 5759448493
7 1675234 5758851147
7 1675243 5756032840
7 1675324 5756091819
7 1675342 5759189984
7 1675423 5758932186
7 1675432 5760025870
7 1723456 5759658647
7 1723465 5756465682
7 1723546 5756385067
7 1723564 5753488676
7 1723645 5753228378
7 1723654 5755860902
7 1724356 5756389654
7 1724365 5756234146
7 1724536 5751123941
7 1724563 5753330903
7 1724635 5751367135
7 1724653 5750785697
7 1725346 5751499162
7 1725364 5751333392
7 1725436 5755772684
7 1725463 5750514536
7 1725634 5753161173
7 1725643 5753203053
7 1726345 5753488351
7 1726354 5751059710
7 1726435 5751057848
7 1726453 5753504358
7 1726534 5753210758
7 1726543 5756843229
7 1732456 5756535533
7 1732465 5755613476
7 1732546 5756255866
7 1732564 5752944158
7 1732645 5752956033
7 1732654 5755924833
7 1734256 5752997075
7 1734265 5752425830
7 1734526 5752718283
7 1734562 5759013294
7 1734625 5748404608
7 1734652 5753055229
7 1735246 5750901242
7 1735264 5748276312
7 1735426 5750041931
7 1735462 5753446565
7 1735624 5750675863
7 1735642 5751155956
7 1736245 5748620287
7 1736254 5750844367
7 1736425 5746052266
7 1736452 5751155956
7 1736524 5748406945
7 1736542 5753341095
7 1742356 5752778929
7 1742365 5752458902
7 1742536 5750890955
7 1742563 5748454455
7 1742635 5748155200
7 1742653 5750020460
7 1743256 5755889547
7 1743265 5755918591
7 1743526 5750223733
7 1743562 5753022522
7 1743625 5749955272
7 1743652 5752920685
7 1745236 5752657971
7 1745263 5750607991
7 1745326 5752660508
7 1745362 5751051264
7 1745623 5759111701
7 1745632 5759096706
7 1746235 5751048323
7 1746253 5749181799
7 1746325 5749167310
7 1746352 5752295286
7 1746523 5753944325
7 1746532 5754294902
7 1752346 5753058808
7 1752364 5748294480
7 1752436 5750523554
7 1752463 5746038812
7 1752634 5751094855
7 1752643 5748900475
7 1753246 5750816612
7 1753264 5750557953
7 1753426 5752964248
7 1753462 5751051264
7 1753624 5748799641
7 1753642 5752295286
7 1754236 5752634198
7 1754263 5748416222
7 1754326 5756696045
7 1754362 5752837970
7 1754623 5753866303
7 1754632 5754156090
7 1756234 5759111453
7 1756243 5756137170
7 1756324 5756137019
7 1756342 5759836191
7 1756423 5759189984
7 1756432 5759877115
7 1762345 5759197456
7 1762354 5755565471
7 1762435 5755895714
7 1762453 5753464616
7 1762534 5753492089
7 1762543 5755722769
7 1763245 5755629623
7 1763254 5755544031
7 1763425 5753297194
7 1763452 5759096706
7 1763524 5753956762
7 1763542 5754294902
7 1764235 5753659670
7 1764253 5754249751
7 1764325 5755881444
7 1764352 5754156090
7 1764523 5759448493
7 1764532 5759612141
7 1765234 5759270540
7 1765243 5756571236
7 1765324 5756879825
7 1765342 5759877115
7 1765423 5760025870
7 1765432 5763075506
7 2134567 5763075506
7 2134576 5763075506
7 2134657 5763222079
7 2134675 5760176702
7 2134756 5760176702
7 2134765 5763075506
7 2135467 5763240379
7 2135476 5763240379
7 2135647 5757974016
7 2135674 5759176331
7 2135746 5757627778
7 2135764 5757349273
7 2136457 5757974016
7 2136475 5757627778
7 2136547 5763294331
7 2136574 5757320061
7 2136745 5759353863
7 2136754 5759471442
7 2137456 5759176331
7 2137465 5757349273
7 2137546 5757320061
7 2137564 5759777336
7 2137645 5759471442
7 2137654 5763075506
7 2143567 5763240379
7 2143576 5763240379
7 2143657 5763391254
7 2143675 5760236970
7 2143756 5760236970
7 2143765 5763240379
7 2145367 5757640794
7 2145376 5757640794
7 2145637 5756186505
7 2145673 5759042809
7 2145736 5751831878
7 2145763 5756045336
7 2146357 5755297420
7 2146375 5752130034
7 2146537 5754769573
7 2146573 5756314076
7 2146735 5753664350
7 2146753 5753930826
7 2147356 5752356932
7 2147365 5754642759
7 2147536 5749491746
7 2147563 5753937528
7 2147635 5751750277
7 2147653 5756547318
7 2153467 5757640794
7 2153476 5757640794
7 2153647 5755297420
7 2153674 5752356932
7 2153746 5752130034
7 2153764 5754642759
7 2154367 5763318841
7 2154376 5763318841
7 2154637 5754737963
7 2154673 5756099663
7 2154736 5754229412
7 2154763 5756048081
7 2156347 5756569955
7 2156374 5753265700
7 2156437 5756760225
7 2156473 5753682216
7 2156734 5758662686
7 2156743 5758652905
7 2157346 5753265700
7 2157364 5751588580
7 2157436 5751948351
7 2157463 5754314401
7 2157634 5755806253
7 2157643 5756148314
7 2163457 5756186505
7 2163475 5751831878
7 2163547 5754769573
7 2163574 5749491746
7 2163745 5753664350
7 2163754 5751750277
7 2164357 5754737963
7 2164375 5754229412
7 2164537 5757222741
7 2164573 5753442154
7 2164735 5751684429
7 2164753 5754261497
7 2165347 5756760225
7 2165374 5751948351
7 2165437 5763306646
7 2165473 5756374823
7 2165734 5755791757
7 2165743 5756431896
7 2167345 5758662686
7 2167354 5755806253
7 2167435 5755791757
7 2167453 5759183779
7 2167534 5758444350
7 2167543 5759449766
7 2173456 5759042809
7 2173465 5756045336
7 2173546 5756314076
7 2173564 5753937528
7 2173645 5753930826
7 2173654 5756547318
7 2174356 5756099663
7 2174365 5756048081
7 2174536 5753442154
7 2174563 5758555205
7 2174635 5754261497
7 2174653 5754504805
7 2175346 5753682216
7 2175364 5754314401
7 2175436 5756374823
7 2175463 5754083888
7 2175634 5759183779
7 2175643 5759336230
7 2176345 5758652905
7 2176354 5756148314
7 2176435 5756431896
7 2176453 5759336230
7 2176534 5759449766
7 2176543 5763075506
7 2314567 5760176702
7 2314576 5760176702
7 2314657 5760310388
7 2314675 5757549454
7 2314756 5757549454
7 2314765 5760176702
7 2315467 5760236970
7 2315476 5760236970
7 2315647 5756360170
7 2315674 5758168203
7 2315746 5756176230
7 2315764 5756088993
7 2316457 5756360170
7 2316475 5756176230
7 2316547 5760255594
7 2316574 5756026177
7 2316745 5758271090
7 2316754 5758298471
7 2317456 5758168203
7 2317465 5756088993
7 2317546 5756026177
7 2317564 5758545688
7 2317645 5758298471
7 2317654 5760176702
7 2341567 5759176331
7 2341576 5759176331
7 2341657 5759208167
7 2341675 5758168203
7 2341756 5758168203
7 2341765 5759176331
7 2345167 5759042809
7 2345176 5759042809
7 2345617 5759658647
7 2345671 5763075506
7 2345716 5753921276
7 2345761 5760025870
7 2346157 5751369615
7 2346175 5750468316
7 2346517 5756535533
7 2346571 5759877115
7 2346715 5752390758
7 2346751 5756571236
7 2347156 5751876997
7 2347165 5752532907
7 2347516 5750729018
7 2347561 5756879825
7 2347615 5752068588
7 2347651 5759270540
7 2351467 5752356932
7 2351476 5752356932
7 2351647 5748586903
7 2351674 5749587402
7 2351746 5747857176
7 2351764 5749493596
7 2354167 5756099663
7 2354176 5756099663
7 2354617 5756389654
7 2354671 5759612141
7 2354716 5752888590
7 2354761 5759448493
7 2356147 5749579874
7 2356174 5749468321
7 2356417 5752778929
7 2356471 5754294902
7 2356714 5752830232
7 2356741 5755722769
7 2357146 5746780874
7 2357164 5746332559
7 2357416 5747237031
7 2357461 5753956762
7 2357614 5751203716
7 2357641 5753492089
7 2361457 5749297890
7 2361475 5747035423
7 2361547 5750738702
7 2361574 5746739731
7 2361745 5749036184
7 2361754 5748959011
7 2364157 5747794825
7 2364175 5747249158
7 2364517 5752997075
7 2364571 5754156090
7 2364715 5747335050
7 2364751 5754249751
7 2365147 5749525060
7 2365174 5747976811
7 2365417 5755889547
7 2365471 5759096706
7 2365714 5751124774
7 2365741 5753464616
7 2367145 5750894017
7 2367154 5750850836
7 2367415 5748546512
7 2367451 5755544031
7 2367514 5751030740
7 2367541 5755565471
7 2371456 5751876997
7 2371465 5751166324
7 2371546 5751248416
7 2371564 5751522324
7 2371645 5751581393
7 2371654 5753364312
7 2374156 5749282038
7 2374165 5748658113
7 2374516 5749062792
7 2374561 5755881444
7 2374615 5746856151
7 2374651 5753659670
7 2375146 5745939045
7 2375164 5746361095
7 2375416 5748641989
7 2375461 5753297194
7 2375614 5751170879
7 2375641 5755895714
7 2376145 5750605417
7 2376154 5751194312
7 2376415 5749090523
7 2376451 5755629623
7 2376514 5752031066
7 2376541 5759197456
7 2413567 5757627778
7 2413576 5757627778
7 2413657 5757678623
7 2413675 5756176230
7 2413756 5756176230
7 2413765 5757627778
7 2415367 5752130034
7 2415376 5752130034
7 2415637 5748077633
7 2415673 5750468316
7 2415736 5745450684
7 2415763 5749434308
7 2416357 5748624503
7 2416375 5747707685
7 2416537 5748754503
7 2416573 5749464966
7 2416735 5747529150
7 2416753 5749339929
7 2417356 5747857176
7 2417365 5748021017
7 2417536 5744932921
7 2417563 5749318773
7 2417635 5747136286
7 2417653 5750911067
7 2431567 5757320061
7 2431576 5757320061
7 2431657 5757363907
7 2431675 5756026177
7 2431756 5756026177
7 2431765 5757320061
7 2435167 5756314076
7 2435176 5756314076
7 2435617 5756385067
7 2435671 5759877115
7 2435716 5752847486
7 2435761 5759189984
7 2436157 5751049662
7 2436175 5749464966
7 2436517 5756255866
7 2436571 5759836191
7 2436715 5751538264
7 2436751 5756137170
7 2437156 5751248416
7 2437165 5752431602
7 2437516 5749840658
7 2437561 5756137019
7 2437615 5751827499
7 2437651 5759111453
7 2451367 5753265700
7 2451376 5753265700
7 2451637 5749544956
7 2451673 5749468321
7 2451736 5746660787
7 2451763 5748907836
7 2453167 5753682216
7 2453176 5753682216
7 2453617 5751499162
7 2453671 5754294902
7 2453716 5749701750
7 2453761 5753944325
7 2456137 5752777177
7 2456173 5752523658
7 2456317 5753058808
7 2456371 5753341095
7 2456713 5756656805
7 2456731 5756843229
7 2457136 5746431516
7 2457163 5746230754
7 2457316 5745966535
7 2457361 5748406945
7 2457613 5753015220
7 2457631 5753210758
7 2461357 5747983289
7 2461375 5744905899
7 2461537 5745303338
7 2461573 5744007675
7 2461735 5746526366
7 2461753 5743994043
7 2463157 5745581752
7 2463175 5744594934
7 2463517 5750901242
7 2463571 5752295286
7 2463715 5744103437
7 2463751 5749181799
7 2465137 5749746069
7 2465173 5749010973
7 2465317 5750816612
7 2465371 5751155956
7 2465713 5753314840
7 2465731 5753504358
7 2467135 5749771718
7 2467153 5746548647
7 2467315 5746837457
7 2467351 5750844367
7 2467513 5750547167
7 2467531 5751059710
7 2471356 5746780874
7 2471365 5746793583
7 2471536 5743277433
7 2471563 5745161724
7 2471635 5743562582
7 2471653 5746480201
7 2473156 5745939045
7 2473165 5746255246
7 2473516 5744382274
7 2473561 5749167310
7 2473615 5744721157
7 2473651 5751048323
7 2475136 5743674756
7 2475163 5744197539
7 2475316 5744006937
7 2475361 5746052266
7 2475613 5750564083
7 2475631 5751057848
7 2476135 5746694309
7 2476153 5746152409
7 2476315 5745482588
7 2476351 5748620287
7 2476513 5752578270
7 2476531 5753488351
7 2513467 5751831878
7 2513476 5751831878
7 2513647 5747301473
7 2513674 5747035423
7 2513746 5745450684
7 2513764 5748401666
7 2514367 5754229412
7 2514376 5754229412
7 2514637 5746174580
7 2514673 5747249158
7 2514736 5745774098
7 2514763 5746773071
7 2516347 5747706302
7 2516374 5744905899
7 2516437 5747951936
7 2516473 5744594934
7 2516734 5748956952
7 2516743 5748812658
7 2517346 5746660787
7 2517364 5743889380
7 2517436 5745663864
7 2517463 5744815105
7 2517634 5748466291
7 2517643 5748834683
7 2531467 5749491746
7 2531476 5749491746
7 2531647 5746653960
7 2531674 5746739731
7 2531746 5744932921
7 2531764 5748159653
7 2534167 5753442154
7 2534176 5753442154
7 2534617 5751123941
7 2534671 5754156090
7 2534716 5749342552
7 2534761 5753866303
7 2536147 5745507796
7 2536174 5744007675
7 2536417 5750890955
7 2536471 5752295286
7 2536714 5746500592
7 2536741 5748900475
7 2537146 5743277433
7 2537164 5744453053
7 2537416 5744394274
7 2537461 5748799641
7 2537614 5746655279
7 2537641 5751094855
7 2541367 5751948351
7 2541376 5751948351
7 2541637 5746716800
7 2541673 5747976811
7 2541736 5745663864
7 2541763 5748395354
7 2543167 5756374823
7 2543176 5756374823
7 2543617 5755772684
7 2543671 5759096706
7 2543716 5753073132
7 2543761 5759111701
7 2546137 5749398361
7 2546173 5749010973
7 2546317 5750523554
7 2546371 5751155956
7 2546713 5752634580
7 2546731 5753203053
7 2547136 5745812224
7 2547163 5745943790
7 2547316 5746115229
7 2547361 5750675863
7 2547613 5752610764
7 2547631 5753161173
7 2561347 5749623419
7 2561374 5745441037
7 2561437 5749304432
7 2561473 5745236903
7 2561734 5749010911
7 2561743 5748574860
7 2563147 5746880631
7 2563174 5745236903
7 2563417 5752657971
7 2563471 5752920685
7 2563714 5745487349
7 2563741 5750020460
7 2564137 5749394949
7 2564173 5747244965
7 2564317 5752634198
7 2564371 5753055229
7 2564713 5749553093
7 2564731 5750785697
7 2567134 5752786009
7 2567143 5752363126
7 2567314 5750154302
7 2567341 5755924833
7 2567413 5752887036
7 2567431 5755860902
7 2571346 5746431516
7 2571364 5743611206
7 2571436 5745812224
7 2571463 5743685082
7 2571634 5745586643
7 2571643 5745761705
7 2573146 5743674756
7 2573164 5742701357
7 2573416 5745900742
7 2573461 5749955272
7 2573614 5744361349
7 2573641 5748155200
7 2574136 5743487804
7 2574163 5743134997
7 2574316 5746126085
7 2574361 5748404608
7 2574613 5749695028
7 2574631 5751367135
7 2576134 5751165997
7 2576143 5751056584
7 2576314 5748697309
7 2576341 5752956033
7 2576413 5750202575
7 2576431 5753228378
7 2613457 5750706288
7 2613475 5746835831
7 2613547 5749989188
7 2613574 5744468790
7 2613745 5746626256
7 2613754 5746451437
7 2614357 5750433904
7 2614375 5747662841
7 2614537 5749627976
7 2614573 5745885300
7 2614735 5744623573
7 2614753 5744928822
7 2615347 5749944266
7 2615374 5744549372
7 2615437 5753861815
7 2615473 5746780084
7 2615734 5746726923
7 2615743 5747526411
7 2617345 5750217733
7 2617354 5748685671
7 2617435 5748613611
7 2617453 5749590434
7 2617534 5749218561
7 2617543 5750139638
7 2631457 5747681796
7 2631475 5744468790
7 2631547 5747346636
7 2631574 5743296982
7 2631745 5746002365
7 2631754 5745758872
7 2634157 5746901441
7 2634175 5745885300
7 2634517 5752718283
7 2634571 5752837970
7 2634715 5744747912
7 2634751 5748416222
7 2635147 5745193132
7 2635174 5742550061
7 2635417 5750223733
7 2635471 5751051264
7 2635714 5743241714
7 2635741 5746038812
7 2637145 5745292615
7 2637154 5745063990
7 2637415 5744075328
7 2637451 5750557953
7 2637514 5743637025
7 2637541 5748294480
7 2641357 5745573969
7 2641375 5744549372
7 2641537 5745709290
7 2641573 5742550061
7 2641735 5742747780
7 2641753 5743465305
7 2643157 5747028238
7 2643175 5746780084
7 2643517 5750041931
7 2643571 5751051264
7 2643715 5746242452
7 2643751 5750607991
7 2645137 5749885253
7 2645173 5747366258
7 2645317 5752964248
7 2645371 5753446565
7 2645713 5749431678
7 2645731 5750514536
7 2647135 5743983186
7 2647153 5743929535
7 2647315 5743320114
7 2647351 5748276312
7 2647513 5749970293
7 2647531 5751333392
7 2651347 5748858113
7 2651374 5744742387
7 2651437 5749930064
7 2651473 5745296825
7 2651734 5747487432
7 2651743 5747564289
7 2653147 5747336081
7 2653174 5745296825
7 2653417 5752660508
7 2653471 5753022522
7 2653714 5745551523
7 2653741 5748454455
7 2654137 5750934052
7 2654173 5748295219
7 2654317 5756696045
7 2654371 5759013294
7 2654713 5752033129
7 2654731 5753330903
7 2657134 5751070410
7 2657143 5751021785
7 2657314 5748691479
7 2657341 5752944158
7 2657413 5750252454
7 2657431 5753488676
7 2671345 5752294598
7 2671354 5751139003
7 2671435 5751180211
7 2671453 5751392739
7 2671534 5751113729
7 2671543 5752201582
7 2673145 5749045050
7 2673154 5748414352
7 2673415 5748656728
7 2673451 5755918591
7 2673514 5746994074
7 2673541 5752458902
7 2674135 5746522124
7 2674153 5746919629
7 2674315 5748514894
7 2674351 5752425830
7 2674513 5753005625
7 2674531 5756234146
7 2675134 5751640052
7 2675143 5751550432
7 2675314 5749735945
7 2675341 5755613476
7 2675413 5752579913
7 2675431 5756465682
7 2713456 5753921276
7 2713465 5752579913
7 2713546 5752847486
7 2713564 5750252454
7 2713645 5750202575
7 2713654 5752887036
7 2714356 5752888590
7 2714365 5753005625
7 2714536 5749342552
7 2714563 5752033129
7 2714635 5749695028
7 2714653 5749553093
7 2715346 5749701750
7 2715364 5749970293
7 2715436 5753073132
7 2715463 5749431678
7 2715634 5752610764
7 2715643 5752634580
7 2716345 5752578270
7 2716354 5750547167
7 2716435 5750564083
7 2716453 5753314840
7 2716534 5753015220
7 2716543 5756656805
7 2731456 5750729018
7 2731465 5749735945
7 2731546 5749840658
7 2731564 5748691479
7 2731645 5748697309
7 2731654 5750154302
7 2734156 5749062792
7 2734165 5748514894
7 2734516 5749771180
7 2734561 5756696045
7 2734615 5746126085
7 2734651 5752634198
7 2735146 5744382274
7 2735164 5743320114
7 2735416 5748160215
7 2735461 5752964248
7 2735614 5746115229
7 2735641 5750523554
7 2736145 5745482588
7 2736154 5746837457
7 2736415 5744006937
7 2736451 5750816612
7 2736514 5745966535
7 2736541 5753058808
7 2741356 5747237031
7 2741365 5746994074
7 2741536 5744394274
7 2741563 5745551523
7 2741635 5744361349
7 2741653 5745487349
7 2743156 5748641989
7 2743165 5748656728
7 2743516 5748160215
7 2743561 5752660508
7 2743615 5745900742
7 2743651 5752657971
7 2745136 5745900742
7 2745163 5746242452
7 2745316 5748160215
7 2745361 5750041931
7 2745613 5753073132
7 2745631 5755772684
7 2746135 5744721157
7 2746153 5744103437
7 2746315 5744382274
7 2746351 5750901242
7 2746513 5749701750
7 2746531 5751499162
7 2751346 5745966535
7 2751364 5743637025
7 2751436 5746115229
7 2751463 5743241714
7 2751634 5746655279
7 2751643 5746500592
7 2753146 5744006937
7 2753164 5744075328
7 2753416 5748160215
7 2753461 5750223733
7 2753614 5744394274
7 2753641 5750890955
7 2754136 5746126085
7 2754163 5744747912
7 2754316 5749771180
7 2754361 5752718283
7 2754613 5749342552
7 2754631 5751123941
7 2756134 5751827499
7 2756143 5751538264
7 2756314 5749840658
7 2756341 5756255866
7 2756413 5752847486
7 2756431 5756385067
7 2761345 5752031066
7 2761354 5751030740
7 2761435 5751170879
7 2761453 5751124774
7 2761534 5751203716
7 2761543 5752830232
7 2763145 5749090523
7 2763154 5748546512
7 2763415 5748641989
7 2763451 5755889547
7 2763514 5747237031
7 2763541 5752778929
7 2764135 5746856151
7 2764153 5747335050
7 2764315 5749062792
7 2764351 5752997075
7 2764513 5752888590
7 2764531 5756389654
7 2765134 5752068588
7 2765143 5752390758
7 2765314 5750729018
7 2765341 5756535533
7 2765413 5753921276
7 2765431 5759658647
7 3124567 5760176702
7 3124576 5760176702
7 3124657 5760310388
7 3124675 5757549454
7 3124756 5757549454
7 3124765 5760176702
7 3125467 5760236970
7 3125476 5760236970
7 3125647 5756360170
7 3125674 5758168203
7 3125746 5756176230
7 3125764 5756088993
7 3126457 5756360170
7 3126475 5756176230
7 3126547 5760255594
7 3126574 5756026177
7 3126745 5758271090
7 3126754 5758298471
7 3127456 5758168203
7 3127465 5756088993
7 3127546 5756026177
7 3127564 5758545688
7 3127645 5758298471
7 3127654 5760176702
7 3142567 5757627778
7 3142576 5757627778
7 3142657 5757678623
7 3142675 5756176230
7 3142756 5756176230
7 3142765 5757627778
7 3145267 5751831878
7 3145276 5751831878
7 3145627 5750706288
7 3145672 5753921276
7 3145726 5746835831
7 3145762 5752579913
7 3146257 5747301473
7 3146275 5745450684
7 3146527 5749989188
7 3146572 5752847486
7 3146725 5746626256
7 3146752 5750202575
7 3147256 5747035423
7 3147265 5748401666
7 3147526 5744468790
7 3147562 5750252454
7 3147625 5746451437
7 3147652 5752887036
7 3152467 5752130034
7 3152476 5752130034
7 3152647 5748624503
7 3152674 5747857176
7 3152746 5747707685
7 3152764 5748021017
7 3154267 5754229412
7 3154276 5754229412
7 3154627 5750433904
7 3154672 5752888590
7 3154726 5747662841
7 3154762 5753005625
7 3156247 5747706302
7 3156274 5746660787
7 3156427 5749944266
7 3156472 5749701750
7 3156724 5750217733
7 3156742 5752578270
7 3157246 5744905899
7 3157264 5743889380
7 3157426 5744549372
7 3157462 5749970293
7 3157624 5748685671
7 3157642 5750547167
7 3162457 5748077633
7 3162475 5745450684
7 3162547 5748754503
7 3162574 5744932921
7 3162745 5747529150
7 3162754 5747136286
7 3164257 5746174580
7 3164275 5745774098
7 3164527 5749627976
7 3164572 5749342552
7 3164725 5744623573
7 3164752 5749695028
7 3165247 5747951936
7 3165274 5745663864
7 3165427 5753861815
7 3165472 5753073132
7 3165724 5748613611
7 3165742 5750564083
7 3167245 5748956952
7 3167254 5748466291
7 3167425 5746726923
7 3167452 5752610764
7 3167524 5749218561
7 3167542 5753015220
7 3172456 5750468316
7 3172465 5749434308
7 3172546 5749464966
7 3172564 5749318773
7 3172645 5749339929
7 3172654 5750911067
7 3174256 5747249158
7 3174265 5746773071
7 3174526 5745885300
7 3174562 5752033129
7 3174625 5744928822
7 3174652 5749553093
7 3175246 5744594934
7 3175264 5744815105
7 3175426 5746780084
7 3175462 5749431678
7 3175624 5749590434
7 3175642 5753314840
7 3176245 5748812658
7 3176254 5748834683
7 3176425 5747526411
7 3176452 5752634580
7 3176524 5750139638
7 3176542 5756656805
7 3214567 5763075506
7 3214576 5763075506
7 3214657 5763222079
7 3214675 5760176702
7 3214756 5760176702
7 3214765 5763075506
7 3215467 5763240379
7 3215476 5763240379
7 3215647 5757974016
7 3215674 5759176331
7 3215746 5757627778
7 3215764 5757349273
7 3216457 5757974016
7 3216475 5757627778
7 3216547 5763294331
7 3216574 5757320061
7 3216745 5759353863
7 3216754 5759471442
7 3217456 5759176331
7 3217465 5757349273
7 3217546 5757320061
7 3217564 5759777336
7 3217645 5759471442
7 3217654 5763075506
7 3241567 5757349273
7 3241576 5757349273
7 3241657 5757391769
7 3241675 5756088993
7 3241756 5756088993
7 3241765 5757349273
7 3245167 5756045336
7 3245176 5756045336
7 3245617 5756465682
7 3245671 5760025870
7 3245716 5752579913
7 3245761 5758932186
7 3246157 5750578544
7 3246175 5749434308
7 3246517 5755613476
7 3246571 5759189984
7 3246715 5751550432
7 3246751 5756032840
7 3247156 5751166324
7 3247165 5752105619
7 3247516 5749735945
7 3247561 5756091819
7 3247615 5751640052
7 3247651 5758851147
7 3251467 5754642759
7 3251476 5754642759
7 3251647 5748992427
7 3251674 5749493596
7 3251746 5748021017
7 3251764 5749710255
7 3254167 5756048081
7 3254176 5756048081
7 3254617 5756234146
7 3254671 5759448493
7 3254716 5753005625
7 3254761 5759685982
7 3256147 5749480148
7 3256174 5748907836
7 3256417 5752458902
7 3256471 5753944325
7 3256714 5752201582
7 3256741 5755366957
7 3257146 5746793583
7 3257164 5746298956
7 3257416 5746994074
7 3257461 5753663411
7 3257614 5751113729
7 3257641 5753387947
7 3261457 5750522801
7 3261475 5748401666
7 3261547 5753648423
7 3261574 5748159653
7 3261745 5749657259
7 3261754 5749724428
7 3264157 5747419009
7 3264175 5746773071
7 3264517 5752425830
7 3264571 5753866303
7 3264715 5746919629
7 3264751 5753663015
7 3265147 5750344212
7 3265174 5748395354
7 3265417 5755918591
7 3265471 5759111701
7 3265714 5751392739
7 3265741 5753458397
7 3267145 5751173366
7 3267154 5751270538
7 3267415 5748414352
7 3267451 5755439693
7 3267514 5751139003
7 3267541 5755538084
7 3271456 5752532907
7 3271465 5752105619
7 3271546 5752431602
7 3271564 5752564304
7 3271645 5752929825
7 3271654 5756144291
7 3274156 5748658113
7 3274165 5748389279
7 3274516 5748514894
7 3274561 5755373024
7 3274615 5746522124
7 3274651 5753256969
7 3275146 5746255246
7 3275164 5746740748
7 3275416 5748656728
7 3275461 5753230852
7 3275614 5751180211
7 3275641 5755844095
7 3276145 5750903572
7 3276154 5751916226
7 3276415 5749045050
7 3276451 5755558626
7 3276514 5752294598
7 3276541 5759200372
7 3412567 5759353863
7 3412576 5759353863
7 3412657 5759388937
7 3412675 5758271090
7 3412756 5758271090
7 3412765 5759353863
7 3415267 5753664350
7 3415276 5753664350
7 3415627 5749853887
7 3415672 5752390758
7 3415726 5746626256
7 3415762 5751550432
7 3416257 5748562705
7 3416275 5747529150
7 3416527 5749771280
7 3416572 5751538264
7 3416725 5748146014
7 3416752 5751056584
7 3417256 5749036184
7 3417265 5749657259
7 3417526 5746002365
7 3417562 5751021785
7 3417625 5747991409
7 3417652 5752363126
7 3421567 5759471442
7 3421576 5759471442
7 3421657 5759510643
7 3421675 5758298471
7 3421756 5758298471
7 3421765 5759471442
7 3425167 5753930826
7 3425176 5753930826
7 3425617 5753228378
7 3425671 5756571236
7 3425716 5750202575
7 3425761 5756032840
7 3426157 5750944971
7 3426175 5749339929
7 3426517 5752956033
7 3426571 5756137170
7 3426715 5751056584
7 3426751 5754538220
7 3427156 5751581393
7 3427165 5752929825
7 3427516 5748697309
7 3427561 5754518233
7 3427615 5751165997
7 3427651 5756124954
7 3451267 5758662686
7 3451276 5758662686
7 3451627 5753247893
7 3451672 5752830232
7 3451726 5750217733
7 3451762 5752201582
7 3452167 5758652905
7 3452176 5758652905
7 3452617 5753488351
7 3452671 5755722769
7 3452716 5752578270
7 3452761 5755366957
7 3456127 5759200372
7 3456172 5756656805
7 3456217 5759197456
7 3456271 5756843229
7 3456712 5763075506
7 3456721 5763075506
7 3457126 5752294598
7 3457162 5750139638
7 3457216 5752031066
7 3457261 5750772040
7 3457612 5759449766
7 3457621 5759449766
7 3461257 5750067835
7 3461275 5748956952
7 3461527 5747446319
7 3461572 5746500592
7 3461725 5746574975
7 3461752 5745761705
7 3462157 5749295055
7 3462175 5748812658
7 3462517 5748620287
7 3462571 5748900475
7 3462715 5746152409
7 3462751 5747425411
7 3465127 5755558626
7 3465172 5752634580
7 3465217 5755629623
7 3465271 5753203053
7 3465712 5759336230
7 3465721 5759336230
7 3467125 5751916226
7 3467152 5748834683
7 3467215 5751194312
7 3467251 5749993529
7 3467512 5756148314
7 3467521 5756148314
7 3471256 5750894017
7 3471265 5751173366
7 3471526 5745292615
7 3471562 5747564289
7 3471625 5745586389
7 3471652 5748574860
7 3472156 5750605417
7 3472165 5750903572
7 3472516 5745482588
7 3472561 5748772603
7 3472615 5746694309
7 3472651 5749756841
7 3475126 5749045050
7 3475162 5747526411
7 3475216 5749090523
7 3475261 5747743187
7 3475612 5756431896
7 3475621 5756431896
7 3476125 5750903572
7 3476152 5748812658
7 3476215 5750605417
7 3476251 5749295055
7 3476512 5758652905
7 3476521 5758652905
7 3512467 5753664350
7 3512476 5753664350
7 3512647 5748562705
7 3512674 5749036184
7 3512746 5747529150
7 3512764 5749657259
7 3514267 5751684429
7 3514276 5751684429
7 3514627 5745851472
7 3514672 5747335050
7 3514726 5744623573
7 3514762 5746919629
7 3516247 5747175600
7 3516274 5746526366
7 3516427 5745283412
7 3516472 5744103437
7 3516724 5746574975
7 3516742 5746152409
7 3517246 5746526366
7 3517264 5743953472
7 3517426 5742747780
7 3517462 5743929535
7 3517624 5746060534
7 3517642 5746548647
7 3521467 5751750277
7 3521476 5751750277
7 3521647 5748303146
7 3521674 5748959011
7 3521746 5747136286
7 3521764 5749724428
7 3524167 5754261497
7 3524176 5754261497
7 3524617 5751367135
7 3524671 5754249751
7 3524716 5749695028
7 3524761 5753663015
7 3526147 5745042411
7 3526174 5743994043
7 3526417 5748155200
7 3526471 5749181799
7 3526714 5745761705
7 3526741 5747425411
7 3527146 5743562582
7 3527164 5744333879
7 3527416 5744361349
7 3527461 5747747752
7 3527614 5745586643
7 3527641 5747722842
7 3541267 5755791757
7 3541276 5755791757
7 3541627 5749881841
7 3541672 5751124774
7 3541726 5748613611
7 3541762 5751392739
7 3542167 5756431896
7 3542176 5756431896
7 3542617 5751057848
7 3542671 5753464616
7 3542716 5750564083
7 3542761 5753458397
7 3546127 5755844095
7 3546172 5753314840
7 3546217 5755895714
7 3546271 5753504358
7 3546712 5759336230
7 3546721 5759336230
7 3547126 5751180211
7 3547162 5749590434
7 3547216 5751170879
7 3547261 5750365532
7 3547612 5759183779
7 3547621 5759183779
7 3561247 5752516634
7 3561274 5749010911
7 3561427 5747830654
7 3561472 5745487349
7 3561724 5749919178
7 3561742 5746480201
7 3562147 5749756841
7 3562174 5748574860
7 3562417 5751048323
7 3562471 5750020460
7 3562714 5746480201
7 3562741 5749759795
7 3564127 5753256969
7 3564172 5749553093
7 3564217 5753659670
7 3564271 5750785697
7 3564712 5754504805
7 3564721 5754504805
7 3567124 5756144291
7 3567142 5750911067
7 3567214 5753364312
7 3567241 5754304232
7 3567412 5756547318
7 3567421 5756547318
7 3571246 5749771718
7 3571264 5746044991
7 3571426 5743983186
7 3571462 5743465305
7 3571624 5744333879
7 3571642 5743994043
7 3572146 5746694309
7 3572164 5745586389
7 3572416 5744721157
7 3572461 5748077771
7 3572614 5743562582
7 3572641 5745042411
7 3574126 5746522124
7 3574162 5744928822
7 3574216 5746856151
7 3574261 5745592779
7 3574612 5754261497
7 3574621 5754261497
7 3576124 5752929825
7 3576142 5749339929
7 3576214 5751581393
7 3576241 5750944971
7 3576412 5753930826
7 3576421 5753930826
7 3612457 5749853887
7 3612475 5746626256
7 3612547 5749771280
7 3612574 5746002365
7 3612745 5748146014
7 3612754 5747991409
7 3614257 5745851472
7 3614275 5744623573
7 3614527 5746155180
7 3614572 5744747912
7 3614725 5742644764
7 3614752 5743134997
7 3615247 5745283412
7 3615274 5742747780
7 3615427 5749254428
7 3615472 5746242452
7 3615724 5742990375
7 3615742 5744197539
7 3617245 5746574975
7 3617254 5746060534
7 3617425 5742990375
7 3617452 5745943790
7 3617524 5743194535
7 3617542 5746230754
7 3621457 5749224233
7 3621475 5746451437
7 3621547 5750054521
7 3621574 5745758872
7 3621745 5747991409
7 3621754 5748297735
7 3624157 5745592779
7 3624175 5744928822
7 3624517 5748404608
7 3624571 5748416222
7 3624715 5743134997
7 3624751 5746047407
7 3625147 5748077771
7 3625174 5743465305
7 3625417 5749955272
7 3625471 5750607991
7 3625714 5743685082
7 3625741 5745453898
7 3627145 5745586389
7 3627154 5746044991
7 3627415 5742701357
7 3627451 5747404624
7 3627514 5743611206
7 3627541 5747049166
7 3641257 5747220791
7 3641275 5746726923
7 3641527 5745429685
7 3641572 5743241714
7 3641725 5742990375
7 3641752 5743685082
7 3642157 5747743187
7 3642175 5747526411
7 3642517 5746052266
7 3642571 5746038812
7 3642715 5744197539
7 3642751 5745453898
7 3645127 5753230852
7 3645172 5749431678
7 3645217 5753297194
7 3645271 5750514536
7 3645712 5754083888
7 3645721 5754083888
7 3647125 5746740748
7 3647152 5744815105
7 3647215 5746361095
7 3647251 5745914668
7 3647512 5754314401
7 3647521 5754314401
7 3651247 5749847427
7 3651274 5747487432
7 3651427 5747738400
7 3651472 5745551523
7 3651724 5746134011
7 3651742 5745161724
7 3652147 5748772603
7 3652174 5747564289
7 3652417 5749167310
7 3652471 5748454455
7 3652714 5745161724
7 3652741 5746239843
7 3654127 5755373024
7 3654172 5752033129
7 3654217 5755881444
7 3654271 5753330903
7 3654712 5758555205
7 3654721 5758555205
7 3657124 5752564304
7 3657142 5749318773
7 3657214 5751522324
7 3657241 5750610821
7 3657412 5753937528
7 3657421 5753937528
7 3671245 5751916226
7 3671254 5751270538
7 3671425 5746740748
7 3671452 5748395354
7 3671524 5746298956
7 3671542 5748907836
7 3672145 5750903572
7 3672154 5751173366
7 3672415 5746255246
7 3672451 5750344212
7 3672514 5746793583
7 3672541 5749480148
7 3674125 5748389279
7 3674152 5746773071
7 3674215 5748658113
7 3674251 5747419009
7 3674512 5756048081
7 3674521 5756048081
7 3675124 5752105619
7 3675142 5749434308
7 3675214 5751166324
7 3675241 5750578544
7 3675412 5756045336
7 3675421 5756045336
7 3712456 5752390758
7 3712465 5751550432
7 3712546 5751538264
7 3712564 5751021785
7 3712645 5751056584
7 3712654 5752363126
7 3714256 5747335050
7 3714265 5746919629
7 3714526 5744747912
7 3714562 5748295219
7 3714625 5743134997
7 3714652 5747244965
7 3715246 5744103437
7 3715264 5743929535
7 3715426 5746242452
7 3715462 5747366258
7 3715624 5745943790
7 3715642 5749010973
7 3716245 5746152409
7 3716254 5746548647
7 3716425 5744197539
7 3716452 5749010973
7 3716524 5746230754
7 3716542 5752523658
7 3721456 5752068588
7 3721465 5751640052
7 3721546 5751827499
7 3721564 5751070410
7 3721645 5751165997
7 3721654 5752786009
7 3724156 5746856151
7 3724165 5746522124
7 3724516 5746126085
7 3724561 5750934052
7 3724615 5743487804
7 3724651 5749394949
7 3725146 5744721157
7 3725164 5743983186
7 3725416 5745900742
7 3725461 5749885253
7 3725614 5745812224
7 3725641 5749398361
7 3726145 5746694309
7 3726154 5749771718
7 3726415 5743674756
7 3726451 5749746069
7 3726514 5746431516
7 3726541 5752777177
7 3741256 5748546512
7 3741265 5748414352
7 3741526 5744075328
7 3741562 5745296825
7 3741625 5742701357
7 3741652 5745236903
7 3742156 5749090523
7 3742165 5749045050
7 3742516 5744006937
7 3742561 5747336081
7 3742615 5743674756
7 3742651 5746880631
7 3745126 5748656728
7 3745162 5746780084
7 3745216 5748641989
7 3745261 5747028238
7 3745612 5756374823
7 3745621 5756374823
7 3746125 5746255246
7 3746152 5744594934
7 3746215 5745939045
7 3746251 5745581752
7 3746512 5753682216
7 3746521 5753682216
7 3751246 5746837457
7 3751264 5745063990
7 3751426 5743320114
7 3751462 5742550061
7 3751624 5744453053
7 3751642 5744007675
7 3752146 5745482588
7 3752164 5745292615
7 3752416 5744382274
7 3752461 5745193132
7 3752614 5743277433
7 3752641 5745507796
7 3754126 5748514894
7 3754162 5745885300
7 3754216 5749062792
7 3754261 5746901441
7 3754612 5753442154
7 3754621 5753442154
7 3756124 5752431602
7 3756142 5749464966
7 3756214 5751248416
7 3756241 5751049662
7 3756412 5756314076
7 3756421 5756314076
7 3761245 5751194312
7 3761254 5750850836
7 3761425 5746361095
7 3761452 5747976811
7 3761524 5746332559
7 3761542 5749468321
7 3762145 5750605417
7 3762154 5750894017
7 3762415 5745939045
7 3762451 5749525060
7 3762514 5746780874
7 3762541 5749579874
7 3764125 5748658113
7 3764152 5747249158
7 3764215 5749282038
7 3764251 5747794825
7 3764512 5756099663
7 3764521 5756099663
7 3765124 5752532907
7 3765142 5750468316
7 3765214 5751876997
7 3765241 5751369615
7 3765412 5759042809
7 3765421 5759042809
7 4123567 5759176331
7 4123576 5759176331
7 4123657 5759208167
7 4123675 5758168203
7 4123756 5758168203
7 4123765 5759176331
7 4125367 5752356932
7 4125376 5752356932
7 4125637 5749297890
7 4125673 5751876997
7 4125736 5747035423
7 4125763 5751166324
7 4126357 5748586903
7 4126375 5747857176
7 4126537 5750738702
7 4126573 5751248416
7 4126735 5749036184
7 4126753 5751581393
7 4127356 5749587402
7 4127365 5749493596
7 4127536 5746739731
7 4127563 5751522324
7 4127635 5748959011
7 4127653 5753364312
7 4132567 5757320061
7 4132576 5757320061
7 4132657 5757363907
7 4132675 5756026177
7 4132756 5756026177
7 4132765 5757320061
7 4135267 5749491746
7 4135276 5749491746
7 4135627 5747681796
7 4135672 5750729018
7 4135726 5744468790
7 4135762 5749735945
7 4136257 5746653960
7 4136275 5744932921
7 4136527 5747346636
7 4136572 5749840658
7 4136725 5746002365
7 4136752 5748697309
7 4137256 5746739731
7 4137265 5748159653
7 4137526 5743296982
7 4137562 5748691479
7 4137625 5745758872
7 4137652 5750154302
7 4152367 5753265700
7 4152376 5753265700
7 4152637 5747983289
7 4152673 5746780874
7 4152736 5744905899
7 4152763 5746793583
7 4153267 5751948351
7 4153276 5751948351
7 4153627 5745573969
7 4153672 5747237031
7 4153726 5744549372
7 4153762 5746994074
7 4156237 5749623419
7 4156273 5746431516
7 4156327 5748858113
7 4156372 5745966535
7 4156723 5752294598
7 4156732 5752031066
7 4157236 5745441037
7 4157263 5743611206
7 4157326 5744742387
7 4157362 5743637025
7 4157623 5751139003
7 4157632 5751030740
7 4162357 5749544956
7 4162375 5746660787
7 4162537 5745303338
7 4162573 5743277433
7 4162735 5746526366
7 4162753 5743562582
7 4163257 5746716800
7 4163275 5745663864
7 4163527 5745709290
7 4163572 5744394274
7 4163725 5742747780
7 4163752 5744361349
7 4165237 5749304432
7 4165273 5745812224
7 4165327 5749930064
7 4165372 5746115229
7 4165723 5751180211
7 4165732 5751170879
7 4167235 5749010911
7 4167253 5745586643
7 4167325 5747487432
7 4167352 5746655279
7 4167523 5751113729
7 4167532 5751203716
7 4172356 5749468321
7 4172365 5748907836
7 4172536 5744007675
7 4172563 5745161724
7 4172635 5743994043
7 4172653 5746480201
7 4173256 5747976811
7 4173265 5748395354
7 4173526 5742550061
7 4173562 5745551523
7 4173625 5743465305
7 4173652 5745487349
7 4175236 5745236903
7 4175263 5743685082
7 4175326 5745296825
7 4175362 5743241714
7 4175623 5751392739
7 4175632 5751124774
7 4176235 5748574860
7 4176253 5745761705
7 4176325 5747564289
7 4176352 5746500592
7 4176523 5752201582
7 4176532 5752830232
7 4213567 5757349273
7 4213576 5757349273
7 4213657 5757391769
7 4213675 5756088993
7 4213756 5756088993
7 4213765 5757349273
7 4215367 5754642759
7 4215376 5754642759
7 4215637 5750522801
7 4215673 5752532907
7 4215736 5748401666
7 4215763 5752105619
7 4216357 5748992427
7 4216375 5748021017
7 4216537 5753648423
7 4216573 5752431602
7 4216735 5749657259
7 4216753 5752929825
7 4217356 5749493596
7 4217365 5749710255
7 4217536 5748159653
7 4217563 5752564304
7 4217635 5749724428
7 4217653 5756144291
7 4231567 5759777336
7 4231576 5759777336
7 4231657 5759819201
7 4231675 5758545688
7 4231756 5758545688
7 4231765 5759777336
7 4235167 5753937528
7 4235176 5753937528
7 4235617 5753488676
7 4235671 5756879825
7 4235716 5750252454
7 4235761 5756091819
7 4236157 5750610821
7 4236175 5749318773
7 4236517 5752944158
7 4236571 5756137019
7 4236715 5751021785
7 4236751 5754518233
7 4237156 5751522324
7 4237165 5752564304
7 4237516 5748691479
7 4237561 5754596439
7 4237615 5751070410
7 4237651 5756125590
7 4251367 5751588580
7 4251376 5751588580
7 4251637 5745478623
7 4251673 5746332559
7 4251736 5743889380
7 4251763 5746298956
7 4253167 5754314401
7 4253176 5754314401
7 4253617 5751333392
7 4253671 5753956762
7 4253716 5749970293
7 4253761 5753663411
7 4256137 5747049166
7 4256173 5746230754
7 4256317 5748294480
7 4256371 5748406945
7 4256713 5750139638
7 4256731 5750772040
7 4257136 5743611206
7 4257163 5743194535
7 4257316 5743637025
7 4257361 5746016322
7 4257613 5749218561
7 4257631 5749839925
7 4261357 5745478623
7 4261375 5743889380
7 4261537 5747451787
7 4261573 5744453053
7 4261735 5743953472
7 4261753 5744333879
7 4263157 5745914668
7 4263175 5744815105
7 4263517 5748276312
7 4263571 5748799641
7 4263715 5743929535
7 4263751 5747747752
7 4265137 5747404624
7 4265173 5745943790
7 4265317 5750557953
7 4265371 5750675863
7 4265713 5749590434
7 4265731 5750365532
7 4267135 5746044991
7 4267153 5746060534
7 4267315 5745063990
7 4267351 5747713891
7 4267513 5748685671
7 4267531 5750193780
7 4271356 5746332559
7 4271365 5746298956
7 4271536 5744453053
7 4271563 5746134011
7 4271635 5744333879
7 4271653 5749919178
7 4273156 5746361095
7 4273165 5746740748
7 4273516 5743320114
7 4273561 5747738400
7 4273615 5743983186
7 4273651 5747830654
7 4275136 5742701357
7 4275163 5742990375
7 4275316 5744075328
7 4275361 5745429685
7 4275613 5748613611
7 4275631 5749881841
7 4276135 5745586389
7 4276153 5746574975
7 4276315 5745292615
7 4276351 5747446319
7 4276513 5750217733
7 4276531 5753247893
7 4312567 5759471442
7 4312576 5759471442
7 4312657 5759510643
7 4312675 5758298471
7 4312756 5758298471
7 4312765 5759471442
7 4315267 5751750277
7 4315276 5751750277
7 4315627 5749224233
7 4315672 5752068588
7 4315726 5746451437
7 4315762 5751640052
7 4316257 5748303146
7 4316275 5747136286
7 4316527 5750054521
7 4316572 5751827499
7 4316725 5747991409
7 4316752 5751165997
7 4317256 5748959011
7 4317265 5749724428
7 4317526 5745758872
7 4317562 5751070410
7 4317625 5748297735
7 4317652 5752786009
7 4321567 5763075506
7 4321576 5763075506
7 4321657 5763222079
7 4321675 5760176702
7 4321756 5760176702
7 4321765 5763075506
7 4325167 5756547318
7 4325176 5756547318
7 4325617 5755860902
7 4325671 5759270540
7 4325716 5752887036
7 4325761 5758851147
7 4326157 5754304232
7 4326175 5750911067
7 4326517 5755924833
7 4326571 5759111453
7 4326715 5752363126
7 4326751 5756124954
7 4327156 5753364312
7 4327165 5756144291
7 4327516 5750154302
7 4327561 5756125590
7 4327615 5752786009
7 4327651 5759172607
7 4351267 5755806253
7 4351276 5755806253
7 4351627 5750193780
7 4351672 5751203716
7 4351726 5748685671
7 4351762 5751113729
7 4352167 5756148314
7 4352176 5756148314
7 4352617 5751059710
7 4352671 5753492089
7 4352716 5750547167
7 4352761 5753387947
7 4356127 5755538084
7 4356172 5753015220
7 4356217 5755565471
7 4356271 5753210758
7 4356712 5759449766
7 4356721 5759449766
7 4357126 5751139003
7 4357162 5749218561
7 4357216 5751030740
7 4357261 5749839925
7 4357612 5758444350
7 4357621 5758444350
7 4361257 5749775824
7 4361275 5748466291
7 4361527 5747713891
7 4361572 5746655279
7 4361725 5746060534
7 4361752 5745586643
7 4362157 5749993529
7 4362175 5748834683
7 4362517 5750844367
7 4362571 5751094855
7 4362715 5746548647
7 4362751 5747722842
7 4365127 5755439693
7 4365172 5752610764
7 4365217 5755544031
7 4365271 5753161173
7 4365712 5759183779
7 4365721 5759183779
7 4367125 5751270538
7 4367152 5748466291
7 4367215 5750850836
7 4367251 5749775824
7 4367512 5755806253
7 4367521 5755806253
7 4371256 5750850836
7 4371265 5751270538
7 4371526 5745063990
7 4371562 5747487432
7 4371625 5746044991
7 4371652 5749010911
7 4372156 5751194312
7 4372165 5751916226
7 4372516 5746837457
7 4372561 5749847427
7 4372615 5749771718
7 4372651 5752516634
7 4375126 5748414352
7 4375162 5746726923
7 4375216 5748546512
7 4375261 5747220791
7 4375612 5755791757
7 4375621 5755791757
7 4376125 5751173366
7 4376152 5748956952
7 4376215 5750894017
7 4376251 5750067835
7 4376512 5758662686
7 4376521 5758662686
7 4512367 5758662686
7 4512376 5758662686
7 4512637 5750067835
7 4512673 5750894017
7 4512736 5748956952
7 4512763 5751173366
7 4513267 5755791757
7 4513276 5755791757
7 4513627 5747220791
7 4513672 5748546512
7 4513726 5746726923
7 4513762 5748414352
7 4516237 5752516634
7 4516273 5749771718
7 4516327 5749847427
7 4516372 5746837457
7 4516723 5751916226
7 4516732 5751194312
7 4517236 5749010911
7 4517263 5746044991
7 4517326 5747487432
7 4517362 5745063990
7 4517623 5751270538
7 4517632 5750850836
7 4521367 5755806253
7 4521376 5755806253
7 4521637 5749775824
7 4521673 5750850836
7 4521736 5748466291
7 4521763 5751270538
7 4523167 5759183779
7 4523176 5759183779
7 4523617 5753161173
7 4523671 5755544031
7 4523716 5752610764
7 4523761 5755439693
7 4526137 5747722842
7 4526173 5746548647
7 4526317 5751094855
7 4526371 5750844367
7 4526713 5748834683
7 4526731 5749993529
7 4527136 5745586643
7 4527163 5746060534
7 4527316 5746655279
7 4527361 5747713891
7 4527613 5748466291
7 4527631 5749775824
7 4531267 5758444350
7 4531276 5758444350
7 4531627 5749839925
7 4531672 5751030740
7 4531726 5749218561
7 4531762 5751139003
7 4532167 5759449766
7 4532176 5759449766
7 4532617 5753210758
7 4532671 5755565471
7 4532716 5753015220
7 4532761 5755538084
7 4536127 5753387947
7 4536172 5750547167
7 4536217 5753492089
7 4536271 5751059710
7 4536712 5756148314
7 4536721 5756148314
7 4537126 5751113729
7 4537162 5748685671
7 4537216 5751203716
7 4537261 5750193780
7 4537612 5755806253
7 4537621 5755806253
7 4561237 5759172607
7 4561273 5752786009
7 4561327 5756125590
7 4561372 5750154302
7 4561723 5756144291
7 4561732 5753364312
7 4562137 5756124954
7 4562173 5752363126
7 4562317 5759111453
7 4562371 5755924833
7 4562713 5750911067
7 4562731 5754304232
7 4563127 5758851147
7 4563172 5752887036
7 4563217 5759270540
7 4563271 5755860902
7 4563712 5756547318
7 4563721 5756547318
7 4567123 5763075506
7 4567132 5760176702
7 4567213 5760176702
7 4567231 5763222079
7 4567312 5763075506
7 4567321 5763075506
7 4571236 5752786009
7 4571263 5748297735
7 4571326 5751070410
7 4571362 5745758872
7 4571623 5749724428
7 4571632 5748959011
7 4572136 5751165997
7 4572163 5747991409
7 4572316 5751827499
7 4572361 5750054521
7 4572613 5747136286
7 4572631 5748303146
7 4573126 5751640052
7 4573162 5746451437
7 4573216 5752068588
7 4573261 5749224233
7 4573612 5751750277
7 4573621 5751750277
7 4576123 5759471442
7 4576132 5758298471
7 4576213 5758298471
7 4576231 5759510643
7 4576312 5759471442
7 4576321 5759471442
7 4612357 5753247893
7 4612375 5750217733
7 4612537 5747446319
7 4612573 5745292615
7 4612735 5746574975
7 4612753 5745586389
7 4613257 5749881841
7 4613275 5748613611
7 4613527 5745429685
7 4613572 5744075328
7 4613725 5742990375
7 4613752 5742701357
7 4615237 5747830654
7 4615273 5743983186
7 4615327 5747738400
7 4615372 5743320114
7 4615723 5746740748
7 4615732 5746361095
7 4617235 5749919178
7 4617253 5744333879
7 4617325 5746134011
7 4617352 5744453053
7 4617523 5746298956
7 4617532 5746332559
7 4621357 5750193780
7 4621375 5748685671
7 4621537 5747713891
7 4621573 5745063990
7 4621735 5746060534
7 4621753 5746044991
7 4623157 5750365532
7 4623175 5749590434
7 4623517 5750675863
7 4623571 5750557953
7 4623715 5745943790
7 4623751 5747404624
7 4625137 5747747752
7 4625173 5743929535
7 4625317 5748799641
7 4625371 5748276312
7 4625713 5744815105
7 4625731 5745914668
7 4627135 5744333879
7 4627153 5743953472
7 4627315 5744453053
7 4627351 5747451787
7 4627513 5743889380
7 4627531 5745478623
7 4631257 5749839925
7 4631275 5749218561
7 4631527 5746016322
7 4631572 5743637025
7 4631725 5743194535
7 4631752 5743611206
7 4632157 5750772040
7 4632175 5750139638
7 4632517 5748406945
7 4632571 5748294480
7 4632715 5746230754
7 4632751 5747049166
7 4635127 5753663411
7 4635172 5749970293
7 4635217 5753956762
7 4635271 5751333392
7 4635712 5754314401
7 4635721 5754314401
7 4637125 5746298956
7 4637152 5743889380
7 4637215 5746332559
7 4637251 5745478623
7 4637512 5751588580
7 4637521 5751588580
7 4651237 5756125590
7 4651273 5751070410
7 4651327 5754596439
7 4651372 5748691479
7 4651723 5752564304
7 4651732 5751522324
7 4652137 5754518233
7 4652173 5751021785
7 4652317 5756137019
7 4652371 5752944158
7 4652713 5749318773
7 4652731 5750610821
7 4653127 5756091819
7 4653172 5750252454
7 4653217 5756879825
7 4653271 5753488676
7 4653712 5753937528
7 4653721 5753937528
7 4657123 5759777336
7 4657132 5758545688
7 4657213 5758545688
7 4657231 5759819201
7 4657312 5759777336
7 4657321 5759777336
7 4671235 5756144291
7 4671253 5749724428
7 4671325 5752564304
7 4671352 5748159653
7 4671523 5749710255
7 4671532 5749493596
7 4672135 5752929825
7 4672153 5749657259
7 4672315 5752431602
7 4672351 5753648423
7 4672513 5748021017
7 4672531 5748992427
7 4673125 5752105619
7 4673152 5748401666
7 4673215 5752532907
7 4673251 5750522801
7 4673512 5754642759
7 4673521 5754642759
7 4675123 5757349273
7 4675132 5756088993
7 4675213 5756088993
7 4675231 5757391769
7 4675312 5757349273
7 4675321 5757349273
7 4712356 5752830232
7 4712365 5752201582
7 4712536 5746500592
7 4712563 5747564289
7 4712635 5745761705
7 4712653 5748574860
7 4713256 5751124774
7 4713265 5751392739
7 4713526 5743241714
7 4713562 5745296825
7 4713625 5743685082
7 4713652 5745236903
7 4715236 5745487349
7 4715263 5743465305
7 4715326 5745551523
7 4715362 5742550061
7 4715623 5748395354
7 4715632 5747976811
7 4716235 5746480201
7 4716253 5743994043
7 4716325 5745161724
7 4716352 5744007675
7 4716523 5748907836
7 4716532 5749468321
7 4721356 5751203716
7 4721365 5751113729
7 4721536 5746655279
7 4721563 5747487432
7 4721635 5745586643
7 4721653 5749010911
7 4723156 5751170879
7 4723165 5751180211
7 4723516 5746115229
7 4723561 5749930064
7 4723615 5745812224
7 4723651 5749304432
7 4725136 5744361349
7 4725163 5742747780
7 4725316 5744394274
7 4725361 5745709290
7 4725613 5745663864
7 4725631 5746716800
7 4726135 5743562582
7 4726153 5746526366
7 4726315 5743277433
7 4726351 5745303338
7 4726513 5746660787
7 4726531 5749544956
7 4731256 5751030740
7 4731265 5751139003
7 4731526 5743637025
7 4731562 5744742387
7 4731625 5743611206
7 4731652 5745441037
7 4732156 5752031066
7 4732165 5752294598
7 4732516 5745966535
7 4732561 5748858113
7 4732615 5746431516
7 4732651 5749623419
7 4735126 5746994074
7 4735162 5744549372
7 4735216 5747237031
7 4735261 5745573969
7 4735612 5751948351
7 4735621 5751948351
7 4736125 5746793583
7 4736152 5744905899
7 4736215 5746780874
7 4736251 5747983289
7 4736512 5753265700
7 4736521 5753265700
7 4751236 5750154302
7 4751263 5745758872
7 4751326 5748691479
7 4751362 5743296982
7 4751623 5748159653
7 4751632 5746739731
7 4752136 5748697309
7 4752163 5746002365
7 4752316 5749840658
7 4752361 5747346636
7 4752613 5744932921
7 4752631 5746653960
7 4753126 5749735945
7 4753162 5744468790
7 4753216 5750729018
7 4753261 5747681796
7 4753612 5749491746
7 4753621 5749491746
7 4756123 5757320061
7 4756132 5756026177
7 4756213 5756026177
7 4756231 5757363907
7 4756312 5757320061
7 4756321 5757320061
7 4761235 5753364312
7 4761253 5748959011
7 4761325 5751522324
7 4761352 5746739731
7 4761523 5749493596
7 4761532 5749587402
7 4762135 5751581393
7 4762153 5749036184
7 4762315 5751248416
7 4762351 5750738702
7 4762513 5747857176
7 4762531 5748586903
7 4763125 5751166324
7 4763152 5747035423
7 4763215 5751876997
7 4763251 5749297890
7 4763512 5752356932
7 4763521 5752356932
7 4765123 5759176331
7 4765132 5758168203
7 4765213 5758168203
7 4765231 5759208167
7 4765312 5759176331
7 4765321 5759176331
7 5123467 5759042809
7 5123476 5759042809
7 5123647 5751369615
7 5123674 5751876997
7 5123746 5750468316
7 5123764 5752532907
7 5124367 5756099663
7 5124376 5756099663
7 5124637 5747794825
7 5124673 5749282038
7 5124736 5747249158
7 5124763 5748658113
7 5126347 5749579874
7 5126374 5746780874
7 5126437 5749525060
7 5126473 5745939045
7 5126734 5750894017
7 5126743 5750605417
7 5127346 5749468321
7 5127364 5746332559
7 5127436 5747976811
7 5127463 5746361095
7 5127634 5750850836
7 5127643 5751194312
7 5132467 5756314076
7 5132476 5756314076
7 5132647 5751049662
7 5132674 5751248416
7 5132746 5749464966
7 5132764 5752431602
7 5134267 5753442154
7 5134276 5753442154
7 5134627 5746901441
7 5134672 5749062792
7 5134726 5745885300
7 5134762 5748514894
7 5136247 5745507796
7 5136274 5743277433
7 5136427 5745193132
7 5136472 5744382274
7 5136724 5745292615
7 5136742 5745482588
7 5137246 5744007675
7 5137264 5744453053
7 5137426 5742550061
7 5137462 5743320114
7 5137624 5745063990
7 5137642 5746837457
7 5142367 5753682216
7 5142376 5753682216
7 5142637 5745581752
7 5142673 5745939045
7 5142736 5744594934
7 5142763 5746255246
7 5143267 5756374823
7 5143276 5756374823
7 5143627 5747028238
7 5143672 5748641989
7 5143726 5746780084
7 5143762 5748656728
7 5146237 5746880631
7 5146273 5743674756
7 5146327 5747336081
7 5146372 5744006937
7 5146723 5749045050
7 5146732 5749090523
7 5147236 5745236903
7 5147263 5742701357
7 5147326 5745296825
7 5147362 5744075328
7 5147623 5748414352
7 5147632 5748546512
7 5162347 5752777177
7 5162374 5746431516
7 5162437 5749746069
7 5162473 5743674756
7 5162734 5749771718
7 5162743 5746694309
7 5163247 5749398361
7 5163274 5745812224
7 5163427 5749885253
7 5163472 5745900742
7 5163724 5743983186
7 5163742 5744721157
7 5164237 5749394949
7 5164273 5743487804
7 5164327 5750934052
7 5164372 5746126085
7 5164723 5746522124
7 5164732 5746856151
7 5167234 5752786009
7 5167243 5751165997
7 5167324 5751070410
7 5167342 5751827499
7 5167423 5751640052
7 5167432 5752068588
7 5172346 5752523658
7 5172364 5746230754
7 5172436 5749010973
7 5172463 5744197539
7 5172634 5746548647
7 5172643 5746152409
7 5173246 5749010973
7 5173264 5745943790
7 5173426 5747366258
7 5173462 5746242452
7 5173624 5743929535
7 5173642 5744103437
7 5174236 5747244965
7 5174263 5743134997
7 5174326 5748295219
7 5174362 5744747912
7 5174623 5746919629
7 5174632 5747335050
7 5176234 5752363126
7 5176243 5751056584
7 5176324 5751021785
7 5176342 5751538264
7 5176423 5751550432
7 5176432 5752390758
7 5213467 5756045336
7 5213476 5756045336
7 5213647 5750578544
7 5213674 5751166324
7 5213746 5749434308
7 5213764 5752105619
7 5214367 5756048081
7 5214376 5756048081
7 5214637 5747419009
7 5214673 5748658113
7 5214736 5746773071
7 5214763 5748389279
7 5216347 5749480148
7 5216374 5746793583
7 5216437 5750344212
7 5216473 5746255246
7 5216734 5751173366
7 5216743 5750903572
7 5217346 5748907836
7 5217364 5746298956
7 5217436 5748395354
7 5217463 5746740748
7 5217634 5751270538
7 5217643 5751916226
7 5231467 5753937528
7 5231476 5753937528
7 5231647 5750610821
7 5231674 5751522324
7 5231746 5749318773
7 5231764 5752564304
7 5234167 5758555205
7 5234176 5758555205
7 5234617 5753330903
7 5234671 5755881444
7 5234716 5752033129
7 5234761 5755373024
7 5236147 5746239843
7 5236174 5745161724
7 5236417 5748454455
7 5236471 5749167310
7 5236714 5747564289
7 5236741 5748772603
7 5237146 5745161724
7 5237164 5746134011
7 5237416 5745551523
7 5237461 5747738400
7 5237614 5747487432
7 5237641 5749847427
7 5241367 5754314401
7 5241376 5754314401
7 5241637 5745914668
7 5241673 5746361095
7 5241736 5744815105
7 5241763 5746740748
7 5243167 5754083888
7 5243176 5754083888
7 5243617 5750514536
7 5243671 5753297194
7 5243716 5749431678
7 5243761 5753230852
7 5246137 5745453898
7 5246173 5744197539
7 5246317 5746038812
7 5246371 5746052266
7 5246713 5747526411
7 5246731 5747743187
7 5247136 5743685082
7 5247163 5742990375
7 5247316 5743241714
7 5247361 5745429685
7 5247613 5746726923
7 5247631 5747220791
7 5261347 5747049166
7 5261374 5743611206
7 5261437 5747404624
7 5261473 5742701357
7 5261734 5746044991
7 5261743 5745586389
7 5263147 5745453898
7 5263174 5743685082
7 5263417 5750607991
7 5263471 5749955272
7 5263714 5743465305
7 5263741 5748077771
7 5264137 5746047407
7 5264173 5743134997
7 5264317 5748416222
7 5264371 5748404608
7 5264713 5744928822
7 5264731 5745592779
7 5267134 5748297735
7 5267143 5747991409
7 5267314 5745758872
7 5267341 5750054521
7 5267413 5746451437
7 5267431 5749224233
7 5271346 5746230754
7 5271364 5743194535
7 5271436 5745943790
7 5271463 5742990375
7 5271634 5746060534
7 5271643 5746574975
7 5273146 5744197539
7 5273164 5742990375
7 5273416 5746242452
7 5273461 5749254428
7 5273614 5742747780
7 5273641 5745283412
7 5274136 5743134997
7 5274163 5742644764
7 5274316 5744747912
7 5274361 5746155180
7 5274613 5744623573
7 5274631 5745851472
7 5276134 5747991409
7 5276143 5748146014
7 5276314 5746002365
7 5276341 5749771280
7 5276413 5746626256
7 5276431 5749853887
7 5312467 5753930826
7 5312476 5753930826
7 5312647 5750944971
7 5312674 5751581393
7 5312746 5749339929
7 5312764 5752929825
7 5314267 5754261497
7 5314276 5754261497
7 5314627 5745592779
7 5314672 5746856151
7 5314726 5744928822
7 5314762 5746522124
7 5316247 5745042411
7 5316274 5743562582
7 5316427 5748077771
7 5316472 5744721157
7 5316724 5745586389
7 5316742 5746694309
7 5317246 5743994043
7 5317264 5744333879
7 5317426 5743465305
7 5317462 5743983186
7 5317624 5746044991
7 5317642 5749771718
7 5321467 5756547318
7 5321476 5756547318
7 5321647 5754304232
7 5321674 5753364312
7 5321746 5750911067
7 5321764 5756144291
7 5324167 5754504805
7 5324176 5754504805
7 5324617 5750785697
7 5324671 5753659670
7 5324716 5749553093
7 5324761 5753256969
7 5326147 5749759795
7 5326174 5746480201
7 5326417 5750020460
7 5326471 5751048323
7 5326714 5748574860
7 5326741 5749756841
7 5327146 5746480201
7 5327164 5749919178
7 5327416 5745487349
7 5327461 5747830654
7 5327614 5749010911
7 5327641 5752516634
7 5341267 5759183779
7 5341276 5759183779
7 5341627 5750365532
7 5341672 5751170879
7 5341726 5749590434
7 5341762 5751180211
7 5342167 5759336230
7 5342176 5759336230
7 5342617 5753504358
7 5342671 5755895714
7 5342716 5753314840
7 5342761 5755844095
7 5346127 5753458397
7 5346172 5750564083
7 5346217 5753464616
7 5346271 5751057848
7 5346712 5756431896
7 5346721 5756431896
7 5347126 5751392739
7 5347162 5748613611
7 5347216 5751124774
7 5347261 5749881841
7 5347612 5755791757
7 5347621 5755791757
7 5361247 5747722842
7 5361274 5745586643
7 5361427 5747747752
7 5361472 5744361349
7 5361724 5744333879
7 5361742 5743562582
7 5362147 5747425411
7 5362174 5745761705
7 5362417 5749181799
7 5362471 5748155200
7 5362714 5743994043
7 5362741 5745042411
7 5364127 5753663015
7 5364172 5749695028
7 5364217 5754249751
7 5364271 5751367135
7 5364712 5754261497
7 5364721 5754261497
7 5367124 5749724428
7 5367142 5747136286
7 5367214 5748959011
7 5367241 5748303146
7 5367412 5751750277
7 5367421 5751750277
7 5371246 5746548647
7 5371264 5746060534
7 5371426 5743929535
7 5371462 5742747780
7 5371624 5743953472
7 5371642 5746526366
7 5372146 5746152409
7 5372164 5746574975
7 5372416 5744103437
7 5372461 5745283412
7 5372614 5746526366
7 5372641 5747175600
7 5374126 5746919629
7 5374162 5744623573
7 5374216 5747335050
7 5374261 5745851472
7 5374612 5751684429
7 5374621 5751684429
7 5376124 5749657259
7 5376142 5747529150
7 5376214 5749036184
7 5376241 5748562705
7 5376412 5753664350
7 5376421 5753664350
7 5412367 5758652905
7 5412376 5758652905
7 5412637 5749295055
7 5412673 5750605417
7 5412736 5748812658
7 5412763 5750903572
7 5413267 5756431896
7 5413276 5756431896
7 5413627 5747743187
7 5413672 5749090523
7 5413726 5747526411
7 5413762 5749045050
7 5416237 5749756841
7 5416273 5746694309
7 5416327 5748772603
7 5416372 5745482588
7 5416723 5750903572
7 5416732 5750605417
7 5417236 5748574860
7 5417263 5745586389
7 5417326 5747564289
7 5417362 5745292615
7 5417623 5751173366
7 5417632 5750894017
7 5421367 5756148314
7 5421376 5756148314
7 5421637 5749993529
7 5421673 5751194312
7 5421736 5748834683
7 5421763 5751916226
7 5423167 5759336230
7 5423176 5759336230
7 5423617 5753203053
7 5423671 5755629623
7 5423716 5752634580
7 5423761 5755558626
7 5426137 5747425411
7 5426173 5746152409
7 5426317 5748900475
7 5426371 5748620287
7 5426713 5748812658
7 5426731 5749295055
7 5427136 5745761705
7 5427163 5746574975
7 5427316 5746500592
7 5427361 5747446319
7 5427613 5748956952
7 5427631 5750067835
7 5431267 5759449766
7 5431276 5759449766
7 5431627 5750772040
7 5431672 5752031066
7 5431726 5750139638
7 5431762 5752294598
7 5432167 5763075506
7 5432176 5763075506
7 5432617 5756843229
7 5432671 5759197456
7 5432716 5756656805
7 5432761 5759200372
7 5436127 5755366957
7 5436172 5752578270
7 5436217 5755722769
7 5436271 5753488351
7 5436712 5758652905
7 5436721 5758652905
7 5437126 5752201582
7 5437162 5750217733
7 5437216 5752830232
7 5437261 5753247893
7 5437612 5758662686
7 5437621 5758662686
7 5461237 5756124954
7 5461273 5751165997
7 5461327 5754518233
7 5461372 5748697309
7 5461723 5752929825
7 5461732 5751581393
7 5462137 5754538220
7 5462173 5751056584
7 5462317 5756137170
7 5462371 5752956033
7 5462713 5749339929
7 5462731 5750944971
7 5463127 5756032840
7 5463172 5750202575
7 5463217 5756571236
7 5463271 5753228378
7 5463712 5753930826
7 5463721 5753930826
7 5467123 5759471442
7 5467132 5758298471
7 5467213 5758298471
7 5467231 5759510643
7 5467312 5759471442
7 5467321 5759471442
7 5471236 5752363126
7 5471263 5747991409
7 5471326 5751021785
7 5471362 5746002365
7 5471623 5749657259
7 5471632 5749036184
7 5472136 5751056584
7 5472163 5748146014
7 5472316 5751538264
7 5472361 5749771280
7 5472613 5747529150
7 5472631 5748562705
7 5473126 5751550432
7 5473162 5746626256
7 5473216 5752390758
7 5473261 5749853887
7 5473612 5753664350
7 5473621 5753664350
7 5476123 5759353863
7 5476132 5758271090
7 5476213 5758271090
7 5476231 5759388937
7 5476312 5759353863
7 5476321 5759353863
7 5612347 5759200372
7 5612374 5752294598
7 5612437 5755558626
7 5612473 5749045050
7 5612734 5751916226
7 5612743 5750903572
7 5613247 5755844095
7 5613274 5751180211
7 5613427 5753230852
7 5613472 5748656728
7 5613724 5746740748
7 5613742 5746255246
7 5614237 5753256969
7 5614273 5746522124
7 5614327 5755373024
7 5614372 5748514894
7 5614723 5748389279
7 5614732 5748658113
7 5617234 5756144291
7 5617243 5752929825
7 5617324 5752564304
7 5617342 5752431602
7 5617423 5752105619
7 5617432 5752532907
7 5621347 5755538084
7 5621374 5751139003
7 5621437 5755439693
7 5621473 5748414352
7 5621734 5751270538
7 5621743 5751173366
7 5623147 5753458397
7 5623174 5751392739
7 5623417 5759111701
7 5623471 5755918591
7 5623714 5748395354
7 5623741 5750344212
7 5624137 5753663015
7 5624173 5746919629
7 5624317 5753866303
7 5624371 5752425830
7 5624713 5746773071
7 5624731 5747419009
7 5627134 5749724428
7 5627143 5749657259
7 5627314 5748159653
7 5627341 5753648423
7 5627413 5748401666
7 5627431 5750522801
7 5631247 5753387947
7 5631274 5751113729
7 5631427 5753663411
7 5631472 5746994074
7 5631724 5746298956
7 5631742 5746793583
7 5632147 5755366957
7 5632174 5752201582
7 5632417 5753944325
7 5632471 5752458902
7 5632714 5748907836
7 5632741 5749480148
7 5634127 5759685982
7 5634172 5753005625
7 5634217 5759448493
7 5634271 5756234146
7 5634712 5756048081
7 5634721 5756048081
7 5637124 5749710255
7 5637142 5748021017
7 5637214 5749493596
7 5637241 5748992427
7 5637412 5754642759
7 5637421 5754642759
7 5641237 5758851147
7 5641273 5751640052
7 5641327 5756091819
7 5641372 5749735945
7 5641723 5752105619
7 5641732 5751166324
7 5642137 5756032840
7 5642173 5751550432
7 5642317 5759189984
7 5642371 5755613476
7 5642713 5749434308
7 5642731 5750578544
7 5643127 5758932186
7 5643172 5752579913
7 5643217 5760025870
7 5643271 5756465682
7 5643712 5756045336
7 5643721 5756045336
7 5647123 5757349273
7 5647132 5756088993
7 5647213 5756088993
7 5647231 5757391769
7 5647312 5757349273
7 5647321 5757349273
7 5671234 5763075506
7 5671243 5759471442
7 5671324 5759777336
7 5671342 5757320061
7 5671423 5757349273
7 5671432 5759176331
7 5672134 5759471442
7 5672143 5759353863
7 5672314 5757320061
7 5672341 5763294331
7 5672413 5757627778
7 5672431 5757974016
7 5673124 5757349273
7 5673142 5757627778
7 5673214 5759176331
7 5673241 5757974016
7 5673412 5763240379
7 5673421 5763240379
7 5674123 5763075506
7 5674132 5760176702
7 5674213 5760176702
7 5674231 5763222079
7 5674312 5763075506
7 5674321 5763075506
7 5712346 5756656805
7 5712364 5750139638
7 5712436 5752634580
7 5712463 5747526411
7 5712634 5748834683
7 5712643 5748812658
7 5713246 5753314840
7 5713264 5749590434
7 5713426 5749431678
7 5713462 5746780084
7 5713624 5744815105
7 5713642 5744594934
7 5714236 5749553093
7 5714263 5744928822
7 5714326 5752033129
7 5714362 5745885300
7 5714623 5746773071
7 5714632 5747249158
7 5716234 5750911067
7 5716243 5749339929
7 5716324 5749318773
7 5716342 5749464966
7 5716423 5749434308
7 5716432 5750468316
7 5721346 5753015220
7 5721364 5749218561
7 5721436 5752610764
7 5721463 5746726923
7 5721634 5748466291
7 5721643 5748956952
7 5723146 5750564083
7 5723164 5748613611
7 5723416 5753073132
7 5723461 5753861815
7 5723614 5745663864
7 5723641 5747951936
7 5724136 5749695028
7 5724163 5744623573
7 5724316 5749342552
7 5724361 5749627976
7 5724613 5745774098
7 5724631 5746174580
7 5726134 5747136286
7 5726143 5747529150
7 5726314 5744932921
7 5726341 5748754503
7 5726413 5745450684
7 5726431 5748077633
7 5731246 5750547167
7 5731264 5748685671
7 5731426 5749970293
7 5731462 5744549372
7 5731624 5743889380
7 5731642 5744905899
7 5732146 5752578270
7 5732164 5750217733
7 5732416 5749701750
7 5732461 5749944266
7 5732614 5746660787
7 5732641 5747706302
7 5734126 5753005625
7 5734162 5747662841
7 5734216 5752888590
7 5734261 5750433904
7 5734612 5754229412
7 5734621 5754229412
7 5736124 5748021017
7 5736142 5747707685
7 5736214 5747857176
7 5736241 5748624503
7 5736412 5752130034
7 5736421 5752130034
7 5741236 5752887036
7 5741263 5746451437
7 5741326 5750252454
7 5741362 5744468790
7 5741623 5748401666
7 5741632 5747035423
7 5742136 5750202575
7 5742163 5746626256
7 5742316 5752847486
7 5742361 5749989188
7 5742613 5745450684
7 5742631 5747301473
7 5743126 5752579913
7 5743162 5746835831
7 5743216 5753921276
7 5743261 5750706288
7 5743612 5751831878
7 5743621 5751831878
7 5746123 5757627778
7 5746132 5756176230
7 5746213 5756176230
7 5746231 5757678623
7 5746312 5757627778
7 5746321 5757627778
7 5761234 5760176702
7 5761243 5758298471
7 5761324 5758545688
7 5761342 5756026177
7 5761423 5756088993
7 5761432 5758168203
7 5762134 5758298471
7 5762143 5758271090
7 5762314 5756026177
7 5762341 5760255594
7 5762413 5756176230
7 5762431 5756360170
7 5763124 5756088993
7 5763142 5756176230
7 5763214 5758168203
7 5763241 5756360170
7 5763412 5760236970
7 5763421 5760236970
7 5764123 5760176702
7 5764132 5757549454
7 5764213 5757549454
7 5764231 5760310388
7 5764312 5760176702
7 5764321 5760176702
7 6123457 5759658647
7 6123475 5753921276
7 6123547 5756535533
7 6123574 5750729018
7 6123745 5752390758
7 6123754 5752068588
7 6124357 5756389654
7 6124375 5752888590
7 6124537 5752997075
7 6124573 5749062792
7 6124735 5747335050
7 6124753 5746856151
7 6125347 5752778929
7 6125374 5747237031
7 6125437 5755889547
7 6125473 5748641989
7 6125734 5748546512
7 6125743 5749090523
7 6127345 5752830232
7 6127354 5751203716
7 6127435 5751124774
7 6127453 5751170879
7 6127534 5751030740
7 6127543 5752031066
7 6132457 5756385067
7 6132475 5752847486
7 6132547 5756255866
7 6132574 5749840658
7 6132745 5751538264
7 6132754 5751827499
7 6134257 5751123941
7 6134275 5749342552
7 6134527 5752718283
7 6134572 5749771180
7 6134725 5744747912
7 6134752 5746126085
7 6135247 5750890955
7 6135274 5744394274
7 6135427 5750223733
7 6135472 5748160215
7 6135724 5744075328
7 6135742 5744006937
7 6137245 5746500592
7 6137254 5746655279
7 6137425 5743241714
7 6137452 5746115229
7 6137524 5743637025
7 6137542 5745966535
7 6142357 5751499162
7 6142375 5749701750
7 6142537 5750901242
7 6142573 5744382274
7 6142735 5744103437
7 6142753 5744721157
7 6143257 5755772684
7 6143275 5753073132
7 6143527 5750041931
7 6143572 5748160215
7 6143725 5746242452
7 6143752 5745900742
7 6145237 5752657971
7 6145273 5745900742
7 6145327 5752660508
7 6145372 5748160215
7 6145723 5748656728
7 6145732 5748641989
7 6147235 5745487349
7 6147253 5744361349
7 6147325 5745551523
7 6147352 5744394274
7 6147523 5746994074
7 6147532 5747237031
7 6152347 5753058808
7 6152374 5745966535
7 6152437 5750816612
7 6152473 5744006937
7 6152734 5746837457
7 6152743 5745482588
7 6153247 5750523554
7 6153274 5746115229
7 6153427 5752964248
7 6153472 5748160215
7 6153724 5743320114
7 6153742 5744382274
7 6154237 5752634198
7 6154273 5746126085
7 6154327 5756696045
7 6154372 5749771180
7 6154723 5748514894
7 6154732 5749062792
7 6157234 5750154302
7 6157243 5748697309
7 6157324 5748691479
7 6157342 5749840658
7 6157423 5749735945
7 6157432 5750729018
7 6172345 5756656805
7 6172354 5753015220
7 6172435 5753314840
7 6172453 5750564083
7 6172534 5750547167
7 6172543 5752578270
7 6173245 5752634580
7 6173254 5752610764
7 6173425 5749431678
7 6173452 5753073132
7 6173524 5749970293
7 6173542 5749701750
7 6174235 5749553093
7 6174253 5749695028
7 6174325 5752033129
7 6174352 5749342552
7 6174523 5753005625
7 6174532 5752888590
7 6175234 5752887036
7 6175243 5750202575
7 6175324 5750252454
7 6175342 5752847486
7 6175423 5752579913
7 6175432 5753921276
7 6213457 5756465682
7 6213475 5752579913
7 6213547 5755613476
7 6213574 5749735945
7 6213745 5751550432
7 6213754 5751640052
7 6214357 5756234146
7 6214375 5753005625
7 6214537 5752425830
7 6214573 5748514894
7 6214735 5746919629
7 6214753 5746522124
7 6215347 5752458902
7 6215374 5746994074
7 6215437 5755918591
7 6215473 5748656728
7 6215734 5748414352
7 6215743 5749045050
7 6217345 5752201582
7 6217354 5751113729
7 6217435 5751392739
7 6217453 5751180211
7 6217534 5751139003
7 6217543 5752294598
7 6231457 5753488676
7 6231475 5750252454
7 6231547 5752944158
7 6231574 5748691479
7 6231745 5751021785
7 6231754 5751070410
7 6234157 5753330903
7 6234175 5752033129
7 6234517 5759013294
7 6234571 5756696045
7 6234715 5748295219
7 6234751 5750934052
7 6235147 5748454455
7 6235174 5745551523
7 6235417 5753022522
7 6235471 5752660508
7 6235714 5745296825
7 6235741 5747336081
7 6237145 5747564289
7 6237154 5747487432
7 6237415 5745296825
7 6237451 5749930064
7 6237514 5744742387
7 6237541 5748858113
7 6241357 5751333392
7 6241375 5749970293
7 6241537 5748276312
7 6241573 5743320114
7 6241735 5743929535
7 6241753 5743983186
7 6243157 5750514536
7 6243175 5749431678
7 6243517 5753446565
7 6243571 5752964248
7 6243715 5747366258
7 6243751 5749885253
7 6245137 5750607991
7 6245173 5746242452
7 6245317 5751051264
7 6245371 5750041931
7 6245713 5746780084
7 6245731 5747028238
7 6247135 5743465305
7 6247153 5742747780
7 6247315 5742550061
7 6247351 5745709290
7 6247513 5744549372
7 6247531 5745573969
7 6251347 5748294480
7 6251374 5743637025
7 6251437 5750557953
7 6251473 5744075328
7 6251734 5745063990
7 6251743 5745292615
7 6253147 5746038812
7 6253174 5743241714
7 6253417 5751051264
7 6253471 5750223733
7 6253714 5742550061
7 6253741 5745193132
7 6254137 5748416222
7 6254173 5744747912
7 6254317 5752837970
7 6254371 5752718283
7 6254713 5745885300
7 6254731 5746901441
7 6257134 5745758872
7 6257143 5746002365
7 6257314 5743296982
7 6257341 5747346636
7 6257413 5744468790
7 6257431 5747681796
7 6271345 5750139638
7 6271354 5749218561
7 6271435 5749590434
7 6271453 5748613611
7 6271534 5748685671
7 6271543 5750217733
7 6273145 5747526411
7 6273154 5746726923
7 6273415 5746780084
7 6273451 5753861815
7 6273514 5744549372
7 6273541 5749944266
7 6274135 5744928822
7 6274153 5744623573
7 6274315 5745885300
7 6274351 5749627976
7 6274513 5747662841
7 6274531 5750433904
7 6275134 5746451437
7 6275143 5746626256
7 6275314 5744468790
7 6275341 5749989188
7 6275413 5746835831
7 6275431 5750706288
7 6312457 5753228378
7 6312475 5750202575
7 6312547 5752956033
7 6312574 5748697309
7 6312745 5751056584
7 6312754 5751165997
7 6314257 5751367135
7 6314275 5749695028
7 6314527 5748404608
7 6314572 5746126085
7 6314725 5743134997
7 6314752 5743487804
7 6315247 5748155200
7 6315274 5744361349
7 6315427 5749955272
7 6315472 5745900742
7 6315724 5742701357
7 6315742 5743674756
7 6317245 5745761705
7 6317254 5745586643
7 6317425 5743685082
7 6317452 5745812224
7 6317524 5743611206
7 6317542 5746431516
7 6321457 5755860902
7 6321475 5752887036
7 6321547 5755924833
7 6321574 5750154302
7 6321745 5752363126
7 6321754 5752786009
7 6324157 5750785697
7 6324175 5749553093
7 6324517 5753055229
7 6324571 5752634198
7 6324715 5747244965
7 6324751 5749394949
7 6325147 5750020460
7 6325174 5745487349
7 6325417 5752920685
7 6325471 5752657971
7 6325714 5745236903
7 6325741 5746880631
7 6327145 5748574860
7 6327154 5749010911
7 6327415 5745236903
7 6327451 5749304432
7 6327514 5745441037
7 6327541 5749623419
7 6341257 5753161173
7 6341275 5752610764
7 6341527 5750675863
7 6341572 5746115229
7 6341725 5745943790
7 6341752 5745812224
7 6342157 5753203053
7 6342175 5752634580
7 6342517 5751155956
7 6342571 5750523554
7 6342715 5749010973
7 6342751 5749398361
7 6345127 5759111701
7 6345172 5753073132
7 6345217 5759096706
7 6345271 5755772684
7 6345712 5756374823
7 6345721 5756374823
7 6347125 5748395354
7 6347152 5745663864
7 6347215 5747976811
7 6347251 5746716800
7 6347512 5751948351
7 6347521 5751948351
7 6351247 5751094855
7 6351274 5746655279
7 6351427 5748799641
7 6351472 5744394274
7 6351724 5744453053
7 6351742 5743277433
7 6352147 5748900475
7 6352174 5746500592
7 6352417 5752295286
7 6352471 5750890955
7 6352714 5744007675
7 6352741 5745507796
7 6354127 5753866303
7 6354172 5749342552
7 6354217 5754156090
7 6354271 5751123941
7 6354712 5753442154
7 6354721 5753442154
7 6357124 5748159653
7 6357142 5744932921
7 6357214 5746739731
7 6357241 5746653960
7 6357412 5749491746
7 6357421 5749491746
7 6371245 5748834683
7 6371254 5748466291
7 6371425 5744815105
7 6371452 5745663864
7 6371524 5743889380
7 6371542 5746660787
7 6372145 5748812658
7 6372154 5748956952
7 6372415 5744594934
7 6372451 5747951936
7 6372514 5744905899
7 6372541 5747706302
7 6374125 5746773071
7 6374152 5745774098
7 6374215 5747249158
7 6374251 5746174580
7 6374512 5754229412
7 6374521 5754229412
7 6375124 5748401666
7 6375142 5745450684
7 6375214 5747035423
7 6375241 5747301473
7 6375412 5751831878
7 6375421 5751831878
7 6412357 5753488351
7 6412375 5752578270
7 6412537 5748620287
7 6412573 5745482588
7 6412735 5746152409
7 6412753 5746694309
7 6413257 5751057848
7 6413275 5750564083
7 6413527 5746052266
7 6413572 5744006937
7 6413725 5744197539
7 6413752 5743674756
7 6415237 5751048323
7 6415273 5744721157
7 6415327 5749167310
7 6415372 5744382274
7 6415723 5746255246
7 6415732 5745939045
7 6417235 5746480201
7 6417253 5743562582
7 6417325 5745161724
7 6417352 5743277433
7 6417523 5746793583
7 6417532 5746780874
7 6421357 5751059710
7 6421375 5750547167
7 6421537 5750844367
7 6421573 5746837457
7 6421735 5746548647
7 6421753 5749771718
7 6423157 5753504358
7 6423175 5753314840
7 6423517 5751155956
7 6423571 5750816612
7 6423715 5749010973
7 6423751 5749746069
7 6425137 5749181799
7 6425173 5744103437
7 6425317 5752295286
7 6425371 5750901242
7 6425713 5744594934
7 6425731 5745581752
7 6427135 5743994043
7 6427153 5746526366
7 6427315 5744007675
7 6427351 5745303338
7 6427513 5744905899
7 6427531 5747983289
7 6431257 5753210758
7 6431275 5753015220
7 6431527 5748406945
7 6431572 5745966535
7 6431725 5746230754
7 6431752 5746431516
7 6432157 5756843229
7 6432175 5756656805
7 6432517 5753341095
7 6432571 5753058808
7 6432715 5752523658
7 6432751 5752777177
7 6435127 5753944325
7 6435172 5749701750
7 6435217 5754294902
7 6435271 5751499162
7 6435712 5753682216
7 6435721 5753682216
7 6437125 5748907836
7 6437152 5746660787
7 6437215 5749468321
7 6437251 5749544956
7 6437512 5753265700
7 6437521 5753265700
7 6451237 5759111453
7 6451273 5751827499
7 6451327 5756137019
7 6451372 5749840658
7 6451723 5752431602
7 6451732 5751248416
7 6452137 5756137170
7 6452173 5751538264
7 6452317 5759836191
7 6452371 5756255866
7 6452713 5749464966
7 6452731 5751049662
7 6453127 5759189984
7 6453172 5752847486
7 6453217 5759877115
7 6453271 5756385067
7 6453712 5756314076
7 6453721 5756314076
7 6457123 5757320061
7 6457132 5756026177
7 6457213 5756026177
7 6457231 5757363907
7 6457312 5757320061
7 6457321 5757320061
7 6471235 5750911067
7 6471253 5747136286
7 6471325 5749318773
7 6471352 5744932921
7 6471523 5748021017
7 6471532 5747857176
7 6472135 5749339929
7 6472153 5747529150
7 6472315 5749464966
7 6472351 5748754503
7 6472513 5747707685
7 6472531 5748624503
7 6473125 5749434308
7 6473152 5745450684
7 6473215 5750468316
7 6473251 5748077633
7 6473512 5752130034
7 6473521 5752130034
7 6475123 5757627778
7 6475132 5756176230
7 6475213 5756176230
7 6475231 5757678623
7 6475312 5757627778
7 6475321 5757627778
7 6512347 5759197456
7 6512374 5752031066
7 6512437 5755629623
7 6512473 5749090523
7 6512734 5751194312
7 6512743 5750605417
7 6513247 5755895714
7 6513274 5751170879
7 6513427 5753297194
7 6513472 5748641989
7 6513724 5746361095
7 6513742 5745939045
7 6514237 5753659670
7 6514273 5746856151
7 6514327 5755881444
7 6514372 5749062792
7 6514723 5748658113
7 6514732 5749282038
7 6517234 5753364312
7 6517243 5751581393
7 6517324 5751522324
7 6517342 5751248416
7 6517423 5751166324
7 6517432 5751876997
7 6521347 5755565471
7 6521374 5751030740
7 6521437 5755544031
7 6521473 5748546512
7 6521734 5750850836
7 6521743 5750894017
7 6523147 5753464616
7 6523174 5751124774
7 6523417 5759096706
7 6523471 5755889547
7 6523714 5747976811
7 6523741 5749525060
7 6524137 5754249751
7 6524173 5747335050
7 6524317 5754156090
7 6524371 5752997075
7 6524713 5747249158
7 6524731 5747794825
7 6527134 5748959011
7 6527143 5749036184
7 6527314 5746739731
7 6527341 5750738702
7 6527413 5747035423
7 6527431 5749297890
7 6531247 5753492089
7 6531274 5751203716
7 6531427 5753956762
7 6531472 5747237031
7 6531724 5746332559
7 6531742 5746780874
7 6532147 5755722769
7 6532174 5752830232
7 6532417 5754294902
7 6532471 5752778929
7 6532714 5749468321
7 6532741 5749579874
7 6534127 5759448493
7 6534172 5752888590
7 6534217 5759612141
7 6534271 5756389654
7 6534712 5756099663
7 6534721 5756099663
7 6537124 5749493596
7 6537142 5747857176
7 6537214 5749587402
7 6537241 5748586903
7 6537412 5752356932
7 6537421 5752356932
7 6541237 5759270540
7 6541273 5752068588
7 6541327 5756879825
7 6541372 5750729018
7 6541723 5752532907
7 6541732 5751876997
7 6542137 5756571236
7 6542173 5752390758
7 6542317 5759877115
7 6542371 5756535533
7 6542713 5750468316
7 6542731 5751369615
7 6543127 5760025870
7 6543172 5753921276
7 6543217 5763075506
7 6543271 5759658647
7 6543712 5759042809
7 6543721 5759042809
7 6547123 5759176331
7 6547132 5758168203
7 6547213 5758168203
7 6547231 5759208167
7 6547312 5759176331
7 6547321 5759176331
7 6571234 5760176702
7 6571243 5758298471
7 6571324 5758545688
7 6571342 5756026177
7 6571423 5756088993
7 6571432 5758168203
7 6572134 5758298471
7 6572143 5758271090
7 6572314 5756026177
7 6572341 5760255594
7 6572413 5756176230
7 6572431 5756360170
7 6573124 5756088993
7 6573142 5756176230
7 6573214 5758168203
7 6573241 5756360170
7 6573412 5760236970
7 6573421 5760236970
7 6574123 5760176702
7 6574132 5757549454
7 6574213 5757549454
7 6574231 5760310388
7 6574312 5760176702
7 6574321 5760176702
7 6712345 5763075506
7 6712354 5759449766
7 6712435 5759336230
7 6712453 5756431896
7 6712534 5756148314
7 6712543 5758652905
7 6713245 5759336230
7 6713254 5759183779
7 6713425 5754083888
7 6713452 5756374823
7 6713524 5754314401
7 6713542 5753682216
7 6714235 5754504805
7 6714253 5754261497
7 6714325 5758555205
7 6714352 5753442154
7 6714523 5756048081
7 6714532 5756099663
7 6715234 5756547318
7 6715243 5753930826
7 6715324 5753937528
7 6715342 5756314076
7 6715423 5756045336
7 6715432 5759042809
7 6721345 5759449766
7 6721354 5758444350
7 6721435 5759183779
7 6721453 5755791757
7 6721534 5755806253
7 6721543 5758662686
7 6723145 5756431896
7 6723154 5755791757
7 6723415 5756374823
7 6723451 5763306646
7 6723514 5751948351
7 6723541 5756760225
7 6724135 5754261497
7 6724153 5751684429
7 6724315 5753442154
7 6724351 5757222741
7 6724513 5754229412
7 6724531 5754737963
7 6725134 5751750277
7 6725143 5753664350
7 6725314 5749491746
7 6725341 5754769573
7 6725413 5751831878
7 6725431 5756186505
7 6731245 5756148314
7 6731254 5755806253
7 6731425 5754314401
7 6731452 5751948351
7 6731524 5751588580
7 6731542 5753265700
7 6732145 5758652905
7 6732154 5758662686
7 6732415 5753682216
7 6732451 5756760225
7 6732514 5753265700
7 6732541 5756569955
7 6734125 5756048081
7 6734152 5754229412
7 6734215 5756099663
7 6734251 5754737963
7 6734512 5763318841
7 6734521 5763318841
7 6735124 5754642759
7 6735142 5752130034
7 6735214 5752356932
7 6735241 5755297420
7 6735412 5757640794
7 6735421 5757640794
7 6741235 5756547318
7 6741253 5751750277
7 6741325 5753937528
7 6741352 5749491746
7 6741523 5754642759
7 6741532 5752356932
7 6742135 5753930826
7 6742153 5753664350
7 6742315 5756314076
7 6742351 5754769573
7 6742513 5752130034
7 6742531 5755297420
7 6743125 5756045336
7 6743152 5751831878
7 6743215 5759042809
7 6743251 5756186505
7 6743512 5757640794
7 6743521 5757640794
7 6745123 5763240379
7 6745132 5760236970
7 6745213 5760236970
7 6745231 5763391254
7 6745312 5763240379
7 6745321 5763240379
7 6751234 5763075506
7 6751243 5759471442
7 6751324 5759777336
7 6751342 5757320061
7 6751423 5757349273
7 6751432 5759176331
7 6752134 5759471442
7 6752143 5759353863
7 6752314 5757320061
7 6752341 5763294331
7 6752413 5757627778
7 6752431 5757974016
7 6753124 5757349273
7 6753142 5757627778
7 6753214 5759176331
7 6753241 5757974016
7 6753412 5763240379
7 6753421 5763240379
7 6754123 5763075506
7 6754132 5760176702
7 6754213 5760176702
7 6754231 5763222079
7 6754312 5763075506
7 6754321 5763075506
7 7123456 5763075506
7 7123465 5760025870
7 7123546 5759877115
7 7123564 5756879825
7 7123645 5756571236
7 7123654 5759270540
7 7124356 5759612141
7 7124365 5759448493
7 7124536 5754156090
7 7124563 5755881444
7 7124635 5754249751
7 7124653 5753659670
7 7125346 5754294902
7 7125364 5753956762
7 7125436 5759096706
7 7125463 5753297194
7 7125634 5755544031
7 7125643 5755629623
7 7126345 5755722769
7 7126354 5753492089
7 7126435 5753464616
7 7126453 5755895714
7 7126534 5755565471
7 7126543 5759197456
7 7132456 5759877115
7 7132465 5759189984
7 7132546 5759836191
7 7132564 5756137019
7 7132645 5756137170
7 7132654 5759111453
7 7134256 5754156090
7 7134265 5753866303
7 7134526 5752837970
7 7134562 5756696045
7 7134625 5748416222
7 7134652 5752634198
7 7135246 5752295286
7 7135264 5748799641
7 7135426 5751051264
7 7135462 5752964248
7 7135624 5750557953
7 7135642 5750816612
7 7136245 5748900475
7 7136254 5751094855
7 7136425 5746038812
7 7136452 5750523554
7 7136524 5748294480
7 7136542 5753058808
7 7142356 5754294902
7 7142365 5753944325
7 7142536 5752295286
7 7142563 5749167310
7 7142635 5749181799
7 7142653 5751048323
7 7143256 5759096706
7 7143265 5759111701
7 7143526 5751051264
7 7143562 5752660508
7 7143625 5750607991
7 7143652 5752657971
7 7145236 5752920685
7 7145263 5749955272
7 7145326 5753022522
7 7145362 5750223733
7 7145623 5755918591
7 7145632 5755889547
7 7146235 5750020460
7 7146253 5748155200
7 7146325 5748454455
7 7146352 5750890955
7 7146523 5752458902
7 7146532 5752778929
7 7152346 5753341095
7 7152364 5748406945
7 7152436 5751155956
7 7152463 5746052266
7 7152634 5750844367
7 7152643 5748620287
7 7153246 5751155956
7 7153264 5750675863
7 7153426 5753446565
7 7153462 5750041931
7 7153624 5748276312
7 7153642 5750901242
7 7154236 5753055229
7 7154263 5748404608
7 7154326 5759013294
7 7154362 5752718283
7 7154623 5752425830
7 7154632 5752997075
7 7156234 5755924833
7 7156243 5752956033
7 7156324 5752944158
7 7156342 5756255866
7 7156423 5755613476
7 7156432 5756535533
7 7162345 5756843229
7 7162354 5753210758
7 7162435 5753504358
7 7162453 5751057848
7 7162534 5751059710
7 7162543 5753488351
7 7163245 5753203053
7 7163254 5753161173
7 7163425 5750514536
7 7163452 5755772684
7 7163524 5751333392
7 7163542 5751499162
7 7164235 5750785697
7 7164253 5751367135
7 7164325 5753330903
7 7164352 5751123941
7 7164523 5756234146
7 7164532 5756389654
7 7165234 5755860902
7 7165243 5753228378
7 7165324 5753488676
7 7165342 5756385067
7 7165423 5756465682
7 7165432 5759658647
7 7213456 5760025870
7 7213465 5758932186
7 7213546 5759189984
7 7213564 5756091819
7 7213645 5756032840
7 7213654 5758851147
7 7214356 5759448493
7 7214365 5759685982
7 7214536 5753866303
7 7214563 5755373024
7 7214635 5753663015
7 7214653 5753256969
7 7215346 5753944325
7 7215364 5753663411
7 7215436 5759111701
7 7215463 5753230852
7 7215634 5755439693
7 7215643 5755558626
7 7216345 5755366957
7 7216354 5753387947
7 7216435 5753458397
7 7216453 5755844095
7 7216534 5755538084
7 7216543 5759200372
7 7231456 5756879825
7 7231465 5756091819
7 7231546 5756137019
7 7231564 5754596439
7 7231645 5754518233
7 7231654 5756125590
7 7234156 5755881444
7 7234165 5755373024
7 7234516 5756696045
7 7234561 5763281380
7 7234615 5750934052
7 7234651 5757072767
7 7235146 5749167310
7 7235164 5747738400
7 7235416 5752660508
7 7235461 5756776705
7 7235614 5749930064
7 7235641 5753630663
7 7236145 5748772603
7 7236154 5749847427
7 7236415 5747336081
7 7236451 5753630663
7 7236514 5748858113
7 7236541 5755684551
7 7241356 5753956762
7 7241365 5753663411
7 7241536 5748799641
7 7241563 5747738400
7 7241635 5747747752
7 7241653 5747830654
7 7243156 5753297194
7 7243165 5753230852
7 7243516 5752964248
7 7243561 5756776705
7 7243615 5749885253
7 7243651 5756492089
7 7245136 5749955272
7 7245163 5749254428
7 7245316 5750223733
7 7245361 5751468220
7 7245613 5753861815
7 7245631 5754169111
7 7246135 5748077771
7 7246153 5745283412
7 7246315 5745193132
7 7246351 5751674761
7 7246513 5749944266
7 7246531 5750988738
7 7251346 5748406945
7 7251364 5746016322
7 7251436 5750675863
7 7251463 5745429685
7 7251634 5747713891
7 7251643 5747446319
7 7253146 5746052266
7 7253164 5745429685
7 7253416 5750041931
7 7253461 5751468220
7 7253614 5745709290
7 7253641 5751674761
7 7254136 5748404608
7 7254163 5746155180
7 7254316 5752718283
7 7254361 5755370686
7 7254613 5749627976
7 7254631 5750786635
7 7256134 5750054521
7 7256143 5749771280
7 7256314 5747346636
7 7256341 5753354768
7 7256413 5749989188
7 7256431 5753305090
7 7261345 5750772040
7 7261354 5749839925
7 7261435 5750365532
7 7261453 5749881841
7 7261534 5750193780
7 7261543 5753247893
7 7263145 5747743187
7 7263154 5747220791
7 7263415 5747028238
7 7263451 5754169111
7 7263514 5745573969
7 7263541 5750988738
7 7264135 5745592779
7 7264153 5745851472
7 7264315 5746901441
7 7264351 5750786635
7 7264513 5750433904
7 7264531 5753539286
7 7265134 5749224233
7 7265143 5749853887
7 7265314 5747681796
7 7265341 5753305090
7 7265413 5750706288
7 7265431 5756324671
7 7312456 5756571236
7 7312465 5756032840
7 7312546 5756137170
7 7312564 5754518233
7 7312645 5754538220
7 7312654 5756124954
7 7314256 5754249751
7 7314265 5753663015
7 7314526 5748416222
7 7314562 5750934052
7 7314625 5746047407
7 7314652 5749394949
7 7315246 5749181799
7 7315264 5747747752
7 7315426 5750607991
7 7315462 5749885253
7 7315624 5747404624
7 7315642 5749746069
7 7316245 5747425411
7 7316254 5747722842
7 7316425 5745453898
7 7316452 5749398361
7 7316524 5747049166
7 7316542 5752777177
7 7321456 5759270540
7 7321465 5758851147
7 7321546 5759111453
7 7321564 5756125590
7 7321645 5756124954
7 7321654 5759172607
7 7324156 5753659670
7 7324165 5753256969
7 7324516 5752634198
7 7324561 5757072767
7 7324615 5749394949
7 7324651 5755329645
7 7325146 5751048323
7 7325164 5747830654
7 7325416 5752657971
7 7325461 5756492089
7 7325614 5749304432
7 7325641 5752771191
7 7326145 5749756841
7 7326154 5752516634
7 7326415 5746880631
7 7326451 5752771191
7 7326514 5749623419
7 7326541 5755703839
7 7341256 5755544031
7 7341265 5755439693
7 7341526 5750557953
7 7341562 5749930064
7 7341625 5747404624
7 7341652 5749304432
7 7342156 5755629623
7 7342165 5755558626
7 7342516 5750816612
7 7342561 5753630663
7 7342615 5749746069
7 7342651 5752771191
7 7345126 5755918591
7 7345162 5753861815
7 7345216 5755889547
7 7345261 5754169111
7 7345612 5763306646
7 7345621 5763306646
7 7346125 5750344212
7 7346152 5747951936
7 7346215 5749525060
7 7346251 5749274923
7 7346512 5756760225
7 7346521 5756760225
7 7351246 5750844367
7 7351264 5747713891
7 7351426 5748276312
7 7351462 5745709290
7 7351624 5747451787
7 7351642 5745303338
7 7352146 5748620287
7 7352164 5747446319
7 7352416 5750901242
7 7352461 5751674761
7 7352614 5745303338
7 7352641 5749089281
7 7354126 5752425830
7 7354162 5749627976
7 7354216 5752997075
7 7354261 5750786635
7 7354612 5757222741
7 7354621 5757222741
7 7356124 5753648423
7 7356142 5748754503
7 7356214 5750738702
7 7356241 5752323832
7 7356412 5754769573
7 7356421 5754769573
7 7361245 5749993529
7 7361254 5749775824
7 7361425 5745914668
7 7361452 5746716800
7 7361524 5745478623
7 7361542 5749544956
7 7362145 5749295055
7 7362154 5750067835
7 7362415 5745581752
7 7362451 5749274923
7 7362514 5747983289
7 7362541 5750641620
7 7364125 5747419009
7 7364152 5746174580
7 7364215 5747794825
7 7364251 5746880013
7 7364512 5754737963
7 7364521 5754737963
7 7365124 5750522801
7 7365142 5748077633
7 7365214 5749297890
7 7365241 5749687306
7 7365412 5756186505
7 7365421 5756186505
7 7412356 5755722769
7 7412365 5755366957
7 7412536 5748900475
7 7412563 5748772603
7 7412635 5747425411
7 7412653 5749756841
7 7413256 5753464616
7 7413265 5753458397
7 7413526 5746038812
7 7413562 5747336081
7 7413625 5745453898
7 7413652 5746880631
7 7415236 5750020460
7 7415263 5748077771
7 7415326 5748454455
7 7415362 5745193132
7 7415623 5750344212
7 7415632 5749525060
7 7416235 5749759795
7 7416253 5745042411
7 7416325 5746239843
7 7416352 5745507796
7 7416523 5749480148
7 7416532 5749579874
7 7421356 5753492089
7 7421365 5753387947
7 7421536 5751094855
7 7421563 5749847427
7 7421635 5747722842
7 7421653 5752516634
7 7423156 5755895714
7 7423165 5755844095
7 7423516 5750523554
7 7423561 5753630663
7 7423615 5749398361
7 7423651 5752771191
7 7425136 5748155200
7 7425163 5745283412
7 7425316 5750890955
7 7425361 5751674761
7 7425613 5747951936
7 7425631 5749274923
7 7426135 5745042411
7 7426153 5747175600
7 7426315 5745507796
7 7426351 5749089281
7 7426513 5747706302
7 7426531 5750641620
7 7431256 5755565471
7 7431265 5755538084
7 7431526 5748294480
7 7431562 5748858113
7 7431625 5747049166
7 7431652 5749623419
7 7432156 5759197456
7 7432165 5759200372
7 7432516 5753058808
7 7432561 5755684551
7 7432615 5752777177
7 7432651 5755703839
7 7435126 5752458902
7 7435162 5749944266
7 7435216 5752778929
7 7435261 5750988738
7 7435612 5756760225
7 7435621 5756760225
7 7436125 5749480148
7 7436152 5747706302
7 7436215 5749579874
7 7436251 5750641620
7 7436512 5756569955
7 7436521 5756569955
7 7451236 5755924833
7 7451263 5750054521
7 7451326 5752944158
7 7451362 5747346636
7 7451623 5753648423
7 7451632 5750738702
7 7452136 5752956033
7 7452163 5749771280
7 7452316 5756255866
7 7452361 5753354768
7 7452613 5748754503
7 7452631 5752323832
7 7453126 5755613476
7 7453162 5749989188
7 7453216 5756535533
7 7453261 5753305090
7 7453612 5754769573
7 7453621 5754769573
7 7456123 5763294331
7 7456132 5760255594
7 7456213 5760255594
7 7456231 5763446116
7 7456312 5763294331
7 7456321 5763294331
7 7461235 5754304232
7 7461253 5748303146
7 7461325 5750610821
7 7461352 5746653960
7 7461523 5748992427
7 7461532 5748586903
7 7462135 5750944971
7 7462153 5748562705
7 7462315 5751049662
7 7462351 5752323832
7 7462513 5748624503
7 7462531 5749921907
7 7463125 5750578544
7 7463152 5747301473
7 7463215 5751369615
7 7463251 5749687306
7 7463512 5755297420
7 7463521 5755297420
7 7465123 5757974016
7 7465132 5756360170
7 7465213 5756360170
7 7465231 5758031805
7 7465312 5757974016
7 7465321 5757974016
7 7512346 5756843229
7 7512364 5750772040
7 7512436 5753203053
7 7512463 5747743187
7 7512634 5749993529
7 7512643 5749295055
7 7513246 5753504358
7 7513264 5750365532
7 7513426 5750514536
7 7513462 5747028238
7 7513624 5745914668
7 7513642 5745581752
7 7514236 5750785697
7 7514263 5745592779
7 7514326 5753330903
7 7514362 5746901441
7 7514623 5747419009
7 7514632 5747794825
7 7516234 5754304232
7 7516243 5750944971
7 7516324 5750610821
7 7516342 5751049662
7 7516423 5750578544
7 7516432 5751369615
7 7521346 5753210758
7 7521364 5749839925
7 7521436 5753161173
7 7521463 5747220791
7 7521634 5749775824
7 7521643 5750067835
7 7523146 5751057848
7 7523164 5749881841
7 7523416 5755772684
7 7523461 5754169111
7 7523614 5746716800
7 7523641 5749274923
7 7524136 5751367135
7 7524163 5745851472
7 7524316 5751123941
7 7524361 5750786635
7 7524613 5746174580
7 7524631 5746880013
7 7526134 5748303146
7 7526143 5748562705
7 7526314 5746653960
7 7526341 5752323832
7 7526413 5747301473
7 7526431 5749687306
7 7531246 5751059710
7 7531264 5750193780
7 7531426 5751333392
7 7531462 5745573969
7 7531624 5745478623
7 7531642 5747983289
7 7532146 5753488351
7 7532164 5753247893
7 7532416 5751499162
7 7532461 5750988738
7 7532614 5749544956
7 7532641 5750641620
7 7534126 5756234146
7 7534162 5750433904
7 7534216 5756389654
7 7534261 5753539286
7 7534612 5754737963
7 7534621 5754737963
7 7536124 5748992427
7 7536142 5748624503
7 7536214 5748586903
7 7536241 5749921907
7 7536412 5755297420
7 7536421 5755297420
7 7541236 5755860902
7 7541263 5749224233
7 7541326 5753488676
7 7541362 5747681796
7 7541623 5750522801
7 7541632 5749297890
7 7542136 5753228378
7 7542163 5749853887
7 7542316 5756385067
7 7542361 5753305090
7 7542613 5748077633
7 7542631 5749687306
7 7543126 5756465682
7 7543162 5750706288
7 7543216 5759658647
7 7543261 5756324671
7 7543612 5756186505
7 7543621 5756186505
7 7546123 5757974016
7 7546132 5756360170
7 7546213 5756360170
7 7546231 5758031805
7 7546312 5757974016
7 7546321 5757974016
7 7561234 5763222079
7 7561243 5759510643
7 7561324 5759819201
7 7561342 5757363907
7 7561423 5757391769
7 7561432 5759208167
7 7562134 5759510643
7 7562143 5759388937
7 7562314 5757363907
7 7562341 5763446116
7 7562413 5757678623
7 7562431 5758031805
7 7563124 5757391769
7 7563142 5757678623
7 7563214 5759208167
7 7563241 5758031805
7 7563412 5763391254
7 7563421 5763391254
7 7564123 5763222079
7 7564132 5760310388
7 7564213 5760310388
7 7564231 5763369003
7 7564312 5763222079
7 7564321 5763222079
7 7612345 5763075506
7 7612354 5759449766
7 7612435 5759336230
7 7612453 5756431896
7 7612534 5756148314
7 7612543 5758652905
7 7613245 5759336230
7 7613254 5759183779
7 7613425 5754083888
7 7613452 5756374823
7 7613524 5754314401
7 7613542 5753682216
7 7614235 5754504805
7 7614253 5754261497
7 7614325 5758555205
7 7614352 5753442154
7 7614523 5756048081
7 7614532 5756099663
7 7615234 5756547318
7 7615243 5753930826
7 7615324 5753937528
7 7615342 5756314076
7 7615423 5756045336
7 7615432 5759042809
7 7621345 5759449766
7 7621354 5758444350
7 7621435 5759183779
7 7621453 5755791757
7 7621534 5755806253
7 7621543 5758662686
7 7623145 5756431896
7 7623154 5755791757
7 7623415 5756374823
7 7623451 5763306646
7 7623514 5751948351
7 7623541 5756760225
7 7624135 5754261497
7 7624153 5751684429
7 7624315 5753442154
7 7624351 5757222741
7 7624513 5754229412
7 7624531 5754737963
7 7625134 5751750277
7 7625143 5753664350
7 7625314 5749491746
7 7625341 5754769573
7 7625413 5751831878
7 7625431 5756186505
7 7631245 5756148314
7 7631254 5755806253
7 7631425 5754314401
7 7631452 5751948351
7 7631524 5751588580
7 7631542 5753265700
7 7632145 5758652905
7 7632154 5758662686
7 7632415 5753682216
7 7632451 5756760225
7 7632514 5753265700
7 7632541 5756569955
7 7634125 5756048081
7 7634152 5754229412
7 7634215 5756099663
7 7634251 5754737963
7 7634512 5763318841
7 7634521 5763318841
7 7635124 5754642759
7 7635142 5752130034
7 7635214 5752356932
7 7635241 5755297420
7 7635412 5757640794
7 7635421 5757640794
7 7641235 5756547318
7 7641253 5751750277
7 7641325 5753937528
7 7641352 5749491746
7 7641523 5754642759
7 7641532 5752356932
7 7642135 5753930826
7 7642153 5753664350
7 7642315 5756314076
7 7642351 5754769573
7 7642513 5752130034
7 7642531 5755297420
7 7643125 5756045336
7 7643152 5751831878
7 7643215 5759042809
7 7643251 5756186505
7 7643512 5757640794
7 7643521 5757640794
7 7645123 5763240379
7 7645132 5760236970
7 7645213 5760236970
7 7645231 5763391254
7 7645312 5763240379
7 7645321 5763240379
7 7651234 5763075506
7 7651243 5759471442
7 7651324 5759777336
7 7651342 5757320061
7 7651423 5757349273
7 7651432 5759176331
7 7652134 5759471442
7 7652143 5759353863
7 7652314 5757320061
7 7652341 5763294331
7 7652413 5757627778
7 7652431 5757974016
7 7653124 5757349273
7 7653142 5757627778
7 7653214 5759176331
7 7653241 5757974016
7 7653412 5763240379
7 7653421 5763240379
7 7654123 5763075506
7 7654132 5760176702
7 7654213 5760176702
7 7654231 5763222079
7 7654312 5763075506
7 7654321 5763075506
